body_index,force_x,force_y
0,4434.48,-3186.48
1,-1.10344e+08,1.13928e+08
2,3.5586e+07,1.33726e+08
3,-6.1913e+06,1.50577e+08
4,9.16273e+07,1.16796e+08
5,6.22846e+07,-1.31255e+08
6,-1.10071e+08,-9.44582e+07
7,1.3019e+08,-1.15226e+07
8,-1.4115e+08,7.35731e+06
9,8.64618e+07,-1.24553e+08
10,9.62061e+07,-9.84909e+07
11,1.36499e+08,1.07076e+07
12,4.02869e+07,1.26585e+08
13,-1.29335e+08,-315949
14,8.71519e+07,-9.99741e+07
15,-1.30451e+08,-1.18004e+07
16,1.32484e+08,4.77764e+06
17,-1.20903e+08,-1.12371e+07
18,-9.14794e+07,7.63222e+07
19,-5.79651e+06,-1.17528e+08
20,1.19411e+08,1.07944e+07
21,9.05946e+06,1.1242e+08
22,5.75854e+07,9.54661e+07
23,9.72842e+07,-4.33659e+07
24,2.53765e+07,-1.03403e+08
25,-4.73929e+07,-9.10705e+07
26,-9.60126e+07,3.2346e+07
27,-7.11311e+07,7.89338e+07
28,-9.86366e+07,2.5576e+07
29,-3.50383e+07,9.37366e+07
30,-7.47111e+07,-6.91043e+07
31,4.95096e+07,8.53489e+07
32,-1.03155e+08,-1.9735e+06
33,-6.13313e+07,-6.18994e+07
34,-5.23447e+07,8.11744e+07
35,-4.7568e+06,-9.37575e+07
36,-9.18035e+07,-7.9386e+06
37,5.28574e+07,7.52719e+07
38,-8.45253e+07,-3.6381e+07
39,-4.5337e+07,-8.59604e+07
40,8.33422e+07,-4.09013e+07
41,4.06021e+07,-8.06335e+07
42,-8.57886e+07,-2.8562e+07
43,8.59917e+07,2.60708e+07
44,-4.69139e+07,-7.65539e+07
45,-6.95649e+06,8.48157e+07
46,-8.12692e+07,-2.33322e+07
47,4.49228e+07,6.05999e+07
48,7.69294e+07,2.98094e+07
49,-3.53536e+07,-6.90833e+07
50,-1.107e+07,8.1793e+07
51,5.50615e+07,-5.96344e+07
52,-2.6391e+07,7.96526e+07
53,-7.48109e+07,1.76601e+07
54,-3.09946e+07,-7.57647e+07
55,-7.97069e+07,-1.81502e+07
56,2.59584e+07,7.23246e+07
57,4.61341e+07,7.43403e+07
58,-5.64867e+07,-5.46733e+07
59,-1.5381e+07,-7.46723e+07
60,-6.77567e+07,-2.96421e+07
61,-7.08829e+07,2.09963e+07
62,-4.89671e+07,-4.51592e+07
63,-4.16725e+07,-5.74746e+07
64,-1.7503e+07,-7.27762e+07
65,-5.45566e+07,4.12e+07
66,3.46959e+07,6.34135e+07
67,-6.99414e+07,2.17955e+07
68,-6.95219e+07,1.0961e+07
69,-3.92084e+07,-6.21564e+07
70,5.22985e+07,-4.29314e+07
71,6.41602e+07,-2.62228e+07
72,-6.60842e+07,-1.59112e+07
73,-2.05784e+06,-6.47228e+07
74,-6.49278e+07,-3.23524e+07
75,-3.94563e+07,-5.18656e+07
76,4.00982e+07,4.96468e+07
77,3.44662e+07,-4.68189e+07
78,2.78499e+07,5.60828e+07
79,1.43834e+07,-6.19204e+07
80,5.34865e+07,2.29417e+07
81,-6.05928e+07,3.90905e+06
82,-3.98726e+07,-4.49084e+07
83,3.92309e+07,-4.66933e+07
84,1.0865e+07,-5.71691e+07
85,4.32428e+07,3.83027e+07
86,4.46347e+07,-3.98175e+07
87,5.40577e+07,2.43739e+07
88,-3.58982e+07,-4.77373e+07
89,-1.41594e+07,-5.55328e+07
90,3.80794e+07,-4.94147e+07
91,-9.20617e+06,-5.20275e+07
92,-2.3935e+07,-5.07622e+07
93,1.81361e+07,5.45821e+07
94,1.30799e+07,-5.33002e+07
95,4.01294e+06,5.58408e+07
96,-4.72557e+07,2.11685e+07
97,-5.20851e+07,-1.98604e+07
98,3.68711e+07,4.13105e+07
99,-5.51149e+07,1.04463e+07
100,-6.98135e+06,-5.82401e+07
101,5.20916e+07,-5.60925e+06
102,2.66438e+07,-4.73063e+07
103,-1.93455e+07,4.85628e+07
104,-2.48731e+07,4.65059e+07
105,-4.43048e+07,-3.96376e+07
106,4.50891e+07,2.36797e+07
107,3.3772e+07,-3.91977e+07
108,4.96676e+07,2.51543e+06
109,-2.60874e+07,4.37155e+07
110,-4.33189e+07,-2.70932e+07
111,4.38681e+07,-2.01238e+07
112,3.21679e+06,4.96424e+07
113,-3.85016e+07,2.85653e+07
114,4.62158e+07,-1.21052e+07
115,-4.79385e+07,1.51653e+07
116,-8.96774e+06,-4.77943e+07
117,-1.8697e+06,-4.58065e+07
118,4.64882e+07,-956238
119,-4.5617e+07,-7.16959e+06
120,-1.92997e+07,4.54549e+07
121,4.76689e+07,518313
122,-3.31549e+07,-3.12371e+07
123,2.79154e+07,-3.67778e+07
124,-3.16377e+07,3.12501e+07
125,4.29351e+07,1.53998e+07
126,3.96248e+07,2.29482e+07
127,3.67391e+07,2.77932e+07
128,-1.19623e+07,4.22345e+07
129,-3.42769e+07,2.92408e+07
130,1.71868e+07,4.01336e+07
131,4.10969e+07,-1.6211e+07
132,-1.88547e+07,3.92679e+07
133,-1.67522e+07,-4.25e+07
134,-3.88761e+07,2.01048e+07
135,1.20369e+07,4.17393e+07
136,-2.43117e+07,-3.42624e+07
137,-1.30425e+07,-3.71423e+07
138,3.97967e+07,6.27211e+06
139,-1.26604e+07,-3.49393e+07
140,384962,-4.59904e+07
141,3.82968e+07,2.41832e+07
142,-1.43865e+07,-3.37229e+07
143,-1.83655e+06,-4.10348e+07
144,7.68871e+06,3.84153e+07
145,-3.46332e+07,1.00654e+07
146,-6.43131e+06,3.60435e+07
147,-3.25551e+07,2.24731e+07
148,-4.49566e+07,-4.02176e+06
149,2.70104e+07,-2.51017e+07
150,3.67777e+07,-9.10404e+06
151,2.93933e+06,-4.35074e+07
152,3.47313e+07,1.30484e+07
153,-4.57188e+07,-4.51081e+06
154,-1.51775e+07,4.02765e+07
155,-3.53393e+07,-1.48801e+07
156,1.62164e+07,-3.30591e+07
157,-3.68016e+07,7.4951e+06
158,-2.07802e+07,3.18404e+07
159,-2.98452e+07,1.63242e+07
160,3.74255e+07,-2.11712e+07
161,-3.82438e+07,1.04933e+07
162,3.62584e+07,-9.68383e+06
163,2.92791e+07,-2.43374e+07
164,2.11336e+07,-2.8833e+07
165,1.49687e+07,-3.38311e+07
166,-3.83921e+07,4.83675e+06
167,3.42487e+07,-1.5628e+07
168,3.63484e+07,2.04053e+07
169,1.17032e+07,3.45534e+07
170,-1.18116e+07,3.3323e+07
171,-3.93285e+07,3.39873e+06
172,-2.6889e+07,2.01601e+07
173,3.42843e+07,6.84864e+06
174,3.39339e+07,-6.76817e+06
175,-1.48587e+07,-3.22471e+07
176,1.33646e+07,-3.15742e+07
177,-3.01963e+07,-1.46676e+07
178,3.58455e+07,1.93803e+06
179,2.52499e+07,-2.23767e+07
180,-1.16301e+06,-3.43695e+07
181,-2.30777e+07,2.60802e+07
182,3.07531e+07,-1.51237e+07
183,3.36344e+07,-6.07299e+06
184,-2.83937e+07,-2.07839e+07
185,-1.35592e+07,-3.34501e+07
186,-2.85138e+07,-1.28844e+07
187,3.18457e+07,-5.07579e+06
188,3.31786e+07,1.17835e+06
189,1.62388e+07,3.00739e+07
190,2.5799e+07,2.11234e+07
191,1.90236e+07,2.42138e+07
192,9.05955e+06,2.96078e+07
193,6.48877e+06,3.32885e+07
194,1.76398e+07,2.34123e+07
195,2.86296e+07,1.53846e+07
196,-8.9958e+06,2.63809e+07
197,4.36692e+06,-3.05005e+07
198,-5.70911e+06,3.21185e+07
199,-3.17872e+07,1.16061e+06
200,-2.47958e+07,-1.8821e+07
201,1.73972e+07,2.66393e+07
202,1.86733e+06,-2.96295e+07
203,1.26532e+07,2.76316e+07
204,-1.00844e+07,2.76773e+07
205,-1.56116e+07,2.88396e+07
206,-1.49721e+07,2.70287e+07
207,2.86675e+07,8.1356e+06
208,-2.83053e+07,-1.24836e+07
209,-2.03714e+07,-2.16119e+07
210,7.62942e+06,-3.05772e+07
211,-8.80403e+06,-2.83854e+07
212,-3.93642e+06,2.80747e+07
213,-2.38807e+07,-1.83165e+07
214,1.69174e+07,-2.48094e+07
215,-2.00299e+07,-2.34444e+07
216,2.52199e+07,-1.65449e+07
217,9.95886e+06,2.75365e+07
218,-2.7917e+07,-849776
219,2.06326e+07,1.90845e+07
220,782872,-2.67359e+07
221,2.42001e+07,1.51295e+07
222,-2.82725e+07,-1.08314e+07
223,-1.95429e+07,2.04406e+07
224,2.81819e+07,8.95349e+06
225,2.89079e+07,-6.76154e+06
226,-2.74699e+07,8.17022e+06
227,2.66291e+07,-1.01127e+07
228,9.72839e+06,-2.49689e+07
229,-7.07186e+06,2.6874e+07
230,-1.1466e+07,2.6204e+07
231,-2.70603e+07,-1.42558e+06
232,2.38998e+07,1.36336e+07
233,1.05627e+07,2.70865e+07
234,1.07089e+07,-2.43932e+07
235,-1.07756e+07,-2.58758e+07
236,-1.80959e+07,2.06252e+07
237,1.52599e+07,-1.99471e+07
238,5.33548e+06,-2.60068e+07
239,-1.81956e+07,-2.13583e+07
240,4.51821e+06,2.57081e+07
241,2.45035e+06,-2.96489e+07
242,-2.55491e+07,-7.89196e+06
243,-1.09985e+06,-2.46611e+07
244,1.74995e+07,1.8059e+07
245,2.58265e+07,4.02863e+06
246,1.63561e+07,-2.01409e+07
247,-1.80965e+07,2.06224e+07
248,2.35273e+07,-1.22589e+07
249,1.66903e+07,1.9154e+07
250,8.964e+06,2.41749e+07
251,-3.82579e+06,2.56878e+07
252,-2.51974e+07,5.23296e+06
253,1.1888e+07,-2.37611e+07
254,-2.38128e+07,6.87693e+06
255,7.57503e+06,-2.30239e+07
256,1.66771e+07,-1.91313e+07
257,2.58903e+07,335075
258,2.07858e+07,1.32818e+07
259,1.28349e+07,-2.50181e+07
260,-2.05688e+07,-1.70587e+07
261,-1.403e+07,-2.02662e+07
262,3.34021e+06,-2.47388e+07
263,2.56382e+07,4.95684e+06
264,1.83584e+07,-1.76215e+07
265,1.76233e+07,1.62763e+07
266,-2.29886e+07,-8.88759e+06
267,-9.15662e+06,2.39217e+07
268,-2.46073e+07,-6.0337e+06
269,-2.25533e+07,-8.11135e+06
270,-2.66734e+07,-2.93988e+06
271,1.68632e+07,1.9213e+07
272,2.3462e+07,-5.26258e+06
273,-1.17622e+07,2.12107e+07
274,3.23587e+06,2.35818e+07
275,-2.19446e+07,1.53708e+06
276,1.75221e+07,-1.76994e+07
277,-1.38414e+07,1.69746e+07
278,-2.17496e+07,-1.1871e+07
279,-2.02672e+07,1.85128e+07
280,1.69056e+07,-1.82634e+07
281,-2.13514e+07,-1.22332e+07
282,1.0569e+07,-2.30013e+07
283,2.0606e+07,-1.05982e+07
284,8.47615e+06,2.23708e+07
285,2.36233e+07,5.31566e+06
286,2.61202e+07,-4.59166e+06
287,-1.87732e+07,1.48773e+07
288,2.02802e+07,-1.08187e+07
289,-2.25904e+07,-9.94421e+06
290,5.23853e+06,2.17311e+07
291,1.97553e+07,1.02395e+07
292,2.07397e+07,-8.95827e+06
293,1.44124e+07,1.91364e+07
294,1.80276e+07,1.24213e+07
295,1.21112e+07,-1.99789e+07
296,4.45841e+06,-2.26563e+07
297,-1.35649e+07,-1.83594e+07
298,1.78028e+07,1.61349e+07
299,1.94165e+07,-1.38997e+07
300,1.67126e+07,1.6948e+07
301,-1.08589e+07,-2.04863e+07
302,2.05116e+07,1.14902e+07
303,-4.84282e+06,-2.02859e+07
304,2.38484e+07,-9.5199e+06
305,5.13091e+06,-2.3117e+07
306,4.71941e+06,2.15015e+07
307,1.71978e+07,-1.48854e+07
308,-2.06213e+07,8.78506e+06
309,-1.49838e+07,2.00256e+07
310,-8.29056e+06,-2.04671e+07
311,1.17676e+07,-1.76081e+07
312,1.9691e+07,8.9252e+06
313,1.675e+07,1.61352e+07
314,1.04276e+07,-1.64986e+07
315,-2.25467e+07,-2.49582e+06
316,-1.07252e+07,1.89337e+07
317,-1.37557e+07,-1.80043e+07
318,-2.38955e+07,-3.67436e+06
319,1.47927e+06,2.02172e+07
320,-6.75187e+06,-1.93108e+07
321,-2.75995e+06,-2.17254e+07
322,-6.44046e+06,-1.92391e+07
323,7.24342e+06,1.96239e+07
324,1.45451e+07,-1.65848e+07
325,-808264,2.3042e+07
326,1.39011e+07,-1.89093e+07
327,1.80046e+07,1.29682e+07
328,4.48378e+06,2.19457e+07
329,2.38928e+06,1.90071e+07
330,-2.1996e+07,-18877.1
331,2.03083e+07,5.82009e+06
332,-1.60815e+07,-1.20417e+07
333,1.60641e+07,1.49974e+07
334,-406474,-2.14958e+07
335,3.60789e+06,-2.16117e+07
336,-7.10598e+06,1.98715e+07
337,-1.56541e+07,1.31206e+07
338,-2.3682e+07,-971722
339,-964906,2.05429e+07
340,309292,2.04947e+07
341,-1.67372e+07,-1.31103e+07
342,1.39232e+07,-1.82209e+07
343,2.08164e+07,-4.62096e+06
344,6.95864e+06,1.9041e+07
345,-1.99582e+07,4.35443e+06
346,-8.51277e+06,1.83816e+07
347,-2.03713e+07,2.48223e+06
348,-1.58008e+07,-1.37138e+07
349,-2.0634e+07,3.10424e+06
350,1.30111e+07,1.57179e+07
351,1.09392e+07,1.69973e+07
352,-5.24419e+06,-1.92361e+07
353,-1.27e+07,1.58928e+07
354,-1.75573e+07,-1.02477e+07
355,1.92351e+07,-7.87617e+06
356,-5.36485e+06,-1.99435e+07
357,1.40656e+06,2.01846e+07
358,-1.85427e+07,6.8996e+06
359,1.28814e+07,1.58966e+07
360,2.00188e+07,-7.43621e+06
361,1.24289e+07,-1.66033e+07
362,-4.46014e+06,1.86697e+07
363,-1.95081e+07,-5.16412e+06
364,1.53272e+07,-8.68433e+06
365,-1.70822e+07,-7.82376e+06
366,-3.55901e+06,-1.89782e+07
367,5.8989e+06,1.93792e+07
368,-1.99601e+07,1.179e+06
369,-3.00727e+06,1.90565e+07
370,-9.03116e+06,1.74207e+07
371,-5.58772e+06,-1.88822e+07
372,1.45001e+06,1.79277e+07
373,7.65433e+06,1.82154e+07
374,-5.22337e+06,1.98324e+07
375,1.76862e+06,1.88945e+07
376,-1.34034e+07,1.32584e+07
377,-1.76289e+07,-1.05606e+06
378,1.87683e+07,3.84497e+06
379,399421,-1.97449e+07
380,1.43839e+07,1.31933e+07
381,-1.24589e+06,1.97994e+07
382,1.59966e+07,-8.36794e+06
383,1.83952e+07,-8.70622e+06
384,1.87609e+07,-1.59014e+06
385,5.06663e+06,-1.8041e+07
386,8.34772e+06,-1.67148e+07
387,-6.32578e+06,1.78475e+07
388,-1.90347e+07,-1.94707e+06
389,1.39901e+07,-1.31374e+07
390,1.71726e+07,8.43897e+06
391,-71602.7,1.98034e+07
392,1.03403e+06,-1.90816e+07
393,1.77714e+07,-4.8397e+06
394,-1.88998e+07,2.39217e+06
395,1.76312e+07,-9.46916e+06
396,-196648,1.85361e+07
397,1.42339e+07,1.07883e+07
398,1.68723e+07,6.88667e+06
399,-1.62824e+07,-8.99854e+06
400,-1.18391e+07,1.36247e+07
401,8.83518e+06,1.62694e+07
402,-1.0099e+07,1.4868e+07
403,-7.48225e+06,1.64838e+07
404,1.08732e+07,-1.3577e+07
405,-1.32164e+07,-1.18644e+07
406,-5.56049e+06,-1.7714e+07
407,9.46909e+06,1.48147e+07
408,8.7512e+06,-1.6336e+07
409,-1.1652e+07,-1.28429e+07
410,-9.24146e+06,1.51672e+07
411,7.18261e+06,-1.6523e+07
412,-3.60665e+06,-1.78743e+07
413,1.77589e+07,-1.00758e+06
414,1.63793e+07,-7.78684e+06
415,-1.14929e+07,-1.31959e+07
416,1.02468e+07,-1.39273e+07
417,-1.22778e+07,1.20987e+07
418,-4.67846e+06,1.71572e+07
419,1.4436e+07,8.46173e+06
420,-1.71783e+07,-245455
421,-1.26153e+07,1.27489e+07
422,-1.61588e+07,-5.71829e+06
423,-4.94933e+06,-1.79094e+07
424,-1.6942e+07,6.82549e+06
425,-7.61714e+06,1.57699e+07
426,-1.68859e+07,-3.45028e+06
427,-3.61824e+06,-1.73372e+07
428,4.02974e+06,-1.59749e+07
429,-1.73696e+07,-103818
430,1.28138e+07,1.08434e+07
431,-1.44848e+07,7.12569e+06
432,1.12611e+06,1.86522e+07
433,1.67835e+07,-4.08178e+06
434,1.17787e+07,1.17411e+07
435,1.98035e+06,1.8115e+07
436,-1.23319e+07,-1.11584e+07
437,-1.72635e+07,-621520
438,-1.43881e+07,-8.35733e+06
439,4.81229e+06,-1.64024e+07
440,-3.86517e+06,-1.73645e+07
441,-641549,1.68954e+07
442,7.47713e+06,-1.48327e+07
443,-1.66624e+07,-2.25262e+06
444,-6.88853e+06,-1.39994e+07
445,-1.18265e+07,1.11185e+07
446,9.17329e+06,-1.4329e+07
447,-1.81917e+07,-1.45882e+06
448,-8.28292e+06,1.50732e+07
449,1.16179e+07,1.17478e+07
450,-1.68969e+07,-930399
451,1.09838e+07,1.24354e+07
452,1.44586e+07,5.73914e+06
453,-1.10643e+07,-1.17061e+07
454,1.00963e+07,-1.47651e+07
455,-796579,-1.6529e+07
456,3.55159e+06,1.59116e+07
457,1.35008e+07,-9.28038e+06
458,-8.41507e+06,1.24565e+07
459,1.28272e+06,-1.60773e+07
460,-1.03485e+07,1.34761e+07
461,1.27955e+07,9.86167e+06
462,-7.96883e+06,-1.46886e+07
463,9.29681e+06,1.32745e+07
464,-1.61049e+06,1.61398e+07
465,-6.93644e+06,-1.49427e+07
466,-1.20104e+07,9.19245e+06
467,-1.31684e+07,9.84565e+06
468,-3.86442e+06,-1.66513e+07
469,6.08786e+06,1.43483e+07
470,-1.0974e+07,-1.0505e+07
471,4.82327e+06,-1.56278e+07
472,-3.52455e+06,1.47744e+07
473,1.41718e+07,6.77338e+06
474,-1.58089e+07,-4.3476e+06
475,1.59035e+07,1.35551e+06
476,7.55917e+06,1.23159e+07
477,-1.48792e+07,6.35256e+06
478,-1.31643e+07,9.21439e+06
479,-7.5815e+06,-1.4213e+07
480,1.41247e+07,-5.77785e+06
481,-1.06221e+07,1.13575e+07
482,-6.25678e+06,1.46462e+07
483,-8.94508e+06,-1.16969e+07
484,-4.30193e+06,1.50782e+07
485,1.50633e+07,-3.16297e+06
486,-1.29578e+07,-8.08143e+06
487,-1.48527e+07,-2.77204e+06
488,1.42088e+07,5.2626e+06
489,-1.03003e+07,-1.23562e+07
490,7.67467e+06,1.41764e+07
491,-1.07997e+07,-1.08935e+07
492,1.31975e+07,-8.00562e+06
493,1.68021e+07,-2.99699e+06
494,-1.3585e+07,-7.20508e+06
495,-1.52402e+07,2.35244e+06
496,1.01919e+07,-1.16733e+07
497,2.90289e+06,1.56194e+07
498,1.12369e+06,1.6066e+07
499,1.52974e+07,-376638
500,1.50098e+07,-6.10446e+06
501,-1.08889e+07,1.05733e+07
502,1.2283e+06,1.54644e+07
503,1.24192e+07,-9.14392e+06
504,-7.06477e+06,-1.54761e+07
505,-7.85011e+06,-1.27554e+07
506,-2.58816e+06,1.44926e+07
507,5.94836e+06,-1.42637e+07
508,1.36898e+07,6.15798e+06
509,-3.79313e+06,1.53855e+07
510,1.52393e+07,-5.6027e+06
511,-8.5633e+06,-1.21423e+07
512,-1.51275e+07,1.12863e+06
513,1.36406e+07,-7.4333e+06
514,1.32683e+07,6.68514e+06
515,1.4665e+07,-2.00479e+06
516,-253172,1.53198e+07
517,-9.83626e+06,1.14767e+07
518,1.47224e+07,835216
519,318295,1.45565e+07
520,1.21546e+07,7.37867e+06
521,-1.48191e+07,-3.1953e+06
522,-1.43987e+07,-26977.3
523,109738,-1.39779e+07
524,-1.38551e+07,-4.64465e+06
525,-1.18351e+07,-8.52006e+06
526,6.13303e+06,1.22294e+07
527,1.30556e+07,-7.04645e+06
528,-1.36134e+07,4.59473e+06
529,4.6193e+06,1.32075e+07
530,4.25813e+06,-1.37042e+07
531,-9.05603e+06,8.90562e+06
532,-1.23376e+07,-6.71764e+06
533,-1.10876e+07,-9.12507e+06
534,-1.98793e+06,-1.42398e+07
535,-8.77635e+06,1.09688e+07
536,7.14126e+06,1.17932e+07
537,1.12003e+07,6.49982e+06
538,-7.33325e+06,1.21761e+07
539,8.20076e+06,-1.17572e+07
540,8.952e+06,1.09986e+07
541,-1.33343e+07,-5.02136e+06
542,1.39893e+07,2.10988e+06
543,4.33797e+06,1.35488e+07
544,-1.43916e+07,-670102
545,1.32557e+07,-3.81054e+06
546,1.05053e+06,-1.42056e+07
547,2.81546e+06,-1.34232e+07
548,-1.13345e+07,9.49115e+06
549,-1.22789e+07,-7.39116e+06
550,-1.14795e+07,9.96522e+06
551,6.65956e+06,1.21784e+07
552,-1.23389e+07,7.07479e+06
553,1.33252e+07,4.24215e+06
554,-1.19876e+07,5.08776e+06
555,-3.89838e+06,-1.32548e+07
556,-1.39176e+07,1.77489e+06
557,1.04516e+07,-8.91686e+06
558,1.42234e+07,-3.72794e+06
559,-1.09218e+07,-8.4533e+06
560,9.6847e+06,-9.59148e+06
561,-1.12589e+07,8.29123e+06
562,-2.14671e+06,1.36553e+07
563,1.26643e+07,2.4056e+06
564,-1.31386e+07,3.75292e+06
565,1.35544e+07,740595
566,4.27993e+06,1.37028e+07
567,1.24242e+07,-5.21627e+06
568,1.03368e+07,9.04301e+06
569,1.29486e+07,3.03643e+06
570,-9.20758e+06,1.02105e+07
571,-1.1889e+07,-5.60353e+06
572,2.77101e+06,1.34901e+07
573,-1.29424e+07,5.35334e+06
574,6.63588e+06,1.26732e+07
575,1.15175e+07,7.78718e+06
576,-7.94833e+06,1.08465e+07
577,-1.04732e+07,8.64191e+06
578,1.00684e+07,8.64948e+06
579,-1.36155e+07,-913112
580,1.32205e+07,-853951
581,169736,1.34902e+07
582,4.85659e+06,-1.25163e+07
583,7.26167e+06,1.05441e+07
584,1.22248e+07,6.0819e+06
585,77214,-1.31477e+07
586,5.36442e+06,1.1438e+07
587,5.02544e+06,-1.20036e+07
588,-8.25598e+06,1.09208e+07
589,-9.80421e+06,-8.18335e+06
590,-1.64515e+06,1.34844e+07
591,9.66444e+06,-9.05209e+06
592,-1.09118e+07,8.75159e+06
593,-8.93518e+06,-9.76476e+06
594,5.59208e+06,-1.18968e+07
595,-5.57707e+06,1.17013e+07
596,-8.61277e+06,1.03084e+07
597,-2.25034e+06,1.28283e+07
598,9.34286e+06,9.18369e+06
599,-259901,1.24553e+07
600,1.21964e+07,-4.29841e+06
601,1.06029e+07,7.48952e+06
602,1.01184e+07,8.87142e+06
603,1.16563e+07,-5.50585e+06
604,-9.54731e+06,9.75102e+06
605,7.41871e+06,-1.02445e+07
606,1.26402e+06,-1.26163e+07
607,2.48682e+06,-1.22486e+07
608,1.21191e+07,-1.15626e+06
609,-509304,1.26311e+07
610,1.09389e+07,6.76647e+06
611,8.20343e+06,9.60608e+06
612,1.7332e+06,-1.2477e+07
613,5.15561e+06,1.18787e+07
614,-8.77868e+06,-8.50214e+06
615,-2.74881e+06,1.22312e+07
616,9.01591e+06,9.68106e+06
617,-357462,-1.3207e+07
618,-4.02189e+06,-1.18616e+07
619,4.47774e+06,1.21676e+07
620,-8.42522e+06,-9.89185e+06
621,-4.02892e+06,1.23875e+07
622,1.18186e+07,2.88187e+06
623,-9.821e+06,9.01075e+06
624,-2.12127e+06,1.27676e+07
625,-5.69954e+06,1.08093e+07
626,6.72457e+06,1.10744e+07
627,3.00546e+06,-1.2438e+07
628,-3.80443e+06,-1.14888e+07
629,-3.31044e+06,1.17316e+07
630,5.91832e+06,-1.04953e+07
631,-5.87721e+06,1.07776e+07
632,5.12341e+06,1.21133e+07
633,-3.52788e+06,1.20212e+07
634,1.18884e+07,-3.69425e+06
635,7.12968e+06,1.01961e+07
636,7.2556e+06,1.06121e+07
637,-6.69836e+06,-9.95138e+06
638,-869389,1.25875e+07
639,-6.2376e+06,1.12371e+07
640,1.17436e+07,1.77704e+06
641,-1.11591e+07,3.71383e+06
642,5.53339e+06,1.06034e+07
643,-1.21139e+07,197127
644,-1.11255e+07,-3.41558e+06
645,-1.19581e+07,3.88469e+06
646,1.89835e+06,1.17282e+07
647,-1.0556e+07,-5.65049e+06
648,-5.45735e+06,-1.08386e+07
649,-8.7673e+06,-8.80111e+06
650,-1.21968e+07,-856664
651,8.22745e+06,-9.01843e+06
652,-9.31461e+06,-8.02531e+06
653,-1.00348e+07,-7.11496e+06
654,1.09737e+07,-4.56051e+06
655,1.90012e+06,-1.17705e+07
656,-1.10729e+07,-4.6408e+06
657,6.86074e+06,-1.02463e+07
658,-3.58293e+06,-1.19387e+07
659,1.12175e+07,-1.81713e+06
660,-9.53384e+06,-5.51394e+06
661,-1.16723e+07,3.2758e+06
662,1.17472e+07,-1.21134e+06
663,-8.45873e+06,-8.60834e+06
664,1.15048e+07,2.36164e+06
665,-1.13266e+07,2.47115e+06
666,1.13755e+07,-2.73417e+06
667,1.20482e+07,-2.12411e+06
668,-8.45377e+06,-8.68426e+06
669,-1.15966e+07,1.53518e+06
670,-8.96166e+06,8.00245e+06
671,-9.88844e+06,-5.36417e+06
672,3.21087e+06,1.09026e+07
673,4.17188e+06,1.11685e+07
674,1.14819e+07,772623
675,-7.43416e+06,-9.28806e+06
676,-1.0505e+07,4.82485e+06
677,9.71435e+06,-5.28996e+06
678,9.32894e+06,4.08976e+06
679,8.17043e+06,8.84744e+06
680,8.51779e+06,8.23193e+06
681,-1.15432e+07,-1.48553e+06
682,3.33938e+06,1.16379e+07
683,1.04615e+07,5.40735e+06
684,-1.01653e+07,-4.7992e+06
685,-1.11816e+07,-2.31861e+06
686,6.01927e+06,-9.72316e+06
687,5.33568e+06,-1.02677e+07
688,4.23279e+06,-1.03226e+07
689,-4.27978e+06,-1.08878e+07
690,-7.58121e+06,-9.50889e+06
691,5.45038e+06,1.02733e+07
692,-2.99915e+06,1.10996e+07
693,8.22735e+06,8.05873e+06
694,-1.11326e+07,-4.38744e+06
695,-1.95514e+06,-1.11196e+07
696,-4.90445e+06,1.06359e+07
697,1.22911e+07,-862714
698,-1.10549e+07,-2.41866e+06
699,1.02464e+07,-4.20264e+06
700,7.22725e+06,8.74934e+06
701,-1.154e+07,498241
702,1.00773e+07,4.35883e+06
703,-9.86716e+06,4.60019e+06
704,-2.4829e+06,1.11701e+07
705,-9.35439e+06,5.70862e+06
706,9.95136e+06,2.68657e+06
707,-1.07469e+07,4.12052e+06
708,-8.71823e+06,7.49949e+06
709,1.22754e+06,1.13397e+07
710,-3.45223e+06,1.08364e+07
711,9.31861e+06,-5.49903e+06
712,-9.84052e+06,-6.77118e+06
713,-8.37753e+06,-6.4905e+06
714,8.04344e+06,-7.28814e+06
715,-4.65251e+06,-1.00875e+07
716,-6.05017e+06,9.37226e+06
717,1.07334e+07,1.1588e+06
718,1.06166e+07,3.47143e+06
719,-1.06193e+07,-2.43634e+06
720,4.70227e+06,-1.03914e+07
721,686116,-1.08783e+07
722,-1.07855e+07,2.22405e+06
723,-5.03338e+06,9.76636e+06
724,1.06342e+07,2.69296e+06
725,9.58983e+06,1.82174e+06
726,-1.11258e+07,-3.64518e+06
727,2.39201e+06,1.09595e+07
728,-1.82043e+06,1.08415e+07
729,5.56224e+06,-1.0004e+07
730,9.91754e+06,5.19208e+06
731,6.8017e+06,-8.30234e+06
732,2.34023e+06,1.03643e+07
733,-6.38289e+06,8.60484e+06
734,-1.12861e+06,-1.05133e+07
735,1.0058e+06,-1.08733e+07
736,5.6032e+06,9.50332e+06
737,-5.10179e+06,9.73694e+06
738,-8.27173e+06,-7.27342e+06
739,1.02173e+07,4.29489e+06
740,9.11272e+06,-5.19121e+06
741,1.44225e+06,-9.87086e+06
742,4.85866e+06,9.64398e+06
743,-8.70266e+06,-6.90074e+06
744,204206,-1.0628e+07
745,-6.45772e+06,8.2923e+06
746,-5.12285e+06,-9.45883e+06
747,4.77152e+06,-9.75131e+06
748,-8.8764e+06,6.33984e+06
749,-8.50327e+06,-6.22293e+06
750,1.04009e+07,762310
751,5.71726e+06,9.68542e+06
752,5.99504e+06,8.53486e+06
753,-7.63285e+06,-7.77165e+06
754,-2.46308e+06,-1.02683e+07
755,-9.47064e+06,5.38459e+06
756,-6.1554e+06,-8.30982e+06
757,965143,-1.02447e+07
758,-9.6478e+06,4.54126e+06
759,-1.02242e+07,2.82398e+06
760,-8.4796e+06,6.07485e+06
761,1.02116e+07,-4.38148e+06
762,9.33633e+06,-4.79645e+06
763,-9.69104e+06,4.43379e+06
764,-9.17998e+06,-5.46412e+06
765,-1.05896e+07,2.04962e+06
766,9.45189e+06,-4.88081e+06
767,6.96832e+06,-7.4804e+06
768,-5.32755e+06,9.26807e+06
769,4.04316e+06,9.99791e+06
770,-9.20724e+06,5.81884e+06
771,9.25099e+06,5.61447e+06
772,1.0386e+07,1.5569e+06
773,5.07765e+06,-9.27407e+06
774,7.62964e+06,-7.24004e+06
775,9.42379e+06,-4.47054e+06
776,7.01892e+06,7.59781e+06
777,-930989,9.617e+06
778,8.54204e+06,-5.41522e+06
779,9.85287e+06,2.43476e+06
780,1.03759e+07,1.47724e+06
781,5.12559e+06,-9.29356e+06
782,1.01697e+07,2.91387e+06
783,-6.7261e+06,8.1813e+06
784,9.94212e+06,5.26767e+06
785,1.13118e+06,-1.02618e+07
786,8.05827e+06,6.38211e+06
787,1.01923e+07,-34867.7
788,-9.15228e+06,3.95401e+06
789,1.0331e+07,1.46842e+06
790,3.65538e+06,-9.6561e+06
791,-8.76935e+06,-5.86731e+06
792,6.31108e+06,-7.64262e+06
793,-7.85137e+06,6.43964e+06
794,2.12616e+06,1.10053e+07
795,-5.59543e+06,-8.65567e+06
796,-1.0254e+07,2.3178e+06
797,1.04554e+07,2.74979e+06
798,-5.97678e+06,-8.36785e+06
799,1.02497e+07,1.28518e+06
800,1.06234e+07,4.65691e+06
801,-8.39436e+06,6.28766e+06
802,-8.18104e+06,-7.04759e+06
803,-8.35564e+06,-6.47279e+06
804,6.26281e+06,7.20642e+06
805,5.70681e+06,-7.50631e+06
806,8.56398e+06,-4.17616e+06
807,-5.27125e+06,-8.74534e+06
808,-1.29383e+06,-9.00229e+06
809,974614,9.78536e+06
810,-3.14922e+06,8.84583e+06
811,8.95632e+06,4.71516e+06
812,2.6154e+06,9.8702e+06
813,-6.53925e+06,-7.37478e+06
814,-8.93113e+06,2.91758e+06
815,1.7753e+06,-1.03027e+07
816,-924945,9.78787e+06
817,-8.55155e+06,-5.55035e+06
818,6.5369e+06,-7.36153e+06
819,-8.82359e+06,-4.52139e+06
820,-8.636e+06,4.48853e+06
821,-9.48765e+06,3.71419e+06
822,5.91205e+06,7.6478e+06
823,6.12055e+06,8.01028e+06
824,-1.23638e+06,-9.03082e+06
825,9.53361e+06,-1.60263e+06
826,-9.7108e+06,820313
827,-382971,-9.76738e+06
828,-6.76702e+06,7.69409e+06
829,7.0718e+06,6.73803e+06
830,-5.70563e+06,7.2778e+06
831,402987,9.73397e+06
832,-3.36138e+06,-9.0382e+06
833,3.41914e+06,9.2225e+06
834,-1.05375e+06,-9.59171e+06
835,-9.50583e+06,-639920
836,3.29297e+06,8.69984e+06
837,-1.90805e+06,-9.03228e+06
838,3.33247e+06,8.86299e+06
839,-2.89841e+06,9.25278e+06
840,-2.8472e+06,8.95059e+06
841,5.34362e+06,-7.89563e+06
842,-8.91036e+06,-3.03486e+06
843,-504716,9.48027e+06
844,8.33213e+06,-3.62865e+06
845,7.68962e+06,5.40742e+06
846,2.85917e+06,-8.97313e+06
847,4.27182e+06,-8.48206e+06
848,-1.96163e+06,-9.50178e+06
849,-5.02002e+06,7.54009e+06
850,5.78074e+06,7.39444e+06
851,-7.49529e+06,-5.95985e+06
852,5.66966e+06,-7.43116e+06
853,9.60532e+06,1.49538e+06
854,1.24123e+06,8.85302e+06
855,7.57526e+06,-5.66491e+06
856,6.65386e+06,-6.18946e+06
857,8.89504e+06,2.03605e+06
858,6.21173e+06,6.73757e+06
859,1.18689e+06,8.80863e+06
860,9.31886e+06,96777.1
861,-1.14086e+06,9.29772e+06
862,5.90478e+06,-6.78822e+06
863,-7.429e+06,5.09972e+06
864,-9.13756e+06,-1.07375e+06
865,9.01207e+06,-1.23391e+06
866,-8.12457e+06,4.31058e+06
867,8.76151e+06,-2.41122e+06
868,7.77572e+06,4.15045e+06
869,-8.89831e+06,-871581
870,-7.76508e+06,4.85308e+06
871,2.4213e+06,-9.43923e+06
872,1.93757e+06,-9.07293e+06
873,-6.29864e+06,-6.44976e+06
874,2.67395e+06,-9.1236e+06
875,-8.39754e+06,-3.1852e+06
876,9.08631e+06,552149
877,8.30502e+06,3.8008e+06
878,5.74766e+06,7.06472e+06
879,415713,8.82414e+06
880,-1.44739e+06,-8.92519e+06
881,7.6137e+06,-4.87474e+06
882,5.23016e+06,7.85991e+06
883,-2.47329e+06,9.09451e+06
884,-344190,-9.12824e+06
885,9.01135e+06,2.12945e+06
886,-8.52551e+06,3.19606e+06
887,-8.61265e+06,-2.18362e+06
888,5.78921e+06,-6.14426e+06
889,8.97344e+06,-746861
890,7.71247e+06,-4.94316e+06
891,-4.91048e+06,-7.51815e+06
892,4.36602e+06,7.8598e+06
893,3.00598e+06,-8.17508e+06
894,6.64532e+06,-5.77178e+06
895,7.19736e+06,5.45038e+06
896,8.66417e+06,-2.64721e+06
897,8.00826e+06,-4.17777e+06
898,-4.51467e+06,8.04104e+06
899,-6.06367e+06,6.35293e+06
900,-3.10924e+06,8.77137e+06
901,7.08084e+06,-5.13924e+06
902,1.85491e+06,8.62043e+06
903,9.03614e+06,712047
904,6.57102e+06,5.99838e+06
905,8.22731e+06,-3.34444e+06
906,-8.41488e+06,-2.51388e+06
907,8.35381e+06,-3.64158e+06
908,7.47741e+06,-5.0473e+06
909,-5.98135e+06,6.46381e+06
910,8.51887e+06,-1.70564e+06
911,2.43336e+06,8.39178e+06
912,-5.95698e+06,-6.65505e+06
913,5.59567e+06,-6.9003e+06
914,6.03857e+06,-6.28397e+06
915,-7.2479e+06,4.88416e+06
916,7.89812e+06,3.81826e+06
917,-8.57395e+06,936963
918,3.22678e+06,-8.42453e+06
919,2.78482e+06,-7.96785e+06
920,1.38876e+06,-8.71824e+06
921,8.09552e+06,2.34925e+06
922,-8.48992e+06,1.93384e+06
923,-245766,8.9053e+06
924,1.85969e+06,-8.19659e+06
925,512197,-8.27758e+06
926,-6.10271e+06,6.54301e+06
927,-4.42647e+06,-7.48218e+06
928,-6.23544e+06,-5.81103e+06
929,-7.02107e+06,-4.76695e+06
930,7.57643e+06,3.55687e+06
931,3.27917e+06,8.01122e+06
932,3.51545e+06,-8.13001e+06
933,885964,8.32332e+06
934,-8.24197e+06,2.6119e+06
935,8.17897e+06,-2.64737e+06
936,-1.91922e+06,-7.9239e+06
937,8.4499e+06,-1.38774e+06
938,-8.55571e+06,973119
939,-5.52783e+06,6.31436e+06
940,-8.17371e+06,-2.75752e+06
941,7.76906e+06,3.54819e+06
942,1.14474e+06,-8.10397e+06
943,-7.96464e+06,-1.36201e+06
944,-3.24831e+06,-7.67537e+06
945,1.5905e+06,-8.49306e+06
946,-7.95851e+06,-3.24786e+06
947,573773,8.64585e+06
948,-8.43013e+06,-477413
949,5.67765e+06,6.55216e+06
950,-7.24925e+06,4.20181e+06
951,-6.18831e+06,-6.01701e+06
952,3.53653e+06,-7.69817e+06
953,7.87468e+06,2.83244e+06
954,-7.41384e+06,3.9292e+06
955,8.24534e+06,2.60006e+06
956,5.85859e+06,6.50315e+06
957,4.28296e+06,-6.6813e+06
958,5.98401e+06,6.8583e+06
959,-4.79964e+06,6.60834e+06
960,-5.68336e+06,6.5671e+06
961,2.99198e+06,7.75644e+06
962,6.10957e+06,-6.08001e+06
963,-1.75968e+06,-7.61059e+06
964,-8.27112e+06,110528
965,7.124e+06,-4.29414e+06
966,7.52011e+06,3.21996e+06
967,-2.67488e+06,7.6032e+06
968,8.32651e+06,-515140
969,7.49418e+06,4.36438e+06
970,4.19267e+06,-7.57277e+06
971,-7.3078e+06,-3.96868e+06
972,4.71918e+06,-7.38526e+06
973,-1.95502e+06,-8.60902e+06
974,6.83258e+06,4.7755e+06
975,5.0967e+06,-6.8901e+06
976,5.56184e+06,-6.42697e+06
977,2.01532e+06,8.01392e+06
978,-7.50924e+06,3.34571e+06
979,3.56645e+06,7.3258e+06
980,1.06455e+06,8.27675e+06
981,-6.6897e+06,-4.7424e+06
982,8.18124e+06,588197
983,-4.49942e+06,6.79345e+06
984,1.48017e+06,8.11797e+06
985,-5.25138e+06,6.83866e+06
986,-362986,-8.12084e+06
987,-3.30519e+06,7.32315e+06
988,255861,8.34072e+06
989,-1.7319e+06,7.87493e+06
990,-7.30894e+06,-3.55673e+06
991,-2.45372e+06,-7.8245e+06
992,7.87107e+06,1.17628e+06
993,-7.18053e+06,-4.3846e+06
994,8.19144e+06,-1.4819e+06
995,2.62616e+06,7.8707e+06
996,39985.9,-8.01192e+06
997,1.22593e+06,8.15059e+06
998,-7.3718e+06,-3.32061e+06
999,-5.69794e+06,5.59427e+06
1000,669080,-8.46754e+06
1001,7.11677e+06,-3.83393e+06
1002,6.56731e+06,-4.77434e+06
1003,-3.0249e+06,-7.46416e+06
1004,7.79908e+06,-2.28188e+06
1005,5.83475e+06,-5.61599e+06
1006,-2.57243e+06,-7.45757e+06
1007,4.79019e+06,-6.69246e+06
1008,-7.24459e+06,-3.73052e+06
1009,-3.2365e+06,-7.29133e+06
1010,5.01591e+06,-6.36283e+06
1011,7.75456e+06,1.6786e+06
1012,-902670,-8.48529e+06
1013,7.64538e+06,-2.43661e+06
1014,-4.93798e+06,6.13607e+06
1015,-7.81778e+06,1.65723e+06
1016,4.66668e+06,-6.69284e+06
1017,5.66181e+06,-6.14337e+06
1018,-1.90176e+06,-7.88695e+06
1019,7.63132e+06,1.85951e+06
1020,4.55665e+06,6.51979e+06
1021,3.57938e+06,6.80384e+06
1022,-7.79537e+06,-1.95436e+06
1023,-3.28678e+06,6.76298e+06
1024,7.71484e+06,722441
1025,-3.42384e+06,7.16427e+06
1026,-6.00335e+06,-5.26793e+06
1027,-7.87903e+06,-1.6848e+06
1028,6.27679e+06,-4.80724e+06
1029,-6.37081e+06,3.59986e+06
1030,-3.59434e+06,6.56264e+06
1031,-7.81475e+06,-662754
1032,7.67251e+06,2.33966e+06
1033,-7.62049e+06,-717844
1034,2.85014e+06,-7.29521e+06
1035,-5.78062e+06,5.47931e+06
1036,-7.35159e+06,-2.39392e+06
1037,6.23383e+06,-5.07694e+06
1038,-7.62166e+06,-376083
1039,782934,-7.75747e+06
1040,-4.81653e+06,-6.04052e+06
1041,-6.43683e+06,3.69246e+06
1042,3.54473e+06,-6.84713e+06
1043,11349.3,7.80636e+06
1044,-2.49656e+06,-7.45401e+06
1045,3.49192e+06,-6.9279e+06
1046,588534,-7.97482e+06
1047,7.69407e+06,923703
1048,-6.91853e+06,-4.27986e+06
1049,-3.5645e+06,-6.72538e+06
1050,-7.7107e+06,-1.72951e+06
1051,6.93515e+06,-4.18877e+06
1052,-6.12502e+06,-4.72047e+06
1053,155737,-7.85425e+06
1054,-6.75597e+06,3.39499e+06
1055,-7.13613e+06,2.76279e+06
1056,-5.16245e+06,5.61795e+06
1057,-4.35018e+06,-6.12949e+06
1058,-7.06944e+06,3.22372e+06
1059,-7.84005e+06,-1.11937e+06
1060,6.15353e+06,4.56198e+06
1061,7.36933e+06,2.01206e+06
1062,-3.43485e+06,6.66032e+06
1063,-7.64645e+06,-378329
1064,-7.71402e+06,-1.64424e+06
1065,-7.44122e+06,383836
1066,3.12739e+06,6.95629e+06
1067,-598334,7.42124e+06
1068,571038,7.70002e+06
1069,-2.16921e+06,-7.64038e+06
1070,1.99776e+06,7.33793e+06
1071,-3.54314e+06,-6.38428e+06
1072,3.96962e+06,6.6015e+06
1073,2.25761e+06,7.16764e+06
1074,3.31703e+06,6.68388e+06
1075,-4.34723e+06,6.05534e+06
1076,-7.24465e+06,2.10394e+06
1077,2.80366e+06,-6.91112e+06
1078,-2.62961e+06,-7.20909e+06
1079,-2.3712e+06,6.93627e+06
1080,-154168,-7.74069e+06
1081,6.32233e+06,4.03138e+06
1082,-7.01923e+06,2.37973e+06
1083,-1.15275e+06,7.25051e+06
1084,-1.87513e+06,7.18913e+06
1085,-7.23998e+06,-2.17778e+06
1086,7.27696e+06,-327462
1087,-4.1848e+06,-6.12033e+06
1088,6.78548e+06,-3.2185e+06
1089,5.77084e+06,-4.83638e+06
1090,3.0255e+06,-6.81071e+06
1091,-6.04509e+06,4.04624e+06
1092,-5.28512e+06,4.75054e+06
1093,6.14695e+06,-4.02704e+06
1094,-1.38555e+06,-7.41971e+06
1095,-5.20273e+06,-5.91772e+06
1096,7.08794e+06,2.5838e+06
1097,6.98151e+06,2.41589e+06
1098,-2.78508e+06,7.13124e+06
1099,127365,-7.58831e+06
1100,7.42505e+06,1.75213e+06
1101,-5.05327e+06,5.4362e+06
1102,-1.53515e+06,7.12122e+06
1103,-1.90205e+06,-7.19913e+06
1104,6.3583e+06,-3.90922e+06
1105,-2.47236e+06,6.92622e+06
1106,-5.29948e+06,-5.10943e+06
1107,1.71558e+06,7.15133e+06
1108,-6.34113e+06,4.18744e+06
1109,602731,-7.8428e+06
1110,5.63359e+06,4.71878e+06
1111,4.39606e+06,-6.17521e+06
1112,-791631,-7.27601e+06
1113,-7.22915e+06,-2223.46
1114,6.29737e+06,3.69939e+06
1115,-5.94593e+06,4.14677e+06
1116,5.69849e+06,4.65479e+06
1117,-6.60903e+06,2.88762e+06
1118,-411691,7.02914e+06
1119,-6.13581e+06,4.8438e+06
1120,-6.67964e+06,-2.56802e+06
1121,-4.92869e+06,-5.32622e+06
1122,7.08729e+06,-1.24455e+06
1123,-1.37118e+06,7.2731e+06
1124,6.47628e+06,-3.37097e+06
1125,-7.07994e+06,1.61657e+06
1126,-4.19144e+06,5.70949e+06
1127,4.92023e+06,5.18984e+06
1128,4.05922e+06,5.93442e+06
1129,6.82459e+06,2.80428e+06
1130,1.42134e+06,7.16658e+06
1131,5.19348e+06,-5.13497e+06
1132,7.17829e+06,-301058
1133,-7.19444e+06,-210662
1134,4.49564e+06,5.48616e+06
1135,7.22763e+06,-917971
1136,3.95365e+06,6.05811e+06
1137,-2.58161e+06,6.31227e+06
1138,-7.14167e+06,726418
1139,-6.38213e+06,3.71526e+06
1140,-1.86127e+06,-6.88937e+06
1141,3.49657e+06,-6.45439e+06
1142,-503644,-7.2488e+06
1143,-1.6802e+06,-7.05584e+06
1144,-6.71703e+06,-2.57867e+06
1145,-6.6067e+06,2.45394e+06
1146,6.97721e+06,1.91824e+06
1147,-3.69351e+06,-6.34198e+06
1148,1.61599e+06,7.00865e+06
1149,892298,-7.11218e+06
1150,7.40054e+06,2.75765e+06
1151,636783,-7.10854e+06
1152,-2.24142e+06,6.8297e+06
1153,-1.98132e+06,6.79399e+06
1154,6.9191e+06,1.32669e+06
1155,-2.71471e+06,6.63456e+06
1156,-6.69482e+06,2.59409e+06
1157,4.17112e+06,5.75001e+06
1158,-5.30125e+06,-4.69887e+06
1159,-80935.9,7.02616e+06
1160,4.4421e+06,-5.60144e+06
1161,-3.77447e+06,-5.98071e+06
1162,3.84462e+06,6.07511e+06
1163,3.57308e+06,6.18462e+06
1164,-3.21235e+06,6.38713e+06
1165,-7.01187e+06,463240
1166,4.9256e+06,4.58007e+06
1167,6.8857e+06,115181
1168,6.3101e+06,2.55636e+06
1169,4.84036e+06,-5.1565e+06
1170,4.84906e+06,5.09319e+06
1171,71270.7,6.7322e+06
1172,-660738,6.88764e+06
1173,6.8987e+06,696381
1174,-6.62597e+06,2.48346e+06
1175,6.99245e+06,1.18241e+06
1176,-6.70496e+06,-2.30746e+06
1177,-286712,-7.00202e+06
1178,-3.90005e+06,-5.70118e+06
1179,-6.79555e+06,-789467
1180,6.41752e+06,3.46532e+06
1181,-3.30634e+06,6.44877e+06
1182,-3.57087e+06,5.88418e+06
1183,-5.64441e+06,267336
1184,3.36467e+06,6.05644e+06
1185,-5.24592e+06,4.25551e+06
1186,-2.36793e+06,-6.37323e+06
1187,-2.63508e+06,6.28793e+06
1188,361851,-6.93368e+06
1189,-1.00052e+06,6.67431e+06
1190,-6.04211e+06,3.35524e+06
1191,-375190,-6.8649e+06
1192,5.53871e+06,-3.93964e+06
1193,5.0482e+06,4.70118e+06
1194,4.55172e+06,-4.43561e+06
1195,5.55209e+06,3.94921e+06
1196,6.74273e+06,330753
1197,913182,-6.8329e+06
1198,-1.92869e+06,-6.62974e+06
1199,-3.07483e+06,-6.01875e+06
1200,-6.79582e+06,97601.9
1201,5.63853e+06,-3.71704e+06
1202,-6.52076e+06,1.3156e+06
1203,4.07853e+06,5.55197e+06
1204,2.14663e+06,6.34106e+06
1205,-6.95968e+06,-1.34154e+06
1206,-3.76424e+06,5.71282e+06
1207,5.81541e+06,3.32523e+06
1208,-4.1031e+06,5.6139e+06
1209,-837689,6.63901e+06
1210,2.15942e+06,-6.35714e+06
1211,2.81594e+06,5.88734e+06
1212,2.92677e+06,5.95224e+06
1213,5.59498e+06,-4.08156e+06
1214,3.44164e+06,-5.8611e+06
1215,-1.05218e+06,6.52846e+06
1216,3.08666e+06,6.45235e+06
1217,1.09921e+06,6.58759e+06
1218,6.6137e+06,1.69724e+06
1219,5.64116e+06,3.52738e+06
1220,2.42494e+06,-6.21569e+06
1221,4.88102e+06,-4.53064e+06
1222,-5.7932e+06,3.02798e+06
1223,2.34881e+06,-6.26112e+06
1224,5.14906e+06,4.19919e+06
1225,6.02604e+06,2.09872e+06
1226,4.84036e+06,4.27535e+06
1227,-3.05293e+06,5.97037e+06
1228,-6.01688e+06,2.61545e+06
1229,1.77098e+06,6.03113e+06
1230,-6.36946e+06,-1.33451e+06
1231,6.04528e+06,-2.61619e+06
1232,-7.28681e+06,334670
1233,6.06692e+06,-2.4989e+06
1234,-6.43492e+06,-1.73317e+06
1235,-5.97663e+06,-2.7518e+06
1236,5.70539e+06,-2.4428e+06
1237,5.61521e+06,3.08175e+06
1238,-6.56821e+06,-3.28164e+06
1239,-5.34194e+06,3.72995e+06
1240,4.47587e+06,4.74369e+06
1241,-5.10036e+06,3.83436e+06
1242,4.26554e+06,5.02006e+06
1243,-4.2257e+06,-4.9051e+06
1244,1.26427e+06,-6.35409e+06
1245,6.52057e+06,-2.03356e+06
1246,316534,6.45125e+06
1247,-2.20496e+06,6.14511e+06
1248,-6.23628e+06,-446414
1249,5.37082e+06,-3.96178e+06
1250,-1.95868e+06,-6.07979e+06
1251,-1.18452e+06,6.36048e+06
1252,5.87542e+06,2.07706e+06
1253,511082,6.33742e+06
1254,5.44748e+06,3.72079e+06
1255,-5.93048e+06,2.58893e+06
1256,-6.09275e+06,-1.45481e+06
1257,6.02828e+06,2.34963e+06
1258,6.30277e+06,1.19726e+06
1259,-6.71582e+06,-1.20089e+06
1260,-5.301e+06,2.95251e+06
1261,-5.0385e+06,-3.1156e+06
1262,5.4162e+06,-3.60159e+06
1263,6.26321e+06,163688
1264,5.39934e+06,-2.93551e+06
1265,-4.26848e+06,-4.60925e+06
1266,-1.353e+06,-6.19894e+06
1267,6.2482e+06,-1.69042e+06
1268,-2.19054e+06,-5.49356e+06
1269,1.81212e+06,6.59939e+06
1270,690798,6.13839e+06
1271,-5.62748e+06,-2.48754e+06
1272,2.34066e+06,5.81046e+06
1273,2.38291e+06,-5.90891e+06
1274,5.07044e+06,4.31546e+06
1275,-118314,6.13147e+06
1276,69451.4,6.2987e+06
1277,3.78358e+06,-5.06764e+06
1278,-5.93348e+06,1.97371e+06
1279,-3.88995e+06,-4.76519e+06
1280,-348768,6.09747e+06
1281,-4.53326e+06,-4.01025e+06
1282,-4.7382e+06,-2.33742e+06
1283,-2.80963e+06,5.65052e+06
1284,4.17237e+06,-4.61194e+06
1285,6.1936e+06,692963
1286,-6.03334e+06,1.18179e+06
1287,-5.82923e+06,2.35157e+06
1288,3.57046e+06,5.17226e+06
1289,-168836,-6.15436e+06
1290,5.84978e+06,-432208
1291,-3.95354e+06,4.64612e+06
1292,-996782,-5.97e+06
1293,5.89384e+06,-723333
1294,-2.3976e+06,-5.65104e+06
1295,5.66371e+06,-1.03965e+06
1296,4.5207e+06,4.56449e+06
1297,-1.22482e+06,6.14293e+06
1298,-5.58666e+06,2.80136e+06
1299,-5.87887e+06,1.40606e+06
1300,5.2641e+06,3.18478e+06
1301,4.11517e+06,-4.5905e+06
1302,5.61086e+06,2.64613e+06
1303,5.3907e+06,-2.93362e+06
1304,-301507,-6.108e+06
1305,5.46388e+06,-2.88281e+06
1306,6.32119e+06,1.97862e+06
1307,5.16656e+06,3.46396e+06
1308,5.55993e+06,2.67675e+06
1309,1.87825e+06,5.89895e+06
1310,-4.5974e+06,4.00402e+06
1311,-2.12206e+06,-5.8617e+06
1312,2.67776e+06,-5.48542e+06
1313,3.84859e+06,4.81573e+06
1314,4.7017e+06,-3.57831e+06
1315,5.65067e+06,1.76443e+06
1316,-4.67594e+06,-3.76748e+06
1317,2.03039e+06,5.77874e+06
1318,-6.08765e+06,368972
1319,5.83733e+06,-1.14123e+06
1320,4.67035e+06,-3.71626e+06
1321,-5.98063e+06,-264431
1322,6.13915e+06,1.13005e+06
1323,821333,5.78315e+06
1324,6.14546e+06,-1.35531e+06
1325,-5.78617e+06,-2.52348e+06
1326,110768,-6.09115e+06
1327,2.44977e+06,4.9516e+06
1328,-5.72677e+06,-2.4592e+06
1329,-5.24831e+06,-2.83174e+06
1330,1.65002e+06,-5.75502e+06
1331,-4.79856e+06,-2.70457e+06
1332,-5.92056e+06,-1.33415e+06
1333,-6.39042e+06,538515
1334,5.87969e+06,-1.97522e+06
1335,-5.48846e+06,-3.37536e+06
1336,5.84968e+06,-579684
1337,-4.63356e+06,3.7427e+06
1338,4.27452e+06,-4.24862e+06
1339,6.32945e+06,-14428.6
1340,5.18893e+06,3.18126e+06
1341,5.8465e+06,-2.06959e+06
1342,-5.14487e+06,-2.79822e+06
1343,-4.54594e+06,-3.3092e+06
1344,2.33495e+06,5.07381e+06
1345,-5.85123e+06,-1.20622e+06
1346,5.12992e+06,2.38438e+06
1347,-536176,-5.86154e+06
1348,-5.69658e+06,1.58712e+06
1349,-816629,-5.90457e+06
1350,5.56763e+06,482705
1351,3.95911e+06,4.51788e+06
1352,-3.63373e+06,-4.6683e+06
1353,-5.55673e+06,663666
1354,-5.5832e+06,-883604
1355,-3.88339e+06,4.21606e+06
1356,-3.3673e+06,-5.20332e+06
1357,4.13437e+06,4.28446e+06
1358,1.44701e+06,-5.74261e+06
1359,5.30788e+06,3.01348e+06
1360,4.57581e+06,-4.15755e+06
1361,-5.64195e+06,-1.84169e+06
1362,-231831,5.64992e+06
1363,-4.62187e+06,-3.66457e+06
1364,-1.45733e+06,5.79209e+06
1365,-5.25987e+06,2.60926e+06
1366,5.45968e+06,-1.03825e+06
1367,5.64399e+06,2.05116e+06
1368,5.27199e+06,-2.5905e+06
1369,894145,-5.72436e+06
1370,-1.00109e+06,5.57568e+06
1371,-5.70868e+06,-431961
1372,-4.52127e+06,3.16105e+06
1373,-628336,6.00476e+06
1374,503236,-5.70477e+06
1375,1.33499e+06,5.21642e+06
1376,5.50015e+06,2.1696e+06
1377,260225,-5.69338e+06
1378,-5.55534e+06,-1.54184e+06
1379,-2.68035e+06,-6.70554e+06
1380,-5.36609e+06,1.99167e+06
1381,5.40476e+06,-918525
1382,-435154,5.47835e+06
1383,-5.42083e+06,1.72972e+06
1384,-5.71605e+06,-580828
1385,-4.92113e+06,-3.08709e+06
1386,2.09945e+06,4.91891e+06
1387,195510,5.65163e+06
1388,5.54382e+06,595058
1389,-3.8394e+06,3.9838e+06
1390,2.2744e+06,5.33434e+06
1391,5.48509e+06,-1.25558e+06
1392,761971,-5.6209e+06
1393,1.3066e+06,-5.5654e+06
1394,-4.82988e+06,-2.95694e+06
1395,-2.28227e+06,-5.71074e+06
1396,-3.33035e+06,4.75879e+06
1397,-5.79038e+06,413070
1398,-896168,-4.0485e+06
1399,-3.28188e+06,4.58233e+06
1400,4.3297e+06,-3.52676e+06
1401,-5.66352e+06,722570
1402,604255,5.62067e+06
1403,3.21806e+06,4.73816e+06
1404,-1.08471e+06,-5.61257e+06
1405,-743421,5.1963e+06
1406,-4.22526e+06,-3.7354e+06
1407,4.98888e+06,-3.42197e+06
1408,-4.96469e+06,2.64474e+06
1409,1.69995e+06,4.86232e+06
1410,1.23984e+06,-5.56225e+06
1411,-3.74112e+06,-4.16311e+06
1412,5.43846e+06,1.36593e+06
1413,-3.76191e+06,4.58107e+06
1414,-4.32733e+06,3.57545e+06
1415,3.39816e+06,4.57006e+06
1416,-903104,5.47318e+06
1417,-4.38861e+06,3.46311e+06
1418,1.7192e+06,-5.38295e+06
1419,5.19864e+06,-2.33722e+06
1420,309259,5.77429e+06
1421,2.45934e+06,-4.98068e+06
1422,4.47197e+06,-2.88351e+06
1423,-2.74722e+06,-4.1675e+06
1424,2.19633e+06,4.9757e+06
1425,5.23357e+06,-565777
1426,3.40517e+06,-4.44664e+06
1427,-3.17176e+06,-4.21132e+06
1428,-1.40093e+06,5.32128e+06
1429,-1.82636e+06,5.39903e+06
1430,-3.94283e+06,-3.20615e+06
1431,-5.39295e+06,1.73492e+06
1432,-4.78777e+06,-3.33e+06
1433,-1.97975e+06,4.74969e+06
1434,-4.52097e+06,3.23469e+06
1435,-354161,-5.55512e+06
1436,4.84115e+06,-3.1115e+06
1437,3.56906e+06,-4.32683e+06
1438,471378,5.39081e+06
1439,4.6875e+06,3.08252e+06
1440,4.80879e+06,-2.97848e+06
1441,4.09806e+06,3.95034e+06
1442,-2.99047e+06,4.51977e+06
1443,5.5502e+06,-388810
1444,-4.92211e+06,2.65561e+06
1445,4.56193e+06,-3.3057e+06
1446,-2.31903e+06,5.07127e+06
1447,-2.66722e+06,-4.69229e+06
1448,-5.29886e+06,-2.06976e+06
1449,-4.11343e+06,3.78069e+06
1450,-5.63224e+06,138124
1451,5.25127e+06,-1.10263e+06
1452,-5.43116e+06,-1.2957e+06
1453,5.49712e+06,202794
1454,5.81438e+06,-973267
1455,4.4518e+06,3.22374e+06
1456,-5.27212e+06,-2.56346e+06
1457,-118689,5.43439e+06
1458,4.38716e+06,3.34804e+06
1459,-578708,-5.43436e+06
1460,389811,4.72377e+06
1461,-2.57603e+06,-4.83352e+06
1462,-3.19849e+06,4.95041e+06
1463,-710155,-5.95932e+06
1464,-1.13626e+06,-5.46911e+06
1465,5.53594e+06,-143227
1466,-3.7218e+06,-4.05187e+06
1467,1.45236e+06,-5.35312e+06
1468,-1.51967e+06,5.3286e+06
1469,-5.18095e+06,-2.62356e+06
1470,-299912,-5.31588e+06
1471,1.75016e+06,5.17315e+06
1472,3.99513e+06,-4.08516e+06
1473,-4.66916e+06,-2.88535e+06
1474,-3.84102e+06,-3.93294e+06
1475,4.20026e+06,3.59531e+06
1476,2.94633e+06,4.61494e+06
1477,-5.19952e+06,-2.19522e+06
1478,-5.41401e+06,-857569
1479,-1.57134e+06,5.29243e+06
1480,-867457,5.38044e+06
1481,-1.24637e+06,-5.49264e+06
1482,-2.03502e+06,4.95898e+06
1483,-3.75502e+06,-4.03567e+06
1484,-3.47783e+06,4.10172e+06
1485,-1.4131e+06,-5.45909e+06
1486,-2.9106e+06,4.77811e+06
1487,-5.08255e+06,2.2473e+06
1488,-4.56201e+06,3.11574e+06
1489,-3.8514e+06,-3.53074e+06
1490,-4.94371e+06,2.50322e+06
1491,5.39265e+06,1.35204e+06
1492,-123558,5.52545e+06
1493,-5.11214e+06,1.98937e+06
1494,5.33523e+06,708285
1495,-652893,5.43565e+06
1496,-5.22605e+06,985842
1497,-3.06849e+06,3.96514e+06
1498,-230123,5.15699e+06
1499,2.14695e+06,5.06768e+06
1500,612978,-5.54043e+06
1501,2.75057e+06,5.21898e+06
1502,-3.80383e+06,3.93934e+06
1503,5.4097e+06,720271
1504,-5.02607e+06,-2.29159e+06
1505,-1.45148e+06,4.81884e+06
1506,5.51299e+06,653330
1507,-3.17635e+06,-4.28759e+06
1508,-3.3719e+06,4.03329e+06
1509,-2.18325e+06,-4.94446e+06
1510,-5.31806e+06,1.06671e+06
1511,3.18314e+06,-4.27781e+06
1512,-413527,-5.46366e+06
1513,-2.01043e+06,4.78839e+06
1514,-2.29936e+06,-4.78752e+06
1515,5.22897e+06,-903629
1516,5.06867e+06,1.79285e+06
1517,2.8767e+06,-4.47113e+06
1518,12737.1,6.38819e+06
1519,5.02912e+06,-1.4217e+06
1520,26331.3,-5.32482e+06
1521,-385264,5.83035e+06
1522,-3.00778e+06,-4.86263e+06
1523,1.22054e+06,6.021e+06
1524,3.77577e+06,3.81323e+06
1525,-4.31706e+06,-3.03484e+06
1526,2.2849e+06,5.20776e+06
1527,-4.31447e+06,3.17913e+06
1528,-1.78299e+06,5.05501e+06
1529,-2.90171e+06,-4.29357e+06
1530,-4.97461e+06,1.10318e+06
1531,-2.49919e+06,4.6322e+06
1532,1.05298e+06,-4.94648e+06
1533,4.66433e+06,2.06261e+06
1534,-98922.8,-5.27473e+06
1535,5.09504e+06,1.66845e+06
1536,1.31981e+06,5.03059e+06
1537,-4.01353e+06,-3.79769e+06
1538,317179,5.27415e+06
1539,5.05419e+06,-869734
1540,-3.6895e+06,3.24758e+06
1541,1.5073e+06,-5.02202e+06
1542,-5.22322e+06,-251665
1543,2.37776e+06,-4.56159e+06
1544,-4.27237e+06,2.83855e+06
1545,-5.2233e+06,-470593
1546,5.15753e+06,-2.07118e+06
1547,-4.06665e+06,-3.33655e+06
1548,5.16857e+06,151161
1549,-439980,-4.70541e+06
1550,-3.61742e+06,3.69325e+06
1551,-3.37077e+06,3.9164e+06
1552,3.35308e+06,3.99328e+06
1553,-2.89148e+06,4.32779e+06
1554,-1.1286e+06,5.74314e+06
1555,-5.20511e+06,-46418.8
1556,-4.59299e+06,1.92168e+06
1557,4.95918e+06,-1.35732e+06
1558,-1.10837e+06,-4.97685e+06
1559,2.69006e+06,4.50642e+06
1560,-1.88097e+06,5.52583e+06
1561,-532671,5.19815e+06
1562,5.03176e+06,955290
1563,1.97029e+06,4.75127e+06
1564,-2.0362e+06,4.70024e+06
1565,-3.59855e+06,3.9438e+06
1566,-4.6311e+06,-2.41697e+06
1567,2.11242e+06,-4.55542e+06
1568,-4.99064e+06,902952
1569,1.71765e+06,4.86055e+06
1570,-5.42486e+06,2.36007e+06
1571,-5.09625e+06,536392
1572,-4.78062e+06,1.73784e+06
1573,5.04065e+06,359116
1574,-5.00148e+06,-704653
1575,4.95947e+06,-418097
1576,-884638,-4.97442e+06
1577,-2.5485e+06,-4.53694e+06
1578,-4.63986e+06,2.72517e+06
1579,-4.96062e+06,-1.00837e+06
1580,2.4734e+06,4.65183e+06
1581,4.65038e+06,-1.64073e+06
1582,-5.00495e+06,720975
1583,288736,-5.04458e+06
1584,3.30024e+06,-3.67852e+06
1585,-5.0881e+06,201968
1586,4.87951e+06,-1.22644e+06
1587,1.16956e+06,-4.89729e+06
1588,-661582,4.92199e+06
1589,3.39303e+06,-3.52938e+06
1590,4.81624e+06,1.84275e+06
1591,2.56836e+06,-4.4542e+06
1592,-3.32784e+06,-3.78889e+06
1593,4.11624e+06,2.78027e+06
1594,4.4459e+06,-1.91096e+06
1595,9283.57,4.95613e+06
1596,650903,-4.69902e+06
1597,-2.16593e+06,4.5807e+06
1598,-2.47925e+06,-4.27451e+06
1599,-3.91439e+06,3.6029e+06
1600,4.89524e+06,-1.03315e+06
1601,-2.88288e+06,-4.36605e+06
1602,4.69856e+06,-1.92571e+06
1603,4.60422e+06,2.08573e+06
1604,299284,4.56013e+06
1605,-2.89103e+06,-3.37185e+06
1606,4.75861e+06,-1.5826e+06
1607,-3.32019e+06,3.64127e+06
1608,4.31067e+06,2.49171e+06
1609,-213667,-4.5176e+06
1610,3.02292e+06,-3.92608e+06
1611,-224089,5.05494e+06
1612,2.84464e+06,-4.01514e+06
1613,4.35655e+06,407198
1614,132649,5.22349e+06
1615,-4.21327e+06,3.01033e+06
1616,-4.74128e+06,-1.37961e+06
1617,4.59959e+06,-1.47885e+06
1618,-1.41723e+06,4.86258e+06
1619,-966182,5.2892e+06
1620,3.95896e+06,2.97373e+06
1621,4.22115e+06,-2.61359e+06
1622,-2.51815e+06,-4.41729e+06
1623,2.21937e+06,-4.01757e+06
1624,-2.59352e+06,-3.84392e+06
1625,-3.45365e+06,-2.84053e+06
1626,1.57493e+06,-4.66359e+06
1627,-275818,-5.58053e+06
1628,-2.15851e+06,-4.37473e+06
1629,4.21065e+06,-1.17973e+06
1630,-2.35446e+06,-4.50292e+06
1631,4.42333e+06,-1.76613e+06
1632,-4.02831e+06,2.11378e+06
1633,5.25694e+06,-922332
1634,-955174,-4.64911e+06
1635,1.47097e+06,4.68993e+06
1636,-4.73525e+06,2.04351e+06
1637,-4.30277e+06,-2.67782e+06
1638,-1.88156e+06,4.76572e+06
1639,4.45299e+06,-104702
1640,-3.91569e+06,3.17424e+06
1641,-3.94158e+06,3.01861e+06
1642,4.0049e+06,-2.64787e+06
1643,-3.58068e+06,3.48532e+06
1644,1.52641e+06,4.55713e+06
1645,1.89326e+06,-4.4523e+06
1646,-4.82388e+06,1.09698e+06
1647,-770141,-4.88277e+06
1648,879901,-5.29412e+06
1649,3.88658e+06,-2.97152e+06
1650,4.534e+06,1.53151e+06
1651,3.34778e+06,-3.53195e+06
1652,-2.5868e+06,-4.51594e+06
1653,5.45497e+06,297313
1654,2.04049e+06,-4.35066e+06
1655,4.70887e+06,-1.35561e+06
1656,4.85178e+06,-569227
1657,-202922,-4.85832e+06
1658,2.10769e+06,4.38692e+06
1659,3.84291e+06,2.92487e+06
1660,4.45404e+06,-172907
1661,2.80248e+06,3.98184e+06
1662,-3.33409e+06,3.7635e+06
1663,-1.65138e+06,-4.63079e+06
1664,4.55195e+06,1.13736e+06
1665,230430,4.6593e+06
1666,3.79739e+06,-3.39018e+06
1667,3.37629e+06,3.45846e+06
1668,-1.66616e+06,4.64058e+06
1669,-4.68512e+06,-1.09105e+06
1670,4.75773e+06,704396
1671,-2.39048e+06,3.96196e+06
1672,1.03454e+06,4.58635e+06
1673,4.62406e+06,1.26844e+06
1674,-3.9801e+06,-3.16879e+06
1675,-4.48138e+06,-1.00094e+06
1676,-3.03879e+06,3.81294e+06
1677,-1.46097e+06,4.63624e+06
1678,-3.24099e+06,-4.02344e+06
1679,4.59202e+06,1.37893e+06
1680,747163,4.75109e+06
1681,874269,-5.18623e+06
1682,3.64506e+06,-3.10089e+06
1683,4.38584e+06,-721961
1684,3.06618e+06,3.53459e+06
1685,-2.93225e+06,-3.89973e+06
1686,-3.94037e+06,-2.96608e+06
1687,-614129,4.26152e+06
1688,-3.2012e+06,-3.02218e+06
1689,3.66474e+06,-2.72726e+06
1690,-2.77941e+06,-4.2702e+06
1691,-3.11261e+06,-3.68409e+06
1692,940765,-5.18211e+06
1693,-479146,4.70474e+06
1694,168376,-4.94035e+06
1695,-2.81403e+06,-4.01451e+06
1696,-3.01306e+06,-3.56883e+06
1697,-4.33397e+06,1.4326e+06
1698,4.797e+06,-1.10823e+06
1699,4.13686e+06,1.60658e+06
1700,2.81082e+06,3.87942e+06
1701,5.38025e+06,-438941
1702,186413,4.90966e+06
1703,-147622,-4.75923e+06
1704,3.96908e+06,-1.92468e+06
1705,-1.99275e+06,-4.28785e+06
1706,337273,-4.8726e+06
1707,4.93682e+06,-576982
1708,-4.04371e+06,-3.48772e+06
1709,3.02289e+06,-3.59145e+06
1710,1.77889e+06,4.40369e+06
1711,-4.18734e+06,-1.20923e+06
1712,-10562.9,4.75436e+06
1713,1.78356e+06,-4.48856e+06
1714,-1.06211e+06,4.72234e+06
1715,4.19184e+06,1.68363e+06
1716,-3.56571e+06,-2.86101e+06
1717,-4.29138e+06,-1.82586e+06
1718,3.11734e+06,-3.3584e+06
1719,-2.01716e+06,4.2623e+06
1720,-3.59885e+06,-2.32831e+06
1721,-2.65061e+06,-4.19085e+06
1722,4.06896e+06,2.21849e+06
1723,3.30992e+06,2.92476e+06
1724,104969,-4.74884e+06
1725,3.96446e+06,-2.78767e+06
1726,2.94389e+06,-3.87799e+06
1727,-2.2639e+06,3.82064e+06
1728,2.27128e+06,-3.69917e+06
1729,1.35266e+06,-4.48674e+06
1730,2.07127e+06,-4.16818e+06
1731,4.41595e+06,-2.53503e+06
1732,4.685e+06,518545
1733,-4.97451e+06,-189090
1734,859004,4.60515e+06
1735,-4.54072e+06,740198
1736,-400919,-4.67468e+06
1737,-4.39279e+06,1.15794e+06
1738,3.53267e+06,3.01293e+06
1739,3.90509e+06,2.49352e+06
1740,-4.06555e+06,-2.05569e+06
1741,-4.27999e+06,-1.64372e+06
1742,-4.21337e+06,-1.50384e+06
1743,-317413,-4.32394e+06
1744,4.48293e+06,1.15877e+06
1745,-4.24687e+06,1.76762e+06
1746,-97441.3,4.94515e+06
1747,-4.3133e+06,-660715
1748,-1.94716e+06,-4.26663e+06
1749,-4.58902e+06,-256325
1750,-1.00747e+06,-4.77651e+06
1751,1.37412e+06,4.23886e+06
1752,-103412,4.67922e+06
1753,3.18006e+06,3.45653e+06
1754,4.05283e+06,-2.01082e+06
1755,216572,-4.63969e+06
1756,462334,4.9195e+06
1757,2.08085e+06,-4.04405e+06
1758,-2.15804e+06,-4.07632e+06
1759,-3.78868e+06,-2.51356e+06
1760,4.47683e+06,1.51955e+06
1761,3.74009e+06,-2.20673e+06
1762,3.84051e+06,-2.46808e+06
1763,742174,4.59785e+06
1764,515189,4.63778e+06
1765,-1.71819e+06,-4.2009e+06
1766,-342303,-4.55377e+06
1767,978540,-4.30382e+06
1768,-3.11524e+06,-3.40171e+06
1769,-940254,-5.02274e+06
1770,3.38884e+06,-3.12607e+06
1771,-2.2251e+06,4.35651e+06
1772,4.25918e+06,-2.077e+06
1773,-2.54693e+06,-3.97512e+06
1774,4.29044e+06,-1.32646e+06
1775,-4.51359e+06,541998
1776,4.35139e+06,279434
1777,-2.23636e+06,3.99341e+06
1778,-960236,4.24662e+06
1779,3.3644e+06,3.11401e+06
1780,-4.32608e+06,-886085
1781,4.15376e+06,1.3471e+06
1782,-4.33496e+06,1.12937e+06
1783,4.37508e+06,-1.05758e+06
1784,2.81257e+06,-3.29233e+06
1785,3.64605e+06,2.88278e+06
1786,1.60965e+06,-4.20058e+06
1787,-66325.4,4.48238e+06
1788,-4.13971e+06,1.61568e+06
1789,2.07142e+06,4.33281e+06
1790,-826887,-4.53613e+06
1791,2.18674e+06,3.62081e+06
1792,-2.43403e+06,3.27262e+06
1793,-1.97601e+06,3.8453e+06
1794,-2.2988e+06,3.30048e+06
1795,2.64675e+06,-3.61791e+06
1796,820967,-4.46209e+06
1797,-152666,4.60222e+06
1798,-2.81819e+06,3.97787e+06
1799,4.34e+06,544662
1800,2.45845e+06,-3.69781e+06
1801,3.71987e+06,-2.41191e+06
1802,-4.37935e+06,1.06631e+06
1803,3.64957e+06,2.58091e+06
1804,2.05787e+06,-4.33409e+06
1805,1.25612e+06,4.55487e+06
1806,1.89507e+06,4.36177e+06
1807,2.97924e+06,3.22486e+06
1808,5.02173e+06,-905848
1809,-3.00745e+06,-3.60567e+06
1810,-2.98895e+06,3.40011e+06
1811,-2.30354e+06,4.05423e+06
1812,2.84536e+06,3.42488e+06
1813,-3.63389e+06,-2.60163e+06
1814,-1.05969e+06,4.64292e+06
1815,4.2206e+06,-1.53928e+06
1816,4.2258e+06,-1.0674e+06
1817,-3.34979e+06,2.67769e+06
1818,-1.00743e+06,-3.8264e+06
1819,-1.98722e+06,3.89342e+06
1820,-2.71674e+06,-3.6597e+06
1821,1.82029e+06,4.09045e+06
1822,-4.37957e+06,-395460
1823,-880611,-4.35575e+06
1824,893702,4.41192e+06
1825,-4.20261e+06,1.22137e+06
1826,-3.65464e+06,2.37843e+06
1827,4.275e+06,693283
1828,4.38076e+06,-285113
1829,-2.01184e+06,-4.12058e+06
1830,2.81155e+06,-3.2527e+06
1831,-135560,-4.08599e+06
1832,-543849,3.84181e+06
1833,3.62382e+06,-2.77874e+06
1834,-3.75697e+06,2.22552e+06
1835,3.15935e+06,-3.3954e+06
1836,-1.87977e+06,3.87748e+06
1837,3.93681e+06,2.11691e+06
1838,-3.15542e+06,2.84842e+06
1839,4.16933e+06,-2.04378e+06
1840,-1.90562e+06,-3.986e+06
1841,-3.81581e+06,2.09731e+06
1842,3.06168e+06,-2.65478e+06
1843,3.98038e+06,1.71523e+06
1844,4.1878e+06,-1.56299e+06
1845,-3.36459e+06,-2.90557e+06
1846,1.28394e+06,-4.06538e+06
1847,-1.76041e+06,-4.1207e+06
1848,-447546,-4.35589e+06
1849,1.20039e+06,4.00284e+06
1850,4.30603e+06,-713964
1851,-3.0602e+06,-3.09907e+06
1852,4.30192e+06,-1.24119e+06
1853,-3.5928e+06,-2.13321e+06
1854,-4.18316e+06,-1.53223e+06
1855,-4.20345e+06,-1.06761e+06
1856,-1.25693e+06,4.02704e+06
1857,925063,4.42678e+06
1858,-979640,-4.24796e+06
1859,4.35278e+06,16267.2
1860,-2.61963e+06,3.42271e+06
1861,-4.42573e+06,517405
1862,2.77288e+06,3.39172e+06
1863,165444,-4.41672e+06
1864,-4.16582e+06,-1.10186e+06
1865,-3.87061e+06,1.97036e+06
1866,3.83012e+06,-1.28105e+06
1867,-4.32655e+06,-699147
1868,4.17235e+06,1.24251e+06
1869,4.36308e+06,-129471
1870,609085,-4.27946e+06
1871,3.44518e+06,-2.59838e+06
1872,2.28575e+06,3.39062e+06
1873,1.35047e+06,4.13181e+06
1874,-3.80751e+06,1.82201e+06
1875,3.66533e+06,-2.43905e+06
1876,-1.14401e+06,4.17978e+06
1877,-3.97073e+06,-1.47353e+06
1878,4.17724e+06,422399
1879,-4.19944e+06,295106
1880,-3.79221e+06,1.29486e+06
1881,-4.13619e+06,-1.01986e+06
1882,1.79143e+06,-3.94339e+06
1883,4.30255e+06,-433031
1884,-1.40017e+06,-4.30759e+06
1885,-4.19147e+06,-505493
1886,2.38347e+06,3.3317e+06
1887,4.17424e+06,556905
1888,-3.60834e+06,-1.90273e+06
1889,-3.31509e+06,-2.65304e+06
1890,4.24075e+06,634410
1891,2.38879e+06,3.52756e+06
1892,-3.79443e+06,-1.79483e+06
1893,-1.51532e+06,4.09879e+06
1894,-3.18192e+06,2.83493e+06
1895,-1.97317e+06,-3.79063e+06
1896,261023,-4.93556e+06
1897,-2.98662e+06,2.75133e+06
1898,-2.46507e+06,3.47604e+06
1899,-3.78284e+06,487729
1900,-488665,4.5043e+06
1901,-4.1723e+06,-887802
1902,1.33537e+06,-3.84803e+06
1903,3.51152e+06,2.43218e+06
1904,-2.3163e+06,3.64794e+06
1905,4.32521e+06,37234.1
1906,-4.2115e+06,42296.6
1907,229588,-4.5923e+06
1908,-3.42954e+06,2.4443e+06
1909,2.35841e+06,-3.5012e+06
1910,3.78235e+06,-2.20567e+06
1911,729008,4.16099e+06
1912,-750982,-4.22362e+06
1913,-3.70819e+06,-1.62071e+06
1914,4.07755e+06,-1.14887e+06
1915,555426,-3.93424e+06
1916,3.61076e+06,890115
1917,-3.75003e+06,2.68972e+06
1918,2.10804e+06,4.11959e+06
1919,3.31483e+06,-2.50659e+06
1920,-2.08521e+06,3.67016e+06
1921,-1.48032e+06,4.17911e+06
1922,4.33296e+06,-1.54787e+06
1923,2.26108e+06,3.34424e+06
1924,-3.81951e+06,-2.01136e+06
1925,3.56193e+06,-2.25957e+06
1926,1.95751e+06,-3.76212e+06
1927,3.38199e+06,2.13149e+06
1928,4.07645e+06,-952935
1929,3.22881e+06,-2.68859e+06
1930,920620,-3.5052e+06
1931,2.11506e+06,3.42964e+06
1932,-3.5567e+06,-1.3932e+06
1933,3.91006e+06,179911
1934,3.91876e+06,-874804
1935,-3.48313e+06,2.27164e+06
1936,2.03922e+06,-3.55494e+06
1937,4.46801e+06,-352400
1938,-1.11228e+06,-4.10223e+06
1939,-3.8568e+06,-1.50118e+06
1940,1.17992e+06,-3.93429e+06
1941,-1.85334e+06,3.62127e+06
1942,1.50024e+06,-4.10113e+06
1943,4.08539e+06,497854
1944,435365,4.04177e+06
1945,-1.03806e+06,4.00714e+06
1946,375500,4.00899e+06
1947,-2.87564e+06,2.72048e+06
1948,4.18455e+06,-285597
1949,-2.28879e+06,-3.33176e+06
1950,1.58417e+06,-3.80378e+06
1951,4.1706e+06,585906
1952,-4.20768e+06,-482246
1953,-3.75805e+06,1.47077e+06
1954,-4.1118e+06,2.50295e+06
1955,125649,4.07014e+06
1956,-4.41053e+06,1.24092e+06
1957,-3.65566e+06,2.02369e+06
1958,4.31515e+06,409292
1959,1.64253e+06,-4.16587e+06
1960,-3.58264e+06,1.77219e+06
1961,-343249,-4.02842e+06
1962,-2.33409e+06,2.50077e+06
1963,-1.78977e+06,3.92998e+06
1964,3.17943e+06,-1.64972e+06
1965,-3.27017e+06,-2.04456e+06
1966,3.90919e+06,-1.38324e+06
1967,-3.82107e+06,-184643
1968,-2.41692e+06,-3.10071e+06
1969,4.06115e+06,-805566
1970,-204337,4.4081e+06
1971,2.90567e+06,-2.7829e+06
1972,1.23162e+06,-4.77823e+06
1973,3.93443e+06,1.31737e+06
1974,-3.63004e+06,-1.61551e+06
1975,-1.32157e+06,3.61568e+06
1976,-704671,-3.90443e+06
1977,-3.92095e+06,-1.26853e+06
1978,-638047,4.15251e+06
1979,-3.89393e+06,-828750
1980,3.66287e+06,1.63417e+06
1981,1.30631e+06,-4.54996e+06
1982,-3.23816e+06,-2.2842e+06
1983,1.93269e+06,3.53077e+06
1984,-2.7761e+06,2.83868e+06
1985,882251,3.89445e+06
1986,-4.26241e+06,198998
1987,-544796,4.22694e+06
1988,-4.35013e+06,1.00095e+06
1989,-218779,3.86387e+06
1990,1.13573e+06,3.84554e+06
1991,3.45624e+06,2.06818e+06
1992,-224710,3.97659e+06
1993,-2.2281e+06,3.16111e+06
1994,-1.89349e+06,3.52381e+06
1995,-3.15204e+06,-2.01952e+06
1996,-2.95926e+06,-2.38726e+06
1997,-3.58673e+06,-2.02228e+06
1998,-3.67352e+06,-1.40034e+06
1999,3.8933e+06,-1.0971e+06
2000,3.87578e+06,-1.17614e+06
2001,-3.55374e+06,1.22348e+06
2002,2.31472e+06,3.25649e+06
2003,178410,3.88102e+06
2004,-3.86459e+06,-710669
2005,1.53262e+06,3.55821e+06
2006,3.69107e+06,-1.24432e+06
2007,2.10206e+06,-3.41059e+06
2008,-2.27418e+06,3.0714e+06
2009,3.60919e+06,648454
2010,-240654,3.74319e+06
2011,-523888,3.9454e+06
2012,1.61098e+06,-3.66282e+06
2013,2.91026e+06,-2.56676e+06
2014,-3.84055e+06,-925334
2015,-4.23452e+06,-1.89339e+06
2016,3.19179e+06,2.37857e+06
2017,66352.1,-3.70003e+06
2018,-600452,3.82123e+06
2019,-3.78498e+06,777157
2020,2.11642e+06,3.38518e+06
2021,-3.13518e+06,-2.18416e+06
2022,-44065,3.60855e+06
2023,-3.47773e+06,1.32374e+06
2024,-3.39211e+06,-1.7364e+06
2025,4.12052e+06,289446
2026,1.21107e+06,-3.88358e+06
2027,-3.89067e+06,-551952
2028,-702629,3.80308e+06
2029,467952,-3.90108e+06
2030,-137951,4.25012e+06
2031,2.1847e+06,-3.15188e+06
2032,-1.03728e+06,-4.03066e+06
2033,-1.49843e+06,3.59578e+06
2034,1.1882e+06,3.75018e+06
2035,-2.62104e+06,-2.58941e+06
2036,-68775.6,-4.10877e+06
2037,-268699,-3.85457e+06
2038,-3.60404e+06,-1.58322e+06
2039,-1.41368e+06,3.48057e+06
2040,1.44495e+06,-3.26133e+06
2041,2.36249e+06,-2.94102e+06
2042,2.66793e+06,2.97991e+06
2043,1.91835e+06,-3.4887e+06
2044,-2.35451e+06,-3.17248e+06
2045,-3.25878e+06,-1.9422e+06
2046,-3.11469e+06,2.19672e+06
2047,-1.18139e+06,3.84895e+06
2048,-2.45324e+06,-3.40949e+06
2049,-2.13118e+06,3.4545e+06
2050,2.07496e+06,3.39486e+06
2051,-765637,3.78626e+06
2052,2.90866e+06,2.69312e+06
2053,-2.11163e+06,3.53524e+06
2054,3.40287e+06,1.24027e+06
2055,3.65997e+06,1.0107e+06
2056,-3.97171e+06,-185114
2057,3.26976e+06,2.1687e+06
2058,-3.8321e+06,-27842.1
2059,-3.47701e+06,442879
2060,-2.71773e+06,-2.28473e+06
2061,714732,-4.82931e+06
2062,2.51641e+06,-2.85391e+06
2063,-2.64365e+06,-2.76718e+06
2064,3.6298e+06,561044
2065,-3.2194e+06,2.12869e+06
2066,-3.29071e+06,1.77607e+06
2067,-3.32366e+06,1.85497e+06
2068,2.94962e+06,2.28825e+06
2069,-2.68449e+06,-2.62967e+06
2070,-3.71028e+06,955671
2071,-3.37532e+06,1.03232e+06
2072,-537736,-3.78969e+06
2073,-1.525e+06,-3.2274e+06
2074,3.13566e+06,-2.14124e+06
2075,3.73354e+06,769798
2076,-3.06651e+06,-2.07595e+06
2077,3.47458e+06,-1.67895e+06
2078,-3.42085e+06,-1.77533e+06
2079,-3.23121e+06,1.91227e+06
2080,-1.20816e+06,-3.58862e+06
2081,-1.36894e+06,3.55312e+06
2082,1.15964e+06,3.56828e+06
2083,1.79265e+06,3.38298e+06
2084,-2.36944e+06,-3.18818e+06
2085,-3.50624e+06,1.49146e+06
2086,2.67571e+06,2.65629e+06
2087,3.5164e+06,-1.36018e+06
2088,2.43254e+06,2.82792e+06
2089,-2.75751e+06,2.04851e+06
2090,3.32683e+06,-1.77077e+06
2091,-3.43787e+06,367022
2092,876646,3.9201e+06
2093,-1.68245e+06,3.52888e+06
2094,3.39392e+06,-1.6161e+06
2095,-1.82507e+06,4.06329e+06
2096,-850943,3.67675e+06
2097,372478,3.88538e+06
2098,3.71471e+06,48198.9
2099,-2.13332e+06,3.05175e+06
2100,1.21244e+06,-3.60633e+06
2101,-2.36317e+06,2.76329e+06
2102,-3.44062e+06,-1.66484e+06
2103,2.86128e+06,-2.48061e+06
2104,2.27787e+06,2.83293e+06
2105,-2.47801e+06,-2.97703e+06
2106,951886,-3.65385e+06
2107,-2.69227e+06,2.55835e+06
2108,1.6362e+06,3.40666e+06
2109,-3.18761e+06,-2.85253e+06
2110,-2.7248e+06,-2.90054e+06
2111,-2.5896e+06,-2.72811e+06
2112,-3.25134e+06,-2.21264e+06
2113,-2.40756e+06,2.83018e+06
2114,1.39361e+06,-3.56139e+06
2115,1.2976e+06,3.44027e+06
2116,-3.12761e+06,-1.59239e+06
2117,-1.98315e+06,-3.51687e+06
2118,-3.63118e+06,-702239
2119,-3.53733e+06,852314
2120,1.91019e+06,-3.1134e+06
2121,911741,3.67395e+06
2122,-3.36547e+06,1.80072e+06
2123,-3.55995e+06,-2.37928e+06
2124,-3.46859e+06,278772
2125,-2.08376e+06,2.54899e+06
2126,2.74616e+06,-2.58462e+06
2127,-1.2905e+06,-3.44064e+06
2128,2.292e+06,-2.91467e+06
2129,3.0536e+06,-2.13068e+06
2130,-3.5058e+06,1.30783e+06
2131,767840,3.68387e+06
2132,-3.54072e+06,-806486
2133,-3.4648e+06,-1.02056e+06
2134,645788,-3.97043e+06
2135,-3.19884e+06,1.78918e+06
2136,3.32581e+06,453801
2137,-734914,3.02996e+06
2138,-3.44567e+06,1.44591e+06
2139,2.25995e+06,-3.005e+06
2140,3.7477e+06,-752887
2141,3.59042e+06,-984240
2142,2.55299e+06,2.5941e+06
2143,-3.24818e+06,-2.15099e+06
2144,2.09074e+06,3.06127e+06
2145,3.80617e+06,243676
2146,3.57225e+06,1.25024e+06
2147,-2.69043e+06,2.3802e+06
2148,3.52937e+06,-1.02742e+06
2149,-2.87374e+06,-2.93249e+06
2150,1.06513e+06,-3.56298e+06
2151,-4.05433e+06,820536
2152,3.42752e+06,1.26161e+06
2153,-1.68594e+06,3.33172e+06
2154,2.86744e+06,-2.9941e+06
2155,-3.63291e+06,981978
2156,3.2084e+06,1.79812e+06
2157,-3.59522e+06,1.03236e+06
2158,-1.8668e+06,-3.34182e+06
2159,-3.66321e+06,99635.4
2160,-3.51576e+06,924115
2161,3.6402e+06,-591960
2162,-3.64009e+06,-84564.4
2163,-534771,3.84362e+06
2164,2.4493e+06,2.73818e+06
2165,-2.98176e+06,-2.14658e+06
2166,1.16062e+06,3.45679e+06
2167,2.60981e+06,2.51628e+06
2168,-2.72196e+06,1.91367e+06
2169,2.48251e+06,-2.40765e+06
2170,1.6636e+06,-3.27013e+06
2171,3.49886e+06,-1.30054e+06
2172,-2.84044e+06,-2.67908e+06
2173,-1.11977e+06,-2.6055e+06
2174,-3.66653e+06,45422.1
2175,-3.57599e+06,-1.05389e+06
2176,636950,3.6359e+06
2177,-2.85605e+06,2.55266e+06
2178,-2.26414e+06,-2.74021e+06
2179,562814,3.79135e+06
2180,-865890,-3.51216e+06
2181,2.50541e+06,-2.61887e+06
2182,3.06142e+06,-1.72837e+06
2183,3.5206e+06,-1.10888e+06
2184,-2.23747e+06,2.60826e+06
2185,2.84976e+06,1.7725e+06
2186,2.81911e+06,2.04213e+06
2187,-3.03675e+06,1.84672e+06
2188,-3.47751e+06,1.40869e+06
2189,-2.67578e+06,2.08259e+06
2190,-3.37362e+06,-1.5634e+06
2191,-356189,-3.59017e+06
2192,-2.1941e+06,-2.97662e+06
2193,3.35646e+06,-1.53033e+06
2194,3.75704e+06,-242303
2195,-851772,-3.36175e+06
2196,1.97516e+06,3.05956e+06
2197,-3.44687e+06,329320
2198,3.79255e+06,-385807
2199,-3.8427e+06,-207279
2200,3.43928e+06,-2.41857e+06
2201,2.26136e+06,-2.34871e+06
2202,3.25671e+06,807571
2203,-2.15384e+06,3.05011e+06
2204,-1.82264e+06,3.06419e+06
2205,-141930,3.86299e+06
2206,3.01461e+06,-2.15e+06
2207,-4.18503e+06,688803
2208,-3.61754e+06,931004
2209,1.07891e+06,3.42039e+06
2210,1.70154e+06,2.99132e+06
2211,-2.46273e+06,3.18897e+06
2212,50537.5,3.67873e+06
2213,-482386,4.06048e+06
2214,3.12362e+06,-1.69853e+06
2215,3.61485e+06,63948.3
2216,1.95748e+06,-3.12057e+06
2217,-1.02549e+06,3.35299e+06
2218,-1.82173e+06,2.99985e+06
2219,-4.1743e+06,-486180
2220,-1.8071e+06,-3.69924e+06
2221,-3.07896e+06,-48723.4
2222,-3.16347e+06,598273
2223,502867,3.62807e+06
2224,-3.22605e+06,485875
2225,-1.73937e+06,3.5051e+06
2226,1.99643e+06,-2.40795e+06
2227,1.15403e+06,3.26659e+06
2228,3.30478e+06,-136368
2229,2.052e+06,-3.0922e+06
2230,2.27934e+06,-2.76689e+06
2231,-2.33728e+06,3.10617e+06
2232,-2.55075e+06,-2.35582e+06
2233,2.66887e+06,-2.80552e+06
2234,2.36935e+06,2.72462e+06
2235,-3.62823e+06,422321
2236,-3.31258e+06,866895
2237,3.25912e+06,1.28505e+06
2238,772768,-3.47504e+06
2239,-2.21728e+06,-2.77425e+06
2240,2.3858e+06,3.02133e+06
2241,-1.26492e+06,-3.25234e+06
2242,195630,3.61047e+06
2243,1.94864e+06,-2.89081e+06
2244,378904,3.59063e+06
2245,-2.39457e+06,2.4821e+06
2246,3.4119e+06,758355
2247,2.87578e+06,-1.97933e+06
2248,-837954,-3.53161e+06
2249,471381,-3.41676e+06
2250,900897,3.51978e+06
2251,-3.49781e+06,-188497
2252,3.25717e+06,990108
2253,2.4962e+06,2.42451e+06
2254,1.17464e+06,3.85521e+06
2255,3.24219e+06,-2.65943e+06
2256,3.10594e+06,-47888.7
2257,-3.66329e+06,65096.4
2258,3.52853e+06,-5392.03
2259,-2.06506e+06,2.91127e+06
2260,-2.68784e+06,-2.36004e+06
2261,-3.05771e+06,-2.04345e+06
2262,-287971,-3.75301e+06
2263,-2.63145e+06,2.90847e+06
2264,-3.14599e+06,2.49026e+06
2265,-3.04479e+06,2.20241e+06
2266,3.39408e+06,-334682
2267,-3.80566e+06,-1.18142e+06
2268,17269.1,-3.50853e+06
2269,72843.4,3.35134e+06
2270,-2.38024e+06,2.34138e+06
2271,3.81958e+06,817419
2272,-2.83156e+06,2.23296e+06
2273,2.06222e+06,3.38329e+06
2274,3.49263e+06,1.3905e+06
2275,-2.52261e+06,-2.56976e+06
2276,3.58914e+06,254896
2277,-3.25258e+06,-2.01159e+06
2278,2.75427e+06,-2.66435e+06
2279,-3.10813e+06,1.59343e+06
2280,3.37679e+06,-1.37267e+06
2281,933912,3.62132e+06
2282,3.42988e+06,812376
2283,-3.35498e+06,-719530
2284,3.31383e+06,2.51757e+06
2285,3.60385e+06,199175
2286,3.00198e+06,-1.80507e+06
2287,-3.30048e+06,480498
2288,2.55508e+06,2.36268e+06
2289,-3.4626e+06,-311914
2290,-2.67407e+06,-2.30464e+06
2291,-2.65813e+06,-1.10254e+06
2292,-3.2281e+06,1.34948e+06
2293,2.0327e+06,-2.76879e+06
2294,215171,3.51169e+06
2295,-3.1597e+06,-1.66668e+06
2296,3.36885e+06,852625
2297,-3.22659e+06,2.34527e+06
2298,4.55551e+06,316884
2299,1.69676e+06,2.95919e+06
2300,3.26806e+06,1.57031e+06
2301,-3.75865e+06,-393034
2302,-3.56447e+06,14107.3
2303,-2.88309e+06,-1.39778e+06
2304,-805820,-3.5669e+06
2305,-1.44302e+06,-3.14747e+06
2306,-845379,3.44148e+06
2307,2.43872e+06,2.53445e+06
2308,-64755,3.71067e+06
2309,-1.3878e+06,-2.83223e+06
2310,3.26198e+06,1.16502e+06
2311,-751068,-3.42368e+06
2312,-482294,-3.48185e+06
2313,1.85869e+06,-3.25874e+06
2314,-2.4395e+06,1.89357e+06
2315,-1.15557e+06,3.25044e+06
2316,-371901,-2.86615e+06
2317,-1.80698e+06,-3.08022e+06
2318,-2.68961e+06,2.29277e+06
2319,2.64421e+06,-2.38128e+06
2320,3.15129e+06,1.38968e+06
2321,3.62383e+06,-871106
2322,3.264e+06,-1.09272e+06
2323,-3.46026e+06,800840
2324,-3.2767e+06,2.0531e+06
2325,-159815,3.54225e+06
2326,2.91292e+06,-1.89854e+06
2327,985823,3.7489e+06
2328,-3.35913e+06,1.10106e+06
2329,3.11879e+06,-1.59221e+06
2330,-351697,-3.41774e+06
2331,1.48484e+06,-3.098e+06
2332,-2.81988e+06,-557827
2333,-2.7432e+06,2.15308e+06
2334,-674781,3.30236e+06
2335,-2.92215e+06,1.38375e+06
2336,-2.24868e+06,-2.13697e+06
2337,-3.35861e+06,844888
2338,3.04652e+06,1.11504e+06
2339,-909704,-3.18876e+06
2340,2.17049e+06,-3.04009e+06
2341,2.82636e+06,-1.97852e+06
2342,2.76947e+06,1.49698e+06
2343,-54794.4,3.47515e+06
2344,237135,-3.51444e+06
2345,2.53543e+06,-2.40052e+06
2346,319431,-3.57285e+06
2347,3.37085e+06,1.45772e+06
2348,2.32151e+06,-2.25967e+06
2349,-3.12466e+06,-1.57007e+06
2350,521999,-3.438e+06
2351,3.24328e+06,-539632
2352,-1.6121e+06,-2.93466e+06
2353,-2.91385e+06,-1.79754e+06
2354,3.12314e+06,927552
2355,533711,-3.21161e+06
2356,3.46262e+06,505208
2357,-470744,3.36996e+06
2358,3.34883e+06,1.63466e+06
2359,2.47205e+06,2.3397e+06
2360,-2.86969e+06,-1.0807e+06
2361,-678976,3.34408e+06
2362,-3.22776e+06,1.21813e+06
2363,-2.23465e+06,2.8159e+06
2364,2.2872e+06,2.27914e+06
2365,-2.13165e+06,1.97543e+06
2366,3.16351e+06,-1.43547e+06
2367,-2.1495e+06,-2.52036e+06
2368,3.32619e+06,762356
2369,-2.56448e+06,-2.39381e+06
2370,2.06844e+06,2.84366e+06
2371,-1.69441e+06,-2.7944e+06
2372,-3.79276e+06,-82866.7
2373,-3.30072e+06,152990
2374,-3.09033e+06,1.49343e+06
2375,3.36801e+06,779761
2376,-273156,3.30769e+06
2377,1.53631e+06,3.22988e+06
2378,-1.16807e+06,-3.19456e+06
2379,-1.2488e+06,3.19389e+06
2380,3.29977e+06,-560140
2381,3.7854e+06,354813
2382,-3.45508e+06,-710707
2383,777771,-3.23742e+06
2384,-3.43802e+06,270385
2385,-2.8651e+06,2.27163e+06
2386,326025,3.46109e+06
2387,1.31839e+06,3.10152e+06
2388,2.7857e+06,1.87366e+06
2389,2.15283e+06,2.43745e+06
2390,-1.41712e+06,-3.05786e+06
2391,-3.63877e+06,1.47489e+06
2392,-1.0412e+06,3.17212e+06
2393,744697,3.04675e+06
2394,3.21129e+06,891549
2395,1.73777e+06,3.64616e+06
2396,2.95873e+06,-1.80098e+06
2397,2.83775e+06,1.77721e+06
2398,250626,-2.98659e+06
2399,2.44975e+06,2.163e+06
2400,1.21738e+06,-2.79005e+06
2401,-2.20854e+06,2.52098e+06
2402,-3.24389e+06,-1.14005e+06
2403,-1.78316e+06,3.29119e+06
2404,-3.07203e+06,-1.87787e+06
2405,2.89848e+06,1.46801e+06
2406,-3.19022e+06,-760164
2407,-3.21768e+06,448061
2408,1.30839e+06,3.09497e+06
2409,-1.00335e+06,3.46096e+06
2410,3.24904e+06,-1.02336e+06
2411,-135920,3.44415e+06
2412,2.99609e+06,-537871
2413,1.56745e+06,2.85938e+06
2414,-3.37576e+06,434416
2415,-1.84366e+06,-2.65272e+06
2416,-2.88748e+06,585484
2417,944761,3.24602e+06
2418,1.35632e+06,2.84515e+06
2419,3.57062e+06,-210640
2420,-2.75389e+06,1.85968e+06
2421,1.12881e+06,2.46467e+06
2422,2.89105e+06,-1.66496e+06
2423,2.24387e+06,-2.68468e+06
2424,-3.26838e+06,1.79973e+06
2425,616940,-3.4857e+06
2426,-2.75425e+06,1.84195e+06
2427,-2.65396e+06,2.33788e+06
2428,-769077,3.25038e+06
2429,-2.11063e+06,-2.56309e+06
2430,-3.39252e+06,598806
2431,-3.28899e+06,1.43055e+06
2432,-2.98299e+06,-1.8761e+06
2433,3.41888e+06,1.00022e+06
2434,3.24093e+06,-33296.6
2435,-3.03634e+06,-1.4387e+06
2436,-3.23361e+06,741372
2437,-3.97232e+06,-1.16385e+06
2438,-781502,-3.20668e+06
2439,1.47562e+06,-3.21494e+06
2440,848482,3.23015e+06
2441,-423090,-3.5405e+06
2442,-2.74071e+06,-2.52392e+06
2443,-3.18372e+06,-415095
2444,3.2314e+06,-484095
2445,3.1982e+06,-94315.4
2446,546151,-3.5099e+06
2447,-1.29572e+06,-2.90293e+06
2448,2.63319e+06,-2.11757e+06
2449,867436,-2.58037e+06
2450,-3.00218e+06,-1.0371e+06
2451,-3.35451e+06,299161
2452,-2.515e+06,-1.77067e+06
2453,-817625,2.01874e+06
2454,-2.00423e+06,-2.67843e+06
2455,-1.28035e+06,-3.08511e+06
2456,877919,-3.29175e+06
2457,-2.11398e+06,2.12004e+06
2458,-2.7544e+06,-2.68846e+06
2459,3.10214e+06,1.26747e+06
2460,909554,-3.13628e+06
2461,3.31976e+06,1.13913e+06
2462,110724,-3.62607e+06
2463,-2.32449e+06,2.45485e+06
2464,3.08313e+06,-1.79106e+06
2465,2.86466e+06,1.86519e+06
2466,3.29233e+06,-713867
2467,-2.2132e+06,2.65555e+06
2468,2.28416e+06,2.59068e+06
2469,669631,3.78542e+06
2470,3.14383e+06,182326
2471,-1.20133e+06,-2.31908e+06
2472,-841030,-3.87747e+06
2473,-3.16542e+06,1.50478e+06
2474,-3.23715e+06,1.59034e+06
2475,2.65167e+06,1.91455e+06
2476,-868980,-3.19803e+06
2477,2.97244e+06,1.3438e+06
2478,1.33966e+06,-3.04577e+06
2479,-3.37262e+06,-426224
2480,-1.59207e+06,2.80546e+06
2481,-1.92457e+06,2.69609e+06
2482,3.15499e+06,64219.6
2483,2.09477e+06,-2.55036e+06
2484,931323,3.56614e+06
2485,3.23042e+06,-1.01462e+06
2486,-3.70371e+06,-422564
2487,2.72826e+06,-1.95148e+06
2488,-3.2212e+06,820484
2489,3.08112e+06,619461
2490,2.84695e+06,1.28384e+06
2491,-1.60791e+06,-3.04515e+06
2492,-2.26585e+06,-2.22898e+06
2493,2.05063e+06,2.45931e+06
2494,-568819,-3.00675e+06
2495,3.10142e+06,1.03177e+06
2496,2.89083e+06,773388
2497,2.1802e+06,-2.05408e+06
2498,-3.01708e+06,-197940
2499,-74608.4,-3.494e+06
2500,-635386,3.2924e+06
2501,-3.42617e+06,-373172
2502,2.97479e+06,-1.20503e+06
2503,287824,-3.10771e+06
2504,1.98991e+06,-2.53092e+06
2505,663302,-3.11353e+06
2506,-1.89721e+06,-2.90267e+06
2507,-1.76941e+06,-2.74381e+06
2508,-274673,-3.18443e+06
2509,391564,-2.25695e+06
2510,-2.93182e+06,1.26431e+06
2511,2.97449e+06,400251
2512,3.13571e+06,562210
2513,3.04894e+06,-977357
2514,-2.3673e+06,2.40125e+06
2515,2.68635e+06,-162323
2516,2.20141e+06,-2.46984e+06
2517,-3.10404e+06,220724
2518,-2.22992e+06,2.54875e+06
2519,-583644,-3.30408e+06
2520,-3.24447e+06,-691523
2521,-3.2051e+06,632373
2522,-1.52047e+06,-2.85781e+06
2523,-3.15608e+06,859162
2524,-1.40871e+06,-2.92411e+06
2525,-3.1506e+06,-827352
2526,-3.73646e+06,-1.88011e+06
2527,-318813,3.07732e+06
2528,3.11438e+06,818670
2529,-785882,3.08971e+06
2530,3.29405e+06,-59515.3
2531,-2.08075e+06,2.53136e+06
2532,-2.99912e+06,1.05759e+06
2533,-2.11221e+06,-2.64166e+06
2534,2.13306e+06,-2.49691e+06
2535,-2.67694e+06,-1.64121e+06
2536,-193822,3.40679e+06
2537,943.951,3.28221e+06
2538,642338,2.91349e+06
2539,-58923.6,3.52285e+06
2540,819407,3.35068e+06
2541,1.40416e+06,2.40081e+06
2542,-2.29868e+06,-2.22528e+06
2543,2.41504e+06,2.02775e+06
2544,3.42131e+06,220209
2545,2.03406e+06,-2.37564e+06
2546,-1.56988e+06,-2.79941e+06
2547,3.15636e+06,294549
2548,-1.07818e+06,2.90949e+06
2549,-151764,3.15811e+06
2550,1.6123e+06,-2.60049e+06
2551,-3.14298e+06,7165.43
2552,3.42632e+06,-110947
2553,3.36941e+06,-357214
2554,1.28479e+06,2.94814e+06
2555,2.14497e+06,2.28056e+06
2556,3.1085e+06,-1.01083e+06
2557,-3.16576e+06,771665
2558,-1.30293e+06,2.87493e+06
2559,2.69896e+06,-1.17995e+06
2560,3.36578e+06,533042
2561,-2.97964e+06,1.19408e+06
2562,136118,3.18538e+06
2563,-1.56947e+06,2.97242e+06
2564,3.04971e+06,837381
2565,3.14636e+06,-519558
2566,1.49448e+06,2.6901e+06
2567,-1.1857e+06,2.88782e+06
2568,-850980,3.19486e+06
2569,-2.41586e+06,-2.04963e+06
2570,1.31644e+06,-2.85223e+06
2571,3.00474e+06,1.00296e+06
2572,-2.17042e+06,-1.00263e+06
2573,-3.11974e+06,312930
2574,-2.34376e+06,-2.12243e+06
2575,789415,-3.06055e+06
2576,-3.26992e+06,-816049
2577,2.82867e+06,-1.64846e+06
2578,3.07132e+06,901997
2579,1.40095e+06,2.86728e+06
2580,-1.02469e+06,3.73127e+06
2581,1.70861e+06,2.95838e+06
2582,-2.70062e+06,-1.41567e+06
2583,-509667,-3.16716e+06
2584,3.0125e+06,1.04771e+06
2585,-241349,-3.34928e+06
2586,2.66859e+06,1.94411e+06
2587,-1.31292e+06,2.76731e+06
2588,-1.78277e+06,2.48927e+06
2589,1.17972e+06,3.00208e+06
2590,2.84581e+06,723351
2591,-2.27916e+06,1.59789e+06
2592,-1.63183e+06,-2.82274e+06
2593,-2.75582e+06,-1.55549e+06
2594,2.99287e+06,1.45847e+06
2595,3.86527e+06,-411688
2596,2.3705e+06,-2.57558e+06
2597,-1.2893e+06,-2.76826e+06
2598,-2.85183e+06,-2.51058e+06
2599,264305,2.76457e+06
2600,1.21547e+06,2.9266e+06
2601,-3.00796e+06,-570754
2602,-3.10699e+06,184759
2603,-2.82371e+06,1.28731e+06
2604,-3.06322e+06,-2.01078e+06
2605,-1.82841e+06,2.53356e+06
2606,-823290,-3.05119e+06
2607,-2.57839e+06,-1.89153e+06
2608,-1.68788e+06,-2.75309e+06
2609,1.05062e+06,-3.05398e+06
2610,978406,2.98556e+06
2611,-477138,-3.10978e+06
2612,-1.95956e+06,-2.44548e+06
2613,2.75347e+06,-1.19832e+06
2614,-2.13381e+06,2.10416e+06
2615,-2.76993e+06,1.44849e+06
2616,-3.58579e+06,-896292
2617,-689685,-2.77868e+06
2618,2.99437e+06,-5792.42
2619,1.41812e+06,2.81038e+06
2620,423983,-2.97712e+06
2621,-1.84814e+06,-2.25223e+06
2622,-3.07926e+06,1.10181e+06
2623,-915153,-2.56848e+06
2624,2.57889e+06,-1.64998e+06
2625,3.08959e+06,793852
2626,2.25391e+06,1.98188e+06
2627,2.80013e+06,1.5067e+06
2628,-1.69427e+06,2.67223e+06
2629,-86886.5,-3.01262e+06
2630,3.00664e+06,137183
2631,2.72162e+06,1.50595e+06
2632,620494,3.08311e+06
2633,2.05177e+06,-2.57751e+06
2634,-3.07418e+06,591691
2635,17439.2,3.06358e+06
2636,-828123,-2.62506e+06
2637,-3.03207e+06,-69016.3
2638,3.48206e+06,1.05103e+06
2639,288753,3.11486e+06
2640,-2.68671e+06,629354
2641,2.74148e+06,1.40354e+06
2642,-2.62168e+06,-1.98326e+06
2643,-2.04252e+06,2.43477e+06
2644,-2.27313e+06,-2.26014e+06
2645,-703585,-2.97915e+06
2646,3.04103e+06,-42494.1
2647,-1.75934e+06,2.57804e+06
2648,2.88437e+06,-1.1223e+06
2649,2.13228e+06,2.19696e+06
2650,-1.94885e+06,2.09512e+06
2651,-984512,2.83719e+06
2652,461999,-3.02934e+06
2653,1.96002e+06,-2.39625e+06
2654,-2.53472e+06,266951
2655,2.77885e+06,-1.56494e+06
2656,-2.38202e+06,1.89734e+06
2657,2.04853e+06,-2.15629e+06
2658,776868,-3.18211e+06
2659,-509111,-3.02124e+06
2660,-2.83553e+06,850842
2661,2.46687e+06,888210
2662,-2.52139e+06,1.64667e+06
2663,160713,-2.92902e+06
2664,-2.27015e+06,-2.16078e+06
2665,2.42117e+06,1.77627e+06
2666,-2.44555e+06,1.7091e+06
2667,-1.90785e+06,2.49205e+06
2668,613821,-2.83132e+06
2669,-2.2738e+06,1.57181e+06
2670,-2.34749e+06,-1.35859e+06
2671,2.58349e+06,602068
2672,3.31529e+06,829543
2673,2.15029e+06,2.06221e+06
2674,2.63367e+06,-1.58358e+06
2675,-2.79096e+06,1.18213e+06
2676,2.32799e+06,-1.93649e+06
2677,2.62571e+06,1.14439e+06
2678,-2.96943e+06,-57864.2
2679,962278,-2.78229e+06
2680,-1.33095e+06,-2.67113e+06
2681,1.63107e+06,2.76948e+06
2682,746461,-2.99065e+06
2683,1.74327e+06,2.26877e+06
2684,1.91655e+06,-1.65244e+06
2685,-2.76123e+06,-1.27092e+06
2686,-1.01705e+06,2.82628e+06
2687,937505,3.20341e+06
2688,-89725.4,3.03822e+06
2689,-3.3385e+06,171819
2690,1.30228e+06,-2.49231e+06
2691,705064,3.02297e+06
2692,-2.51661e+06,-1.73773e+06
2693,-1.09286e+06,-2.85081e+06
2694,2.68419e+06,-552605
2695,-1.62912e+06,3.08725e+06
2696,2.44888e+06,-1.52899e+06
2697,3.06007e+06,-650782
2698,-2.04661e+06,-2.23495e+06
2699,-1.77533e+06,-2.43363e+06
2700,303174,-3.01084e+06
2701,2.99855e+06,-556730
2702,-813281,3.08166e+06
2703,-2.58421e+06,1.49873e+06
2704,367983,-2.95942e+06
2705,2.90481e+06,1.11096e+06
2706,2.51522e+06,1.55518e+06
2707,1.72546e+06,-2.44863e+06
2708,970428,-2.94537e+06
2709,2.75503e+06,-1.34224e+06
2710,-989659,2.71539e+06
2711,1.99872e+06,1.92907e+06
2712,-2.59493e+06,-497934
2713,1.58788e+06,-2.69904e+06
2714,-38226.4,-2.9471e+06
2715,-630553,2.72692e+06
2716,1.91142e+06,2.291e+06
2717,-927148,2.78933e+06
2718,2.78819e+06,-1.2284e+06
2719,-3.2039e+06,-645610
2720,-1.28595e+06,-2.69135e+06
2721,-2.34833e+06,1.85843e+06
2722,-1.97722e+06,2.20677e+06
2723,-3.36189e+06,148796
2724,3.17312e+06,306844
2725,2.95047e+06,1.92819e+06
2726,2.83379e+06,-210201
2727,973733,-2.93832e+06
2728,2.88682e+06,-848371
2729,55514.7,3.47669e+06
2730,2.22576e+06,1.83489e+06
2731,-1.66028e+06,-3.38542e+06
2732,-2.30446e+06,1.92308e+06
2733,2.1757e+06,-2.08787e+06
2734,1.96828e+06,-1.97082e+06
2735,1.65135e+06,2.46217e+06
2736,2.72971e+06,-1.47878e+06
2737,-2.85054e+06,-1.20288e+06
2738,51626.7,2.93888e+06
2739,1.62544e+06,-2.48795e+06
2740,-2.91149e+06,727915
2741,2.67241e+06,901097
2742,-3.0645e+06,-978856
2743,2.92459e+06,-443738
2744,1.49513e+06,-3.50863e+06
2745,-514305,2.93622e+06
2746,3.74341e+06,-419572
2747,-2.35603e+06,1.86299e+06
2748,-2.34947e+06,2.5264e+06
2749,2.18798e+06,-1.98609e+06
2750,1.87506e+06,2.21128e+06
2751,-3.05292e+06,203392
2752,-2.54399e+06,366862
2753,-2.57142e+06,1.64889e+06
2754,-853346,-2.70021e+06
2755,2.38297e+06,-1.72662e+06
2756,-2.29408e+06,1.81774e+06
2757,1.02468e+06,-2.80331e+06
2758,-1.97836e+06,2.23244e+06
2759,-2.08397e+06,-1.8576e+06
2760,-168739,-3.33183e+06
2761,3.15662e+06,458453
2762,3.00811e+06,-455603
2763,-2.57325e+06,-1.18305e+06
2764,169224,2.92682e+06
2765,-3.02638e+06,-451864
2766,-2.22257e+06,2.04977e+06
2767,-2.92794e+06,538289
2768,779980,-2.86505e+06
2769,-378092,2.9372e+06
2770,-2.66248e+06,-24730.2
2771,-2.12882e+06,2.30862e+06
2772,2.37221e+06,2.2697e+06
2773,622354,-2.98321e+06
2774,-1.33667e+06,-2.17728e+06
2775,93673.7,-2.89072e+06
2776,739589,2.69167e+06
2777,-1.21311e+06,2.46255e+06
2778,-601409,2.80047e+06
2779,1.66443e+06,2.36216e+06
2780,2.19599e+06,1.88465e+06
2781,-2.86601e+06,-333149
2782,-2.55372e+06,315219
2783,1.08487e+06,-2.69032e+06
2784,-2.32936e+06,-1.41382e+06
2785,-3.03172e+06,-328775
2786,3.54835e+06,452735
2787,-1.66152e+06,2.50679e+06
2788,-2.79267e+06,651361
2789,-2.03006e+06,-2.27565e+06
2790,-3.16494e+06,1.04187e+06
2791,-958001,-2.86911e+06
2792,1.96549e+06,-2.16774e+06
2793,-2.99814e+06,522176
2794,136738,-3.14617e+06
2795,-1.02033e+06,2.69822e+06
2796,2.33187e+06,1.60049e+06
2797,2.27103e+06,2.3948e+06
2798,-2.45018e+06,807412
2799,2.90858e+06,-350026
2800,2.73847e+06,-1.14798e+06
2801,2.01167e+06,2.08804e+06
2802,-3.27182e+06,-347887
2803,-1.89192e+06,-2.38025e+06
2804,-430737,2.60253e+06
2805,-757849,-2.74444e+06
2806,3.66281e+06,-201998
2807,-1.52848e+06,-2.16198e+06
2808,1.20924e+06,-2.94527e+06
2809,2.70333e+06,-900060
2810,1.9706e+06,-2.51225e+06
2811,-1.90997e+06,2.23202e+06
2812,638109,2.86022e+06
2813,-2.44486e+06,-1.58818e+06
2814,-948914,-2.64626e+06
2815,1.49628e+06,2.43573e+06
2816,905619,2.71089e+06
2817,2.26444e+06,1.91286e+06
2818,-2.4186e+06,1.6392e+06
2819,-2.87478e+06,-602528
2820,-1.0591e+06,3.01126e+06
2821,2.78994e+06,1.41214e+06
2822,1.39961e+06,-2.50399e+06
2823,1.79494e+06,2.0062e+06
2824,-2.88171e+06,602342
2825,2.22185e+06,-1.88396e+06
2826,-582380,-3.14369e+06
2827,-2.64057e+06,1.33142e+06
2828,-2.85572e+06,-459841
2829,-2.20003e+06,2.12538e+06
2830,2.44201e+06,89398.4
2831,2.65372e+06,294375
2832,-2.82577e+06,77653.9
2833,-1.30617e+06,-2.59478e+06
2834,2.61164e+06,-1.29935e+06
2835,-2.37062e+06,-1.68998e+06
2836,2.7112e+06,1.08646e+06
2837,-1.39951e+06,-2.43727e+06
2838,-65374.4,2.75272e+06
2839,-2.46857e+06,784508
2840,-903448,-2.97714e+06
2841,-2.44742e+06,-113198
2842,2.55612e+06,1.24023e+06
2843,-2.22987e+06,-1.18434e+06
2844,-2.5736e+06,1.43253e+06
2845,2.74153e+06,-851804
2846,-765195,-2.30593e+06
2847,-2.86696e+06,-1.68284e+06
2848,-1.08896e+06,2.64769e+06
2849,2.12763e+06,1.81675e+06
2850,2.82023e+06,-523831
2851,-828601,2.58299e+06
2852,899838,-2.60295e+06
2853,667076,-2.82266e+06
2854,-2.01738e+06,2.24625e+06
2855,-198418,-2.83178e+06
2856,-2.52684e+06,-1.16466e+06
2857,-2.93208e+06,-746908
2858,-1.2827e+06,2.56549e+06
2859,2.41798e+06,1.63743e+06
2860,-2.93275e+06,1.04739e+06
2861,-528681,2.85246e+06
2862,-2.95461e+06,-105891
2863,-2.65459e+06,-111916
2864,-434086,-2.83527e+06
2865,2.65025e+06,-780414
2866,1.33161e+06,-2.58513e+06
2867,1.56392e+06,-2.35956e+06
2868,-2.41637e+06,-1.83449e+06
2869,2.2331e+06,-1.03189e+06
2870,843506,1.36788e+06
2871,-2.13024e+06,-1.31389e+06
2872,-2.28732e+06,1.70401e+06
2873,2.18983e+06,-1.78702e+06
2874,1.793e+06,2.42002e+06
2875,3.41628e+06,430146
2876,-1.62114e+06,-2.85081e+06
2877,2.35453e+06,1.37983e+06
2878,-2.54847e+06,1.27045e+06
2879,-815939,-2.70865e+06
2880,-2.41009e+06,1.29823e+06
2881,-347868,2.94456e+06
2882,-2.47009e+06,562356
2883,-459437,2.81204e+06
2884,-3.02586e+06,1.05364e+06
2885,2.97568e+06,113320
2886,-1.31857e+06,-2.45799e+06
2887,747884,2.72773e+06
2888,-1.71569e+06,-2.20216e+06
2889,-2.4612e+06,-1.2517e+06
2890,1.78009e+06,2.17724e+06
2891,3.1079e+06,913555
2892,2.2992e+06,-1.61991e+06
2893,2.19035e+06,1.92034e+06
2894,1.24546e+06,2.45672e+06
2895,-166711,2.76208e+06
2896,-139742,-2.75435e+06
2897,430679,-2.78998e+06
2898,2.40402e+06,-1.10528e+06
2899,-476902,-3.11543e+06
2900,405447,-2.90882e+06
2901,1.69958e+06,1.16109e+06
2902,1.98472e+06,2.11558e+06
2903,398217,3.04345e+06
2904,171103,-2.72073e+06
2905,880154,2.68639e+06
2906,2.81778e+06,-853562
2907,1.15137e+06,-2.15926e+06
2908,-2.41868e+06,1.23741e+06
2909,2.40181e+06,1.26565e+06
2910,2.04055e+06,2.12216e+06
2911,180485,-2.63905e+06
2912,-2.65788e+06,-893999
2913,2.29577e+06,-1.5475e+06
2914,-1.48883e+06,2.38613e+06
2915,-2.64043e+06,-982701
2916,-1.03309e+06,-2.23513e+06
2917,-1.46731e+06,-2.48287e+06
2918,-814787,2.65022e+06
2919,1.48621e+06,-2.10267e+06
2920,-2.90054e+06,149644
2921,-2.71673e+06,777410
2922,2.87567e+06,-267841
2923,2.41636e+06,1.13906e+06
2924,3.03293e+06,274526
2925,1.83714e+06,2.17286e+06
2926,35969.6,-2.72537e+06
2927,-1.45777e+06,-1.5922e+06
2928,1.992e+06,-1.06177e+06
2929,561425,2.797e+06
2930,2.40612e+06,1.59452e+06
2931,-2.3119e+06,1.22807e+06
2932,-2.19293e+06,1.71659e+06
2933,1.39032e+06,2.28084e+06
2934,-2.55259e+06,1.64185e+06
2935,878149,2.89056e+06
2936,2.97011e+06,-93322.5
2937,-2.65609e+06,463421
2938,323826,2.85632e+06
2939,1.98001e+06,2.05614e+06
2940,559587,2.92684e+06
2941,-1.69672e+06,2.23101e+06
2942,-250778,-2.65737e+06
2943,-1.1329e+06,2.53195e+06
2944,2.69231e+06,621229
2945,-1.28838e+06,2.44917e+06
2946,2.65192e+06,-1.14243e+06
2947,-288984,2.74778e+06
2948,2.26989e+06,1.55402e+06
2949,897724,2.57348e+06
2950,-2.05665e+06,1.06835e+06
2951,2.63503e+06,-377739
2952,2.76985e+06,-539862
2953,1.014e+06,-2.54955e+06
2954,-2.79102e+06,644212
2955,678058,-2.68198e+06
2956,-1.34863e+06,2.41525e+06
2957,2.34839e+06,2.1171e+06
2958,-2.09733e+06,-1.81226e+06
2959,1.30699e+06,1.94265e+06
2960,-2.67825e+06,441134
2961,1.27771e+06,2.36708e+06
2962,-2.78672e+06,7222.2
2963,-1.95904e+06,2.05367e+06
2964,813039,2.64301e+06
2965,470864,2.7218e+06
2966,-1.38101e+06,-2.24682e+06
2967,-2.57408e+06,-1.33249e+06
2968,-28307,2.74896e+06
2969,-2.66668e+06,-3284.3
2970,207840,2.50063e+06
2971,-858823,-2.55184e+06
2972,1.54913e+06,-2.10024e+06
2973,-508479,3.43022e+06
2974,2.32286e+06,1.41741e+06
2975,1.74587e+06,2.10591e+06
2976,2.51833e+06,1.44706e+06
2977,-2.56676e+06,-1.02483e+06
2978,1.68389e+06,2.28932e+06
2979,793274,-2.60109e+06
2980,2.69888e+06,793442
2981,465192,-3.16595e+06
2982,2.79872e+06,380002
2983,-26311,-2.65984e+06
2984,-497972,-2.76577e+06
2985,2.99053e+06,-1.47962e+06
2986,-668552,-2.75949e+06
2987,2.49856e+06,-671116
2988,-2.43633e+06,-1.28281e+06
2989,1.28504e+06,-2.37003e+06
2990,-2.09298e+06,-1.3908e+06
2991,-2.65486e+06,-88507.8
2992,1.24934e+06,2.47761e+06
2993,-2.44379e+06,1.22069e+06
2994,1.89786e+06,-2.08152e+06
2995,1.37166e+06,2.39085e+06
2996,-1.89686e+06,2.12344e+06
2997,-2.64537e+06,-736260
2998,2.64794e+06,245321
2999,707340,2.35991e+06
3000,1.29265e+06,2.34537e+06
3001,-1.12892e+06,2.72914e+06
3002,-2.72967e+06,408129
3003,-826310,2.88883e+06
3004,1.19874e+06,-2.33806e+06
3005,2.87879e+06,190925
3006,1.28941e+06,-2.43663e+06
3007,-1.91723e+06,1.44247e+06
3008,1.38493e+06,-2.37549e+06
3009,2.74713e+06,81610
3010,2.12675e+06,-1.66632e+06
3011,1.81115e+06,-1.98241e+06
3012,1.7462e+06,2.02417e+06
3013,996628,-2.55994e+06
3014,-2.43891e+06,-593830
3015,-454025,2.61557e+06
3016,1.86696e+06,1.84839e+06
3017,-583031,2.6679e+06
3018,-1.44146e+06,2.42096e+06
3019,-50997.2,2.71632e+06
3020,-2.54162e+06,1.06194e+06
3021,1.84546e+06,-1.94337e+06
3022,-2.68533e+06,-223973
3023,-2.69283e+06,326953
3024,2.66991e+06,-1.2208e+06
3025,-2.62024e+06,-539857
3026,2.28172e+06,-1.74542e+06
3027,2.47495e+06,-756277
3028,2.34878e+06,1.15418e+06
3029,2.79026e+06,452387
3030,-337123,2.60464e+06
3031,-2.16313e+06,-2.06361e+06
3032,-48448.3,2.73769e+06
3033,-2.99727e+06,61284.9
3034,-2.77581e+06,262243
3035,171236,2.66295e+06
3036,-2.48098e+06,1.88122e+06
3037,854230,2.51884e+06
3038,1.36266e+06,2.25542e+06
3039,2.3894e+06,-1.64079e+06
3040,-1.32042e+06,-2.32503e+06
3041,839849,2.61052e+06
3042,1.96339e+06,-2.14134e+06
3043,1.70495e+06,2.67312e+06
3044,2.88437e+06,-270002
3045,1.60707e+06,-1.92992e+06
3046,-1.19242e+06,1.96762e+06
3047,2.66e+06,-676001
3048,-1.30842e+06,-2.03092e+06
3049,-1.6227e+06,1.85887e+06
3050,2.22968e+06,1.62927e+06
3051,-583204,2.78432e+06
3052,-2.65956e+06,-104152
3053,-102416,2.57934e+06
3054,-594251,-2.6363e+06
3055,-2.73492e+06,-1.05976e+06
3056,-2.53435e+06,494051
3057,1.19464e+06,-2.11731e+06
3058,-1.58236e+06,-2.49852e+06
3059,-1.44912e+06,-1.93176e+06
3060,2.58242e+06,-556797
3061,1.811e+06,-801782
3062,1.86537e+06,1.86566e+06
3063,-1.25479e+06,-2.31719e+06
3064,1.28104e+06,-2.21223e+06
3065,-154699,-2.83884e+06
3066,-94030.6,-2.05565e+06
3067,-2.18069e+06,1.65604e+06
3068,291895,-2.8827e+06
3069,-1.95137e+06,-1.80111e+06
3070,-2.58981e+06,-596487
3071,-965567,-2.976e+06
3072,-2.25662e+06,961533
3073,-2.20872e+06,-1.41277e+06
3074,-176711,-2.68511e+06
3075,2.76495e+06,305523
3076,2.11764e+06,-1.53485e+06
3077,-2.20101e+06,808323
3078,1.66955e+06,-1.84394e+06
3079,-2.32576e+06,1.61149e+06
3080,-2.15995e+06,-1.48786e+06
3081,214744,-2.69377e+06
3082,-2.48379e+06,1.11006e+06
3083,2.6328e+06,-411254
3084,2.43392e+06,-691497
3085,-2.49224e+06,941656
3086,2.50797e+06,173746
3087,-1.87829e+06,1.87831e+06
3088,-435709,-2.6264e+06
3089,-2.64938e+06,-281139
3090,-2.51475e+06,-484377
3091,2.58322e+06,-545900
3092,3.14659e+06,761506
3093,942406,-2.48456e+06
3094,-2.78275e+06,59062
3095,1.9153e+06,-1.7827e+06
3096,-966160,2.39841e+06
3097,330258,-2.80143e+06
3098,-2.60864e+06,823128
3099,754903,2.53159e+06
3100,2.10732e+06,-1.13369e+06
3101,1.0003e+06,2.39223e+06
3102,2.459e+06,1.00336e+06
3103,2.46851e+06,-558494
3104,-2.66892e+06,-561748
3105,2.57765e+06,-571932
3106,1.6727e+06,-1.85164e+06
3107,-2.2185e+06,-124341
3108,-1.06879e+06,2.32986e+06
3109,1.99784e+06,-1.03825e+06
3110,-287615,2.57115e+06
3111,-19072.3,-2.6056e+06
3112,2.60846e+06,509229
3113,-2.0654e+06,-1.61426e+06
3114,-308211,2.4227e+06
3115,2.76553e+06,-474416
3116,214985,2.52313e+06
3117,-1.05231e+06,2.84112e+06
3118,-392124,3.17762e+06
3119,1.94821e+06,1.77217e+06
3120,2.42657e+06,-1.11866e+06
3121,219246,-2.52494e+06
3122,-1.72954e+06,-2.13139e+06
3123,-2.39164e+06,-739484
3124,-2.22086e+06,-1.35472e+06
3125,-699537,2.68673e+06
3126,-2.45618e+06,3185.21
3127,1.25494e+06,-2.45908e+06
3128,2.34331e+06,-299745
3129,-2.29392e+06,1.49275e+06
3130,1.06562e+06,2.49e+06
3131,-2.60243e+06,-758157
3132,671681,2.53151e+06
3133,894732,-2.33253e+06
3134,-791194,-2.88143e+06
3135,-1.99591e+06,1.66028e+06
3136,-1.19755e+06,2.14295e+06
3137,2.11903e+06,1.18378e+06
3138,-813267,2.47035e+06
3139,1.48754e+06,2.15336e+06
3140,-2.36917e+06,1.10857e+06
3141,2.27041e+06,1.22992e+06
3142,454469,-2.5622e+06
3143,312356,-2.7466e+06
3144,1.31836e+06,-2.3017e+06
3145,-1.62246e+06,-2.07124e+06
3146,-431543,2.51527e+06
3147,2.65987e+06,1.07015e+06
3148,-1.17201e+06,-2.23352e+06
3149,-1.01399e+06,-2.32416e+06
3150,2.52846e+06,1.76902e+06
3151,2.5954e+06,-611079
3152,2.25033e+06,-1.02707e+06
3153,-1.53042e+06,2.12417e+06
3154,286325,2.53518e+06
3155,-1.48238e+06,-1.51714e+06
3156,2.08592e+06,1.58157e+06
3157,-1.86033e+06,-1.77445e+06
3158,1.15048e+06,-2.35211e+06
3159,-1.01115e+06,2.02084e+06
3160,-1.30802e+06,2.34438e+06
3161,-311419,-3.14926e+06
3162,998153,-2.41737e+06
3163,-1.73289e+06,-1.79759e+06
3164,-698288,-1.91717e+06
3165,2.45737e+06,44324.3
3166,-1.38536e+06,2.21181e+06
3167,1.38766e+06,-2.13753e+06
3168,-3.30726e+06,409323
3169,-2.56298e+06,400352
3170,2.44647e+06,-413447
3171,2.33607e+06,-936126
3172,-1.4084e+06,-2.36414e+06
3173,1.40895e+06,2.71344e+06
3174,1.99711e+06,-1.61579e+06
3175,1.58201e+06,1.97119e+06
3176,-755345,-2.82114e+06
3177,-1.93149e+06,1.92466e+06
3178,743163,-2.19744e+06
3179,-2.31887e+06,-899115
3180,2.07736e+06,-2.18785e+06
3181,-1.63567e+06,1.35565e+06
3182,-2.54565e+06,1.1228e+06
3183,479478,-2.50066e+06
3184,1.60234e+06,-2.40554e+06
3185,2.10558e+06,-1.5555e+06
3186,2.13593e+06,-1.41895e+06
3187,1.11279e+06,-1.70226e+06
3188,-1.22807e+06,2.2331e+06
3189,-232778,-2.69885e+06
3190,1.28635e+06,2.6623e+06
3191,-1.51918e+06,-1.67097e+06
3192,2.44365e+06,-1.44226e+06
3193,-611110,-2.63075e+06
3194,-2.76354e+06,378139
3195,-1.60681e+06,1.69762e+06
3196,495633,2.46092e+06
3197,-2.97652e+06,391603
3198,1.85527e+06,426548
3199,-1.89359e+06,1.15031e+06
3200,1.07702e+06,2.40228e+06
3201,1.48413e+06,1.97474e+06
3202,-1.81621e+06,1.6706e+06
3203,3.02631e+06,168460
3204,2.53484e+06,-186713
3205,2.02627e+06,1.31608e+06
3206,2.20497e+06,1.14063e+06
3207,-2.45141e+06,744633
3208,-2.3623e+06,-1.45871e+06
3209,-1.7834e+06,-426575
3210,1.4454e+06,2.01371e+06
3211,2.65264e+06,-245907
3212,1.13515e+06,2.16221e+06
3213,2.02502e+06,-585309
3214,1.68834e+06,-1.92512e+06
3215,-899626,2.4742e+06
3216,2.55475e+06,1.15247e+06
3217,461703,-2.09031e+06
3218,-2.51026e+06,-221059
3219,-2.23371e+06,1.16323e+06
3220,1.88881e+06,1.73503e+06
3221,554636,2.34742e+06
3222,693369,-2.70285e+06
3223,1.8818e+06,-1.63302e+06
3224,2.58325e+06,-1.26678e+06
3225,-27502.9,2.5416e+06
3226,-3.05046e+06,-520779
3227,-1.95346e+06,1.50869e+06
3228,-992011,2.21489e+06
3229,-924883,2.35858e+06
3230,1.74469e+06,-1.81957e+06
3231,2.46356e+06,-527277
3232,171383,2.39235e+06
3233,-1.95151e+06,-2.35744e+06
3234,-82870.8,2.55222e+06
3235,2.56089e+06,-717451
3236,-1.03898e+06,2.10873e+06
3237,1.17336e+06,2.24506e+06
3238,365564,2.4601e+06
3239,-1.46518e+06,2.12551e+06
3240,1.03574e+06,2.16996e+06
3241,-2.83143e+06,-775856
3242,-2.46598e+06,-650788
3243,1.96905e+06,1.12855e+06
3244,473666,-2.47007e+06
3245,1.77718e+06,-1.6071e+06
3246,-2.6692e+06,645237
3247,2.54753e+06,-311517
3248,-1.28755e+06,-2.11515e+06
3249,2.00582e+06,1.46982e+06
3250,-1.64664e+06,-1.88396e+06
3251,810938,2.37636e+06
3252,-915334,2.24969e+06
3253,-2.38988e+06,703338
3254,-942724,-2.3634e+06
3255,1.66575e+06,1.71902e+06
3256,-1.71489e+06,-1.73177e+06
3257,1.12291e+06,-2.25317e+06
3258,1.95701e+06,-1.56274e+06
3259,-2.77829e+06,1.00179e+06
3260,1.3595e+06,2.10707e+06
3261,-1.82752e+06,-1.4438e+06
3262,-2.42133e+06,-618988
3263,2.29161e+06,-932985
3264,2.09121e+06,-1.49691e+06
3265,-2.51658e+06,362389
3266,1.99606e+06,1.36597e+06
3267,-973468,-2.3281e+06
3268,1.77054e+06,1.0724e+06
3269,-1.2263e+06,-2.3921e+06
3270,-565301,2.61642e+06
3271,-1.48604e+06,-2.12545e+06
3272,1.43096e+06,2.22683e+06
3273,478076,2.39672e+06
3274,1.36242e+06,1.51818e+06
3275,2.48602e+06,399431
3276,-1.50911e+06,-87127.8
3277,-326486,-2.64386e+06
3278,2.57866e+06,-982782
3279,-2.25611e+06,1.23119e+06
3280,-367985,-2.52219e+06
3281,2.06402e+06,1.38742e+06
3282,676992,-2.42035e+06
3283,-933563,-2.45428e+06
3284,2.15578e+06,25830.8
3285,-40285.9,2.58052e+06
3286,2.20943e+06,-1.64629e+06
3287,-356131,2.22691e+06
3288,-1.48895e+06,1.97081e+06
3289,370350,2.62007e+06
3290,-2.46299e+06,443741
3291,2.62786e+06,184799
3292,2.70063e+06,-134897
3293,-963039,-2.09353e+06
3294,388410,-2.48557e+06
3295,1.24361e+06,1.74075e+06
3296,-1.03915e+06,-2.22339e+06
3297,-2.28319e+06,913436
3298,-1.95333e+06,1.81627e+06
3299,748966,2.20544e+06
3300,-2.0826e+06,1.79171e+06
3301,2.08402e+06,1.68372e+06
3302,2.45631e+06,-533394
3303,-1.64722e+06,-1.79261e+06
3304,2.38987e+06,-677335
3305,-2.25301e+06,1.09087e+06
3306,2.20625e+06,1.33471e+06
3307,-777874,2.45079e+06
3308,1.68826e+06,1.79474e+06
3309,619125,2.01153e+06
3310,1.92194e+06,1.57446e+06
3311,1.27775e+06,-2.13108e+06
3312,756176,-2.12084e+06
3313,163513,-2.47742e+06
3314,-2.73675e+06,1.23559e+06
3315,-664716,2.43576e+06
3316,-1.89474e+06,-724971
3317,2.79735e+06,-391512
3318,-2.51572e+06,-966840
3319,-773585,-2.4121e+06
3320,-1.81267e+06,901551
3321,2.4252e+06,-106635
3322,2.07893e+06,146751
3323,37344.5,-2.68581e+06
3324,-2.28137e+06,-891981
3325,-1.31373e+06,2.20357e+06
3326,-3.0049e+06,154359
3327,-2.22458e+06,-1.34229e+06
3328,-2.21648e+06,-528339
3329,2.46684e+06,576066
3330,2.46385e+06,-217656
3331,37134.7,-2.4703e+06
3332,872191,-2.30019e+06
3333,2.05114e+06,-1.37758e+06
3334,-962392,2.44984e+06
3335,1.15841e+06,-2.14138e+06
3336,-1.87295e+06,1.55215e+06
3337,-1.85263e+06,-1.33326e+06
3338,2.17445e+06,-1.25776e+06
3339,1.98739e+06,-2.77102e+06
3340,-21954.4,2.53478e+06
3341,589280,2.33086e+06
3342,-183207,-2.4139e+06
3343,1.50194e+06,2.30701e+06
3344,-2.38235e+06,-374083
3345,112964,2.46229e+06
3346,705822,2.27323e+06
3347,-2.28328e+06,-531682
3348,-1.89523e+06,-1.60575e+06
3349,2.44916e+06,-608497
3350,1.76933e+06,-1.69596e+06
3351,2.94582e+06,-216508
3352,-786246,2.23032e+06
3353,-1.17378e+06,-2.22184e+06
3354,-2.4205e+06,1.39435e+06
3355,2.43657e+06,313626
3356,2.47601e+06,1.32583e+06
3357,-822750,2.2215e+06
3358,1.91747e+06,1.16626e+06
3359,1.67264e+06,73806.6
3360,-2.212e+06,328528
3361,-2.43399e+06,850286
3362,945648,-2.21187e+06
3363,-884115,2.3906e+06
3364,-2.12203e+06,898717
3365,-912799,-1.88653e+06
3366,784365,-2.35788e+06
3367,-292323,2.4097e+06
3368,-1.36356e+06,1.64392e+06
3369,-1.13704e+06,2.06946e+06
3370,-1.49799e+06,-1.85846e+06
3371,2.23165e+06,972097
3372,-25432.3,-2.39786e+06
3373,-884230,2.87021e+06
3374,-2.44101e+06,294030
3375,2.31805e+06,721750
3376,-986555,2.48415e+06
3377,1.87237e+06,-1.57909e+06
3378,-1.85271e+06,1.78655e+06
3379,-1.28477e+06,1.97444e+06
3380,2.21464e+06,-1.17166e+06
3381,-2.60867e+06,-66225.9
3382,-2.16724e+06,950861
3383,-2.35725e+06,-509629
3384,-2.30007e+06,678655
3385,1.66414e+06,-1.51008e+06
3386,-1.56678e+06,-1.94707e+06
3387,-2.20537e+06,-924153
3388,-759747,-2.25714e+06
3389,1.68052e+06,2.04082e+06
3390,1.24135e+06,1.64311e+06
3391,-2.15157e+06,658665
3392,2.16843e+06,-1.11584e+06
3393,2.73431e+06,-976262
3394,1.80027e+06,1.56147e+06
3395,1.76666e+06,-1.96865e+06
3396,-1.27294e+06,-2.02022e+06
3397,2.03965e+06,1.06296e+06
3398,-2.36646e+06,-182016
3399,849272,1.85519e+06
3400,-2.30872e+06,130945
3401,-1.42606e+06,-1.95625e+06
3402,2.63458e+06,-285982
3403,-839897,2.31228e+06
3404,2.18497e+06,-1.4595e+06
3405,2.12837e+06,1.35363e+06
3406,-1.69484e+06,-1.52101e+06
3407,-2.02263e+06,1.52007e+06
3408,-2.29892e+06,609548
3409,1.65967e+06,1.95552e+06
3410,-1.82023e+06,1.38553e+06
3411,146759,-2.53577e+06
3412,153436,-2.65757e+06
3413,662871,2.25458e+06
3414,-2.67641e+06,419283
3415,2.88592e+06,-1.56324e+06
3416,-1.79744e+06,-1.5375e+06
3417,-2.01473e+06,991089
3418,-2.43151e+06,454054
3419,473724,-2.32484e+06
3420,1.53935e+06,1.79938e+06
3421,-1.04014e+06,2.16788e+06
3422,-2.25656e+06,-953137
3423,-2.47072e+06,885533
3424,-923294,-2.05229e+06
3425,-1.01397e+06,2.165e+06
3426,2.36483e+06,721233
3427,-749778,2.17231e+06
3428,1.48962e+06,2.23762e+06
3429,-903299,-2.03923e+06
3430,-1.86877e+06,-1.00728e+06
3431,2.41742e+06,207546
3432,-2.20739e+06,-864276
3433,-1.03104e+06,1.779e+06
3434,1.95861e+06,-1.49676e+06
3435,1.2226e+06,-2.09743e+06
3436,-178388,1.95561e+06
3437,-1.9625e+06,1.25406e+06
3438,943205,2.23834e+06
3439,2.74947e+06,113344
3440,-2.4951e+06,-828496
3441,-110605,2.39998e+06
3442,2.23701e+06,764000
3443,-2.2399e+06,954838
3444,-797594,2.67371e+06
3445,1.09365e+06,-2.0041e+06
3446,-1.2609e+06,1.74465e+06
3447,-1.10945e+06,1.93453e+06
3448,975614,-2.1147e+06
3449,1.91978e+06,1.39315e+06
3450,-2.2581e+06,-69477.8
3451,2.0911e+06,1.13079e+06
3452,-2.12194e+06,1.15797e+06
3453,-2.3859e+06,-590809
3454,379936,-2.35716e+06
3455,2.3257e+06,1.28016e+06
3456,1.53167e+06,-1.94198e+06
3457,2.63939e+06,330366
3458,-67791.6,-2.82399e+06
3459,2.33307e+06,-788329
3460,2.21209e+06,-172595
3461,653420,-2.28374e+06
3462,1.94849e+06,-1.23985e+06
3463,2.84036e+06,881058
3464,-934098,-2.71521e+06
3465,-1.77482e+06,1.61778e+06
3466,-69665.7,2.21273e+06
3467,-2.04614e+06,-187306
3468,250759,2.30444e+06
3469,2.18912e+06,945573
3470,-2.42949e+06,408454
3471,-615200,-2.31223e+06
3472,284289,2.32934e+06
3473,2.15391e+06,481275
3474,2.27209e+06,-139248
3475,-2.15354e+06,-563544
3476,633548,2.19086e+06
3477,-2.09214e+06,951040
3478,1.6858e+06,-1.44041e+06
3479,-1.47473e+06,1.78591e+06
3480,1.78789e+06,1.69911e+06
3481,1.07147e+06,-2.24429e+06
3482,1.24276e+06,-1.70386e+06
3483,-1.19846e+06,1.97313e+06
3484,1.46624e+06,-1.19986e+06
3485,-1.91158e+06,1.07715e+06
3486,-2.37312e+06,882372
3487,2.3782e+06,-327751
3488,774402,-2.30073e+06
3489,-2.06263e+06,-958383
3490,2.29324e+06,114507
3491,2.28847e+06,331316
3492,-2.20198e+06,985875
3493,-1.24139e+06,-2.06294e+06
3494,3.34514e+06,686737
3495,808810,-2.17181e+06
3496,-1.91594e+06,-1.76731e+06
3497,-2.11816e+06,1.46426e+06
3498,470352,2.2268e+06
3499,-2.24311e+06,-743280
3500,-99602.1,2.45067e+06
3501,-2.31382e+06,598930
3502,-434427,-2.18515e+06
3503,-649773,2.25395e+06
3504,2.34606e+06,137279
3505,1.24562e+06,1.82337e+06
3506,-1.56231e+06,-1.62849e+06
3507,-573929,2.27646e+06
3508,-1.03763e+06,2.7512e+06
3509,828514,-2.22928e+06
3510,-285512,-2.2937e+06
3511,549101,-2.30246e+06
3512,-1.75358e+06,-1.64771e+06
3513,457263,2.57314e+06
3514,128285,2.33578e+06
3515,-329634,-2.35202e+06
3516,-2.35939e+06,104562
3517,638157,2.0823e+06
3518,-850200,-1.69286e+06
3519,2.28128e+06,383840
3520,1.74068e+06,1.46407e+06
3521,-1.3973e+06,-1.13516e+06
3522,-1.94634e+06,-953112
3523,-2.44487e+06,-43411.7
3524,-2.34753e+06,272053
3525,1.11697e+06,2.02257e+06
3526,-1.67914e+06,-1.16611e+06
3527,-92998.5,-2.36558e+06
3528,1.67876e+06,1.73389e+06
3529,2.26595e+06,-458833
3530,-1.37774e+06,-1.24142e+06
3531,-1.06283e+06,2.16608e+06
3532,417532,-2.32425e+06
3533,2.90177e+06,-493289
3534,-894397,2.25797e+06
3535,-2.1643e+06,1.09823e+06
3536,2.08954e+06,-1.17112e+06
3537,403041,1.60149e+06
3538,2.07398e+06,1.53747e+06
3539,869209,2.15395e+06
3540,-202717,-2.29519e+06
3541,-903684,-2.15724e+06
3542,1.76957e+06,-1.51028e+06
3543,827113,2.3026e+06
3544,1.52618e+06,-1.89206e+06
3545,1.51116e+06,1.80398e+06
3546,1.73379e+06,1.87674e+06
3547,-2.4805e+06,729947
3548,721496,2.10555e+06
3549,-2.13653e+06,1.065e+06
3550,1.04212e+06,2.07221e+06
3551,1.33721e+06,2.05962e+06
3552,1.1463e+06,-2.16653e+06
3553,793659,2.46581e+06
3554,182526,1.93108e+06
3555,-2.15736e+06,2.42339e+06
3556,-2.16987e+06,960204
3557,300278,2.25751e+06
3558,-1.24032e+06,2.06571e+06
3559,-141890,-2.2175e+06
3560,2.08017e+06,1.18026e+06
3561,-2.36093e+06,-522892
3562,3.27766e+06,1.00723e+06
3563,-2.42294e+06,-579000
3564,-2.27054e+06,733214
3565,1.98363e+06,-1.24495e+06
3566,1.59739e+06,1.61163e+06
3567,2.04564e+06,1.22685e+06
3568,-460042,2.19261e+06
3569,127422,2.37315e+06
3570,119873,-2.27022e+06
3571,-786802,-2.25262e+06
3572,1.58863e+06,-1.55423e+06
3573,-1.65823e+06,1.62114e+06
3574,943982,-1.73721e+06
3575,-1.98658e+06,-2.22961e+06
3576,-1.42004e+06,-2.11221e+06
3577,-2.02492e+06,1.1673e+06
3578,-1.32754e+06,-1.95515e+06
3579,-180301,2.1778e+06
3580,-1.60306e+06,1.95826e+06
3581,1.44912e+06,1.79362e+06
3582,-1.46722e+06,1.6999e+06
3583,-1.68901e+06,-2.07481e+06
3584,889284,2.10427e+06
3585,-1.48689e+06,1.67444e+06
3586,-1.83594e+06,-1.15972e+06
3587,474022,2.33353e+06
3588,557783,2.11662e+06
3589,145618,2.32242e+06
3590,2.31343e+06,211624
3591,-1.68619e+06,-923737
3592,3502.68,2.28329e+06
3593,2.06084e+06,920947
3594,-2.11963e+06,-802336
3595,2.47074e+06,2.06081e+06
3596,450700,-2.21037e+06
3597,1.5222e+06,1.78841e+06
3598,1.11032e+06,-2.438e+06
3599,2.18898e+06,-802224
3600,-1.71844e+06,-1.46852e+06
3601,2.04016e+06,1.68367e+06
3602,194126,2.88998e+06
3603,-3004.28,-2.28337e+06
3604,6105.42,-2.10308e+06
3605,-1.76028e+06,-586232
3606,-1.36536e+06,1.77049e+06
3607,2.08383e+06,-292668
3608,1.99718e+06,1.2037e+06
3609,-1.45482e+06,-1.81002e+06
3610,-192220,-2.26111e+06
3611,1.29693e+06,1.85537e+06
3612,-521357,2.25415e+06
3613,2.29254e+06,-517354
3614,1.90708e+06,-1.04972e+06
3615,-2.29128e+06,-1.51868e+06
3616,1.32678e+06,-2.03079e+06
3617,2.43966e+06,540024
3618,-2.00271e+06,-496228
3619,1.81253e+06,1.43505e+06
3620,1.77057e+06,-1.19057e+06
3621,-1.95144e+06,-1.50947e+06
3622,-1.49459e+06,1.32389e+06
3623,-1.77561e+06,1.43253e+06
3624,-1.07203e+06,2.30624e+06
3625,-1.89842e+06,-1.28345e+06
3626,-1.97379e+06,-635680
3627,-1.68194e+06,2.04428e+06
3628,-197800,2.2325e+06
3629,693696,2.11231e+06
3630,1.75419e+06,194529
3631,-285492,1.96029e+06
3632,1.06496e+06,1.91937e+06
3633,-2.08876e+06,1.56334e+06
3634,493342,2.24983e+06
3635,1.84532e+06,1.44387e+06
3636,-844456,-2.12375e+06
3637,-2.24569e+06,-57855.9
3638,1.19363e+06,2.0569e+06
3639,1.71547e+06,1.33391e+06
3640,-1.99075e+06,1.23631e+06
3641,1.70743e+06,1.0009e+06
3642,-2.20229e+06,-1.15952e+06
3643,-730276,2.30174e+06
3644,-962836,2.01037e+06
3645,2.3176e+06,-91036.2
3646,2.26175e+06,399647
3647,-1.34859e+06,1.86797e+06
3648,-2.04119e+06,-1.81046e+06
3649,-1.68221e+06,2.14319e+06
3650,-2.13957e+06,165872
3651,-2.13855e+06,786161
3652,-916802,-2.05643e+06
3653,-1.71623e+06,-1.3895e+06
3654,587721,2.16039e+06
3655,-267015,-2.23523e+06
3656,-1.97637e+06,-1.20053e+06
3657,-2.2749e+06,522073
3658,-1.51605e+06,1.71847e+06
3659,-2.10079e+06,943134
3660,-348198,-1.678e+06
3661,1.60571e+06,1.42355e+06
3662,-881908,2.04721e+06
3663,752779,2.19715e+06
3664,-364390,2.0269e+06
3665,-1.17719e+06,2.24581e+06
3666,2.27074e+06,94680.3
3667,2.12468e+06,-407800
3668,243699,1.83781e+06
3669,-2.15241e+06,-590075
3670,-1.95652e+06,1.31889e+06
3671,-1.69455e+06,-1.42573e+06
3672,2.26704e+06,475393
3673,-1.02333e+06,-1.96041e+06
3674,-288828,2.23895e+06
3675,-880581,2.11548e+06
3676,161482,-2.43881e+06
3677,145884,2.25313e+06
3678,-2.06512e+06,286303
3679,2.653e+06,232627
3680,-1.20145e+06,-1.86761e+06
3681,1.3394e+06,1.88224e+06
3682,2.26286e+06,8928.08
3683,-1.30804e+06,1.75593e+06
3684,-2.08455e+06,-806613
3685,-1.30998e+06,1.53343e+06
3686,-2.15857e+06,-557495
3687,1.78239e+06,2.21375e+06
3688,515294,688395
3689,1.88194e+06,1.20955e+06
3690,-2.36286e+06,-528961
3691,1.87407e+06,1.39305e+06
3692,6173.91,2.23347e+06
3693,-1.00623e+06,1.62419e+06
3694,-769737,-2.3528e+06
3695,350510,2.25763e+06
3696,2.09292e+06,582064
3697,-2.31057e+06,-450635
3698,-1.30418e+06,-1.6483e+06
3699,-247791,2.21481e+06
3700,73440.5,2.24668e+06
3701,-1.41091e+06,-912237
3702,-1.04757e+06,2.1221e+06
3703,1.05542e+06,-1.889e+06
3704,772757,2.01479e+06
3705,-190160,-2.24359e+06
3706,1.32671e+06,-2.1419e+06
3707,-2.16834e+06,-428943
3708,-2.25409e+06,-326674
3709,-1.79341e+06,-484224
3710,-2.63472e+06,-129222
3711,-502750,2.25009e+06
3712,1.64202e+06,643195
3713,-2.40425e+06,-1.05711e+06
3714,-2.22487e+06,-734345
3715,1.36717e+06,-1.52365e+06
3716,227083,-2.22873e+06
3717,-2.1009e+06,580664
3718,-855818,2.02869e+06
3719,-1.90685e+06,-1.53506e+06
3720,1.87796e+06,-1.03283e+06
3721,2.15481e+06,576610
3722,676720,-2.10097e+06
3723,-1.17824e+06,1.80515e+06
3724,-1.03066e+06,2.14386e+06
3725,-1.93066e+06,1.1451e+06
3726,418437,-2.72145e+06
3727,-2.21849e+06,-1.19808e+06
3728,1.85147e+06,-1.03775e+06
3729,-59904.6,-2.07037e+06
3730,971049,1.61802e+06
3731,2.25532e+06,-1.1096e+06
3732,-2.47581e+06,-301064
3733,2.31946e+06,1.2751e+06
3734,2.11281e+06,-892572
3735,849592,2.04869e+06
3736,431660,-2.31755e+06
3737,-285357,-2.25267e+06
3738,1.00505e+06,1.26334e+06
3739,2.41418e+06,300506
3740,-1.69034e+06,-1.45534e+06
3741,-259902,-2.2297e+06
3742,912972,-2.0681e+06
3743,2.00332e+06,791359
3744,2.51807e+06,1.44272e+06
3745,901776,-2.00844e+06
3746,-812911,-694025
3747,1.51155e+06,1.18167e+06
3748,1.00528e+06,-1.88092e+06
3749,243474,2.13363e+06
3750,-2.16373e+06,-501291
3751,1.46303e+06,1.8919e+06
3752,519428,2.18342e+06
3753,-1.50001e+06,-1.58129e+06
3754,-1.79104e+06,1.36684e+06
3755,-2.01317e+06,-1.02746e+06
3756,1.9933e+06,-997720
3757,-196345,-2.40603e+06
3758,2.24348e+06,37375.7
3759,1.5808e+06,1.60817e+06
3760,2.06102e+06,230270
3761,-743908,-2.35149e+06
3762,1.86674e+06,939788
3763,-664687,-2.07893e+06
3764,1.9152e+06,1.09616e+06
3765,1.03606e+06,-1.96697e+06
3766,-1.83851e+06,359150
3767,-1.51855e+06,1.66719e+06
3768,2.04203e+06,-663244
3769,-1.93552e+06,-1.29345e+06
3770,751641,-2.06033e+06
3771,1.98919e+06,321788
3772,-2.59645e+06,758511
3773,-629378,1.96148e+06
3774,-923906,-1.91431e+06
3775,-1.72207e+06,-1.39365e+06
3776,1.3948e+06,1.7312e+06
3777,-726945,1.71906e+06
3778,-1.89058e+06,1.16485e+06
3779,1.8731e+06,-943309
3780,1.39484e+06,2.47354e+06
3781,-1.91331e+06,1.07892e+06
3782,-1.86093e+06,1.05288e+06
3783,1.97085e+06,-569150
3784,362800,2.26057e+06
3785,-1.11953e+06,-2.41854e+06
3786,-2.64559e+06,81261.4
3787,1.51544e+06,-417881
3788,-1.17151e+06,-452686
3789,-2.06116e+06,-296881
3790,-2.01255e+06,202481
3791,-148058,2.39808e+06
3792,282818,-2.14458e+06
3793,1.83303e+06,1.87589e+06
3794,193512,1.9816e+06
3795,-39608.1,-2.2749e+06
3796,2.03305e+06,-991366
3797,724002,1.90469e+06
3798,-1.95964e+06,-1.08101e+06
3799,2.25829e+06,-95509.2
3800,2.53425e+06,-407183
3801,-738551,2.01371e+06
3802,1.64636e+06,426035
3803,-1.95176e+06,-1.19206e+06
3804,-1.39936e+06,-1.64636e+06
3805,-100147,2.18639e+06
3806,-1.392e+06,1.6215e+06
3807,-2.1168e+06,194022
3808,-1.61449e+06,1.51956e+06
3809,2.15199e+06,-451684
3810,633420,-1.99701e+06
3811,1.98571e+06,-561902
3812,816196,-2.01151e+06
3813,736022,-1.89636e+06
3814,-3055.5,-2.15382e+06
3815,1.80596e+06,-1.3276e+06
3816,1.723e+06,1.38527e+06
3817,-1.38136e+06,1.44168e+06
3818,1.46347e+06,1.56846e+06
3819,1.30132e+06,-1.87546e+06
3820,-368955,-2.11144e+06
3821,2.49518e+06,-99887.4
3822,-1.65015e+06,1.19621e+06
3823,-1.12833e+06,1.89355e+06
3824,456650,2.09933e+06
3825,-3386.17,-2.28251e+06
3826,79936.7,2.22185e+06
3827,1.62528e+06,1.53513e+06
3828,1.71085e+06,-1.7572e+06
3829,2.07717e+06,476319
3830,2.43836e+06,-1.3478e+06
3831,889961,-1.95117e+06
3832,-1.35201e+06,1.63412e+06
3833,-175587,2.17108e+06
3834,1.5869e+06,-1.44296e+06
3835,-338229,2.0689e+06
3836,2.25394e+06,780391
3837,-2.15604e+06,284323
3838,1.56686e+06,1.50607e+06
3839,517307,2.08864e+06
3840,-1.99774e+06,689076
3841,1.82434e+06,1.26517e+06
3842,1.35552e+06,-1.66707e+06
3843,289459,2.70392e+06
3844,-2.08555e+06,-802304
3845,1.89142e+06,-526516
3846,-1.98575e+06,271339
3847,1.02819e+06,-1.82359e+06
3848,-425032,2.09547e+06
3849,1.09322e+06,2.29858e+06
3850,-1.86421e+06,-1.4137e+06
3851,-1.90588e+06,-1.22409e+06
3852,790115,2.55467e+06
3853,193883,2.25376e+06
3854,-2.06348e+06,-1.37429e+06
3855,-1.3096e+06,1.73851e+06
3856,1.5519e+06,1.84368e+06
3857,-1.98741e+06,915212
3858,-1.61784e+06,1.41088e+06
3859,1.67049e+06,-1.73688e+06
3860,1.72426e+06,1.10282e+06
3861,1.33757e+06,-1.6208e+06
3862,1.67122e+06,1.28182e+06
3863,-2.11734e+06,528222
3864,-239305,2.18021e+06
3865,156848,2.22141e+06
3866,1.81498e+06,1.34136e+06
3867,-2.14223e+06,509758
3868,-468602,2.10911e+06
3869,1.89975e+06,-1.03223e+06
3870,1.92186e+06,69999.5
3871,-1.09039e+06,1.68601e+06
3872,1.72704e+06,1.15218e+06
3873,351044,2.08997e+06
3874,-1.24032e+06,-1.15019e+06
3875,-790003,2.37864e+06
3876,-887240,-1.9203e+06
3877,925403,1.72171e+06
3878,1.52682e+06,-1.37668e+06
3879,-1.59602e+06,-2.52063e+06
3880,-1.85929e+06,1.14537e+06
3881,919038,1.95442e+06
3882,366831,-1.77144e+06
3883,2.01138e+06,-361298
3884,-2.0251e+06,-924150
3885,2.54698e+06,-224689
3886,-1.90074e+06,533478
3887,565778,2.03174e+06
3888,2.06609e+06,735445
3889,-2.10741e+06,482258
3890,-851419,1.98937e+06
3891,2.01148e+06,-232462
3892,-651237,-1.96517e+06
3893,-745241,-1.49537e+06
3894,-1.90417e+06,763946
3895,1.92459e+06,-716956
3896,-2.00079e+06,-783001
3897,-1.73101e+06,-1.31451e+06
3898,1.82705e+06,1.08787e+06
3899,-136142,2.20955e+06
3900,1.0435e+06,-1.92212e+06
3901,-1.33085e+06,1.62966e+06
3902,2.04086e+06,-484043
3903,-709405,-1.87783e+06
3904,-2.35717e+06,-168309
3905,-2.30112e+06,1.31172e+06
3906,-1.86766e+06,-720670
3907,-1.71584e+06,1.31396e+06
3908,-434102,2.13284e+06
3909,1.71053e+06,1.26332e+06
3910,-555609,-2.19715e+06
3911,1.32948e+06,-1.58954e+06
3912,1.76592e+06,1.28487e+06
3913,-613824,2.04625e+06
3914,1.1897e+06,-2.28874e+06
3915,1.17317e+06,-1.74655e+06
3916,2.04178e+06,315214
3917,854528,-2.12082e+06
3918,-739272,1.98378e+06
3919,1.74583e+06,1.05501e+06
3920,844383,2.01295e+06
3921,-1.96186e+06,-1.97151e+06
3922,291206,1.63185e+06
3923,188269,-2.04052e+06
3924,-1.46175e+06,-1.43859e+06
3925,1.1532e+06,-1.81807e+06
3926,-674816,-1.33262e+06
3927,-2.29721e+06,-728728
3928,2.10942e+06,549948
3929,-2.45992e+06,-1.64002e+06
3930,545282,1.98888e+06
3931,1.43368e+06,-1.3617e+06
3932,-405824,-1.98027e+06
3933,-469884,-1.69701e+06
3934,2.1859e+06,-331522
3935,-275474,-1.06672e+06
3936,-1.17026e+06,-1.73249e+06
3937,548598,1.90556e+06
3938,-1.02467e+06,-1.3771e+06
3939,1.96541e+06,-502460
3940,-1.73081e+06,-1.36678e+06
3941,961775,-1.98398e+06
3942,-985079,1.62031e+06
3943,-371530,1.78949e+06
3944,-1.67597e+06,-363749
3945,996894,1.34215e+06
3946,2.159e+06,-1.14008e+06
3947,1.17024e+06,-1.9073e+06
3948,686859,1.50027e+06
3949,-58508.6,-2.05328e+06
3950,1.20339e+06,-1.71083e+06
3951,571374,-1.99329e+06
3952,1.86297e+06,1.9709e+06
3953,323424,-2.06584e+06
3954,-440430,1.76237e+06
3955,1.25477e+06,-1.69501e+06
3956,2.11009e+06,1.32216e+06
3957,-968039,1.91789e+06
3958,1.29794e+06,-1.349e+06
3959,2.01264e+06,-50152.3
3960,1.7309e+06,-1.29937e+06
3961,-2.03162e+06,-252673
3962,980634,1.7676e+06
3963,1.28367e+06,-1.60096e+06
3964,785362,-2.06136e+06
3965,154166,2.22919e+06
3966,1.08822e+06,-1.80726e+06
3967,-2.32998e+06,-182486
3968,1.75589e+06,1.78644e+06
3969,-1.06147e+06,1.9625e+06
3970,392170,2.04843e+06
3971,2.09767e+06,-21998.4
3972,-1.85834e+06,807556
3973,1.32366e+06,-1.57276e+06
3974,862376,-1.69694e+06
3975,1.79022e+06,1.02138e+06
3976,-2.36373e+06,424524
3977,-2.03154e+06,-375386
3978,1.50959e+06,1.97934e+06
3979,-1.23126e+06,-1.59511e+06
3980,-1.79997e+06,810535
3981,1.98882e+06,-528991
3982,-1.29753e+06,1.58346e+06
3983,738313,1.89238e+06
3984,-1.31919e+06,-953250
3985,2.00696e+06,-304378
3986,-2.04063e+06,154670
3987,1.10204e+06,-1.79451e+06
3988,-782590,1.93493e+06
3989,-9519.31,-2.09056e+06
3990,-816568,-1.87024e+06
3991,-338101,2.14296e+06
3992,-527845,2.21778e+06
3993,-1.68483e+06,-1.29818e+06
3994,-522448,1.57182e+06
3995,-1.83056e+06,1.58194e+06
3996,-1.26883e+06,2.1024e+06
3997,-1.2723e+06,-1.5562e+06
3998,1.34387e+06,298069
3999,-543789,-2.13723e+06
4000,846552,1.88641e+06
4001,1.61858e+06,1.58413e+06
4002,-1.49777e+06,-250715
4003,-2.08728e+06,447012
4004,2.09272e+06,664800
4005,-1.93871e+06,-938325
4006,528603,-2.01377e+06
4007,135676,-2.05603e+06
4008,-1.92084e+06,154746
4009,-772287,-1.15203e+06
4010,1.28014e+06,-1.48737e+06
4011,-223784,-2.12216e+06
4012,887720,-1.95675e+06
4013,-2.03912e+06,-845641
4014,-1.7349e+06,1.09693e+06
4015,1.31757e+06,-436086
4016,-1.16698e+06,1.66603e+06
4017,-1.6858e+06,-1.22164e+06
4018,-1.65399e+06,-1.00588e+06
4019,-2.07291e+06,-91675.7
4020,-1.18383e+06,2.12371e+06
4021,1.62997e+06,-341115
4022,2.80971e+06,703477
4023,1.80208e+06,-977914
4024,131948,-1.85409e+06
4025,2.0065e+06,-680853
4026,1.19653e+06,1.67895e+06
4027,1.13297e+06,2.09769e+06
4028,-1.73671e+06,923355
4029,1.42228e+06,631180
4030,-2.48068e+06,585615
4031,-1.78795e+06,-1.36591e+06
4032,1.79957e+06,903346
4033,-1.62835e+06,1.27845e+06
4034,-572305,-2.57825e+06
4035,329053,-2.02988e+06
4036,1.5186e+06,938440
4037,2.08027e+06,471910
4038,1.93073e+06,-1.35706e+06
4039,-1.75517e+06,527851
4040,113240,1.7333e+06
4041,1.92066e+06,-493186
4042,-2.08784e+06,562811
4043,-2.22302e+06,-1.54863e+06
4044,907823,2.11914e+06
4045,-1.36424e+06,-1.38869e+06
4046,771053,1.94299e+06
4047,-1.23897e+06,-1.63765e+06
4048,-2.01384e+06,-303564
4049,1.4265e+06,34162.2
4050,1.04487e+06,-2.24729e+06
4051,1.81172e+06,-919650
4052,1.03924e+06,-1.89607e+06
4053,-1.35072e+06,1.57543e+06
4054,-991827,1.62554e+06
4055,-1.05341e+06,-2.36771e+06
4056,958742,1.81248e+06
4057,-736170,-2.15487e+06
4058,2.00132e+06,333929
4059,-2.24552e+06,-816733
4060,1.72254e+06,1.09357e+06
4061,1.00219e+06,-2.03376e+06
4062,-1.90195e+06,761464
4063,1.92122e+06,648832
4064,1.49143e+06,1.25999e+06
4065,-1.54638e+06,1.26818e+06
4066,-842526,-1.82751e+06
4067,853749,-1.78841e+06
4068,1.51174e+06,918720
4069,-861171,-1.90778e+06
4070,1.33974e+06,-1.52022e+06
4071,-590174,2.00432e+06
4072,-1.90339e+06,-1.6751e+06
4073,-1.77525e+06,1.02895e+06
4074,288990,1.94875e+06
4075,1.21641e+06,1.67756e+06
4076,-1.70112e+06,738080
4077,-677898,-1.66619e+06
4078,1.9877e+06,345772
4079,2.05516e+06,-9444.48
4080,933338,1.75844e+06
4081,-1.84576e+06,900915
4082,2.24626e+06,-643620
4083,-1.9892e+06,81066.2
4084,-1.04986e+06,1.59375e+06
4085,-2.39881e+06,1.05368e+06
4086,335472,2.03939e+06
4087,1.15451e+06,-1.53144e+06
4088,1.71023e+06,-1.65526e+06
4089,603048,-1.97011e+06
4090,43432.5,2.03329e+06
4091,554678,1.91998e+06
4092,-690740,1.39415e+06
4093,-1.4851e+06,1.33893e+06
4094,1.30243e+06,1.53094e+06
4095,848071,1.82374e+06
4096,784774,1.87693e+06
4097,-157741,2.00854e+06
4098,-1.70528e+06,1.09706e+06
4099,350985,-1.60043e+06
4100,-444816,2.00601e+06
4101,170607,2.00954e+06
4102,-168889,1.9687e+06
4103,-1.73825e+06,-547372
4104,1.98737e+06,-522661
4105,445431,1.86501e+06
4106,2.02715e+06,645615
4107,-933421,-2.01141e+06
4108,1.88452e+06,799737
4109,-675544,-1.68042e+06
4110,-1.05658e+06,-1.68262e+06
4111,-634002,-1.82089e+06
4112,-1.30051e+06,-1.48385e+06
4113,-267248,1.99869e+06
4114,1.93221e+06,414182
4115,2.14594e+06,-164555
4116,51486.1,-2.26657e+06
4117,-1.29644e+06,-1.30696e+06
4118,-1.07716e+06,1.61299e+06
4119,1.97598e+06,1.20873e+06
4120,-28644.8,1.87086e+06
4121,-86675.5,2.01062e+06
4122,1.32024e+06,-1.61346e+06
4123,-77772.2,2.01678e+06
4124,487210,1.76191e+06
4125,-1.6725e+06,-816432
4126,-2.05325e+06,462173
4127,1.01044e+06,1.78896e+06
4128,1.87659e+06,-406347
4129,-717720,-1.60153e+06
4130,1.91036e+06,714279
4131,747545,1.91229e+06
4132,292657,-1.99529e+06
4133,-791978,-1.78971e+06
4134,-1.27834e+06,-1.77617e+06
4135,1.80206e+06,836319
4136,12029.6,-2.05823e+06
4137,-1.73553e+06,-1.04377e+06
4138,1.84081e+06,-839770
4139,-1.04446e+06,-2.24588e+06
4140,113015,2.00478e+06
4141,1.27568e+06,1.43825e+06
4142,-856587,1.89872e+06
4143,-756139,-1.64173e+06
4144,-784611,1.82072e+06
4145,2.02797e+06,696003
4146,1.94732e+06,297336
4147,1.86144e+06,-215774
4148,-825972,1.79851e+06
4149,-1.43185e+06,-1.21377e+06
4150,-1.65672e+06,1.13458e+06
4151,-1.70518e+06,-1.08241e+06
4152,1.69195e+06,-456441
4153,-1.08554e+06,2.44883e+06
4154,1.59095e+06,-1.87077e+06
4155,-1.92756e+06,-384673
4156,552062,-1.85328e+06
4157,1.45755e+06,-1.49336e+06
4158,1.97696e+06,10613.7
4159,2.04354e+06,1.54397e+06
4160,1.66444e+06,-842034
4161,1.96127e+06,-41662.1
4162,350255,-2.00861e+06
4163,-2.16409e+06,-1.21529e+06
4164,-1.52886e+06,1.52094e+06
4165,2.17833e+06,351361
4166,-172571,-2.00434e+06
4167,953792,-1.07011e+06
4168,-2.00029e+06,-43904.9
4169,493263,-1.93381e+06
4170,-1.58192e+06,796739
4171,-781733,-1.9198e+06
4172,-2.36178e+06,2.10547e+06
4173,1.93481e+06,225536
4174,-935226,-1.97047e+06
4175,616593,-1.87311e+06
4176,1.76499e+06,-966568
4177,1.01158e+06,-1.2358e+06
4178,-845651,1.66725e+06
4179,-1.91839e+06,278070
4180,-1.93272e+06,457628
4181,1.14732e+06,1.70012e+06
4182,1.94061e+06,-569243
4183,440789,-1.9261e+06
4184,1.78868e+06,969871
4185,-946986,1.54417e+06
4186,-91631.3,-1.73281e+06
4187,1.78418e+06,865117
4188,-1.87989e+06,-831073
4189,-1.15978e+06,-1.51793e+06
4190,1.49693e+06,1.22463e+06
4191,-968739,1.78025e+06
4192,-1.99164e+06,-537500
4193,-1.04316e+06,1.6896e+06
4194,109980,-2.00225e+06
4195,521469,2.36924e+06
4196,-1.78383e+06,426399
4197,-1.88297e+06,-705846
4198,1.96188e+06,-429238
4199,-16916.8,-2.19405e+06
4200,-1.2332e+06,-1.49776e+06
4201,-1.99447e+06,1.46584e+06
4202,1.38023e+06,1.78623e+06
4203,-1.85037e+06,-369770
4204,-1.16479e+06,1.66097e+06
4205,1.08944e+06,447768
4206,-1.22417e+06,-1.52884e+06
4207,1.09113e+06,1.39097e+06
4208,2.01512e+06,-259606
4209,-989542,-1.48515e+06
4210,-1.58075e+06,489873
4211,2.01352e+06,306103
4212,307672,2.00534e+06
4213,-1.86105e+06,79734.1
4214,-1.76353e+06,-1.002e+06
4215,-969969,-1.63644e+06
4216,1.81022e+06,-909241
4217,-691594,1.86949e+06
4218,-1.69597e+06,-1.01429e+06
4219,-902704,-1.82481e+06
4220,1.36091e+06,1.46522e+06
4221,-1.02806e+06,-405552
4222,-620910,2.17292e+06
4223,1.31194e+06,-617806
4224,-1.91852e+06,532223
4225,1.16749e+06,-1.25587e+06
4226,1.79571e+06,-437428
4227,-1.81445e+06,-888844
4228,-71354.3,1.89112e+06
4229,-126450,1.99419e+06
4230,1.25532e+06,1.5805e+06
4231,1.10941e+06,-1.46782e+06
4232,-861814,-2.13418e+06
4233,1.85928e+06,-296245
4234,1.245e+06,-1.5029e+06
4235,-1.39252e+06,1.34795e+06
4236,-1.02663e+06,-1.74079e+06
4237,540375,-1.73529e+06
4238,-1.00994e+06,1.65252e+06
4239,-686984,-2.19873e+06
4240,1.81796e+06,-768965
4241,-1.42492e+06,-1.37884e+06
4242,1.87905e+06,-654113
4243,1.07353e+06,-1.48204e+06
4244,1.76425e+06,891849
4245,-1.96162e+06,59013
4246,226645,1.86626e+06
4247,1.80669e+06,1.46789e+06
4248,927297,1.31209e+06
4249,-1.45626e+06,-1.16129e+06
4250,-1.65022e+06,-575275
4251,454097,1.76027e+06
4252,-1.70363e+06,887546
4253,1.66305e+06,988589
4254,-1.93903e+06,35661.4
4255,-139491,1.5299e+06
4256,-1.97353e+06,-245580
4257,-860684,1.79151e+06
4258,-1.67756e+06,-1.20857e+06
4259,-590692,1.86243e+06
4260,-1.82999e+06,681634
4261,446537,-1.9595e+06
4262,-1.60606e+06,1.01881e+06
4263,-1.92503e+06,-288040
4264,-789733,1.80181e+06
4265,-1.86035e+06,655904
4266,-1.65779e+06,220682
4267,1.58368e+06,757355
4268,321047,1.99511e+06
4269,-2.16044e+06,-726386
4270,15148.9,-1.49619e+06
4271,339299,-1.96211e+06
4272,-1.24223e+06,-1.34854e+06
4273,-1.38864e+06,1.30328e+06
4274,-1.92215e+06,238673
4275,1.80111e+06,851883
4276,309430,2.50479e+06
4277,-730955,-1.86026e+06
4278,835070,1.79011e+06
4279,-989992,2.40922e+06
4280,96393.9,2.03151e+06
4281,1.85403e+06,126637
4282,-1.28537e+06,650997
4283,-1.69489e+06,825544
4284,771989,-1.7879e+06
4285,-1.93309e+06,-15706
4286,-1.61381e+06,1.28474e+06
4287,-1.81039e+06,-773355
4288,-1.30132e+06,556286
4289,-1.3788e+06,1.37615e+06
4290,218184,-2.08479e+06
4291,-275301,2.08109e+06
4292,1.88403e+06,-697261
4293,-1.31711e+06,-1.40053e+06
4294,575987,-1.95707e+06
4295,1.27449e+06,-1.71678e+06
4296,1.74551e+06,-1.04068e+06
4297,-1.53591e+06,-1.30233e+06
4298,1.75471e+06,141408
4299,-500496,1.26156e+06
4300,1.27083e+06,-502516
4301,1.81815e+06,-1.63424e+06
4302,1.85148e+06,107091
4303,1.11586e+06,-1.6301e+06
4304,732851,1.75286e+06
4305,-1.15524e+06,-1.32237e+06
4306,-1.86615e+06,-750725
4307,-1.08197e+06,1.65647e+06
4308,205742,2.42958e+06
4309,38361.8,2.03993e+06
4310,-94011.4,-1.87797e+06
4311,-1.29665e+06,1.47691e+06
4312,1.98941e+06,-91993.6
4313,2.41198e+06,-350945
4314,1.96092e+06,57910.8
4315,1.0449e+06,-1.61344e+06
4316,-546905,-1.45465e+06
4317,-1.28024e+06,-1.25595e+06
4318,-285379,1.72564e+06
4319,-1.91119e+06,10552.2
4320,1.65615e+06,-937194
4321,1.48108e+06,1.51356e+06
4322,-1.16538e+06,1.16385e+06
4323,-1.88106e+06,902852
4324,-1.91566e+06,-155910
4325,-1.462e+06,-1.39327e+06
4326,709292,1.79988e+06
4327,-1.36959e+06,1.45866e+06
4328,1.85618e+06,454642
4329,2.13235e+06,-252738
4330,-2.38471e+06,927030
4331,1.35027e+06,1.32711e+06
4332,2.22918e+06,685297
4333,-1.80002e+06,1.19715e+06
4334,1.66225e+06,-937288
4335,842758,1.52682e+06
4336,1.52443e+06,276068
4337,56284,1.89495e+06
4338,2.15138e+06,518916
4339,1.17563e+06,1.33756e+06
4340,-1.9643e+06,-241658
4341,-1.88593e+06,182626
4342,1.33505e+06,1.06004e+06
4343,318960,1.45793e+06
4344,-1.46213e+06,-1.79828e+06
4345,2.2536e+06,-602886
4346,1.71367e+06,1.16196e+06
4347,2.16095e+06,-372609
4348,-2.05618e+06,1.07871e+06
4349,-326834,-1.88183e+06
4350,1.63303e+06,1.92625e+06
4351,803684,-1.55318e+06
4352,894776,1.68955e+06
4353,1.73451e+06,931915
4354,1.79803e+06,-435491
4355,-1.85127e+06,-333761
4356,-109719,1.70442e+06
4357,-1.54448e+06,-1.37511e+06
4358,-852650,1.71417e+06
4359,-1.54038e+06,76111.5
4360,629640,1.92529e+06
4361,-476935,1.85524e+06
4362,-689508,1.69753e+06
4363,1.14225e+06,1.6091e+06
4364,768954,-1.8442e+06
4365,-1.68712e+06,832067
4366,984446,1.47223e+06
4367,-1.51727e+06,-1.13441e+06
4368,-1.30911e+06,1.36042e+06
4369,-1.20935e+06,-1.68658e+06
4370,-1.89023e+06,714368
4371,-739194,-1.75866e+06
4372,2.20043e+06,-819921
4373,-1.76313e+06,-425742
4374,-2.33964e+06,-1.89086e+06
4375,1.90807e+06,-50220.3
4376,1.84929e+06,195789
4377,1.03751e+06,710762
4378,-665923,1.77881e+06
4379,-1.3502e+06,-1.43376e+06
4380,1.9216e+06,547686
4381,-479204,-2.00578e+06
4382,1.35201e+06,1.96233e+06
4383,-537742,-2.0617e+06
4384,-1.4322e+06,-1.32469e+06
4385,175203,2.07047e+06
4386,632367,1.85774e+06
4387,876242,-1.12107e+06
4388,-1.8778e+06,687222
4389,1.69293e+06,889853
4390,1.37456e+06,-1.20435e+06
4391,1.38385e+06,1.52672e+06
4392,1.60294e+06,831335
4393,74419.7,-1.92891e+06
4394,1.74143e+06,-744018
4395,849220,-1.37371e+06
4396,-1.46262e+06,701651
4397,-1.6546e+06,-816750
4398,871962,1.69592e+06
4399,1.88903e+06,970360
4400,593824,1.86868e+06
4401,-594579,1.58623e+06
4402,-1.71172e+06,274332
4403,2.15392e+06,928202
4404,-816434,-1.87843e+06
4405,1.05047e+06,1.6122e+06
4406,-1.82776e+06,413808
4407,-118801,1.56774e+06
4408,1.36932e+06,-490810
4409,-946539,-1.6984e+06
4410,1.51648e+06,-1.29181e+06
4411,-377271,1.87247e+06
4412,-625898,1.63283e+06
4413,-1.1372e+06,-1.38933e+06
4414,614271,-1.79133e+06
4415,-1.01698e+06,-1.71822e+06
4416,1.75724e+06,1.04146e+06
4417,1.6406e+06,885475
4418,-1.81628e+06,311144
4419,-2.32912e+06,-126922
4420,1.37659e+06,1.42893e+06
4421,26379.3,1.33603e+06
4422,1.92912e+06,235462
4423,1.19037e+06,-1.43115e+06
4424,-782731,-1.65728e+06
4425,-608052,1.74286e+06
4426,-235334,-2.08095e+06
4427,1.12039e+06,1.45787e+06
4428,-967612,-1.81098e+06
4429,1.14981e+06,-1.59358e+06
4430,-120290,-1.80615e+06
4431,-2.04184e+06,159304
4432,876295,-2.19398e+06
4433,-1.70257e+06,399975
4434,1.1502e+06,-1.46526e+06
4435,-891240,1.62898e+06
4436,1.79454e+06,-60659.9
4437,941830,948308
4438,-1.84208e+06,449247
4439,536102,-1.84296e+06
4440,1.64344e+06,417974
4441,898649,1.61623e+06
4442,-1.29972e+06,874882
4443,1.61127e+06,987384
4444,1.16181e+06,-1.13119e+06
4445,-366899,2.06433e+06
4446,-967590,1.55486e+06
4447,1.80762e+06,19384.9
4448,-1.66433e+06,815046
4449,-1.54352e+06,1.02227e+06
4450,1.59376e+06,901393
4451,1.24926e+06,1.42221e+06
4452,1.61408e+06,-979890
4453,-2.07769e+06,-972966
4454,1.25943e+06,1.38372e+06
4455,-1.49115e+06,1.2017e+06
4456,-1.03014e+06,1.5353e+06
4457,1.73414e+06,881893
4458,-1.38989e+06,1.23688e+06
4459,-1.10436e+06,1.64395e+06
4460,-1.77776e+06,-715476
4461,-37106.3,-1.88817e+06
4462,-773804,1.73431e+06
4463,-1.4712e+06,1.19616e+06
4464,1.71117e+06,1.35172e+06
4465,200602,1.91469e+06
4466,252400,-1.84234e+06
4467,1.49005e+06,473712
4468,1.65151e+06,734263
4469,733366,2.33648e+06
4470,1.79114e+06,355228
4471,1.7567e+06,-714710
4472,-1.51228e+06,1.26843e+06
4473,898778,-1.03832e+06
4474,973773,1.66932e+06
4475,2.0645e+06,-703362
4476,-845512,1.67244e+06
4477,-414865,-1.60976e+06
4478,-2.31137e+06,1.22479e+06
4479,-1.78854e+06,-258812
4480,-62252.5,1.89695e+06
4481,-298822,1.84263e+06
4482,800608,1.72968e+06
4483,-818226,1.82708e+06
4484,-857719,562635
4485,1.88982e+06,-592123
4486,1.91888e+06,-363885
4487,1.43504e+06,-208963
4488,271271,-1.75004e+06
4489,-1.0519e+06,-1.56932e+06
4490,22342.9,1.91367e+06
4491,1.87379e+06,-398099
4492,-967596,-1.63096e+06
4493,-713492,-1.92465e+06
4494,209121,-1.873e+06
4495,-1.9416e+06,461066
4496,-118083,1.88091e+06
4497,1.65376e+06,-849945
4498,1.56875e+06,24801.8
4499,1.74934e+06,545537
4500,1.2533e+06,-1.32367e+06
4501,-433086,1.81978e+06
4502,-444144,1.76745e+06
4503,1.26425e+06,-1.382e+06
4504,-1.62643e+06,-874658
4505,-1.31055e+06,-1.43756e+06
4506,-1.88235e+06,-163902
4507,-1.61511e+06,929916
4508,-1.81002e+06,-240647
4509,-1.56977e+06,-1.03718e+06
4510,1.67738e+06,-825293
4511,-1.2732e+06,1.43837e+06
4512,-1.15592e+06,-1.474e+06
4513,-1.3937e+06,1.02681e+06
4514,-265083,1.8498e+06
4515,-1.35632e+06,1.65406e+06
4516,1.73049e+06,1.29785e+06
4517,1.76511e+06,1.16464e+06
4518,-1.55725e+06,-356396
4519,148575,-1.83228e+06
4520,1.45778e+06,1.31443e+06
4521,1.71387e+06,-759376
4522,907322,-1.57183e+06
4523,-2.70268e+06,31595.4
4524,-763951,1.52321e+06
4525,1.40036e+06,892072
4526,1.70954e+06,-717641
4527,-1.21212e+06,1.25411e+06
4528,-695080,-1.74154e+06
4529,558610,-2.02856e+06
4530,28843.6,-1.85367e+06
4531,1.69302e+06,-632800
4532,1.49499e+06,-1.50621e+06
4533,-1.60266e+06,944188
4534,-1.5977e+06,981714
4535,-1.67499e+06,-764199
4536,246235,-1.686e+06
4537,-1.47576e+06,1.10895e+06
4538,1.46628e+06,1.33905e+06
4539,-1.24549e+06,-1.36721e+06
4540,-689316,-1.78381e+06
4541,1.69495e+06,696461
4542,684980,-1.72417e+06
4543,-564865,-1.6516e+06
4544,-469780,1.68345e+06
4545,-1.85582e+06,5294.62
4546,-118813,-1.89411e+06
4547,-1.401e+06,-188597
4548,-1.03074e+06,1.55779e+06
4549,-1.80429e+06,452374
4550,1.20336e+06,-1.28135e+06
4551,660700,1.6792e+06
4552,-593420,1.74068e+06
4553,1.4534e+06,1.03802e+06
4554,-1.49112e+06,1.07815e+06
4555,-1.53128e+06,-1.17737e+06
4556,-166597,1.61967e+06
4557,448609,1.78722e+06
4558,-108479,1.7049e+06
4559,-998517,1.53796e+06
4560,-507245,1.63369e+06
4561,-1.39013e+06,874601
4562,1.77614e+06,271787
4563,-810218,1.21824e+06
4564,-1.78451e+06,-300506
4565,2.02593e+06,-162913
4566,-1.56427e+06,-978834
4567,-2.08955e+06,774019
4568,481670,1.91877e+06
4569,-1.85297e+06,61465.8
4570,-891351,1.68608e+06
4571,81334.9,1.87068e+06
4572,-640446,-2.05954e+06
4573,624828,-1.49008e+06
4574,603328,-1.61651e+06
4575,512746,-1.74611e+06
4576,1.6994e+06,385138
4577,1.28758e+06,-195782
4578,-474784,-1.7715e+06
4579,487898,-1.57761e+06
4580,1.0473e+06,1.5398e+06
4581,975123,-1.42694e+06
4582,2.33417e+06,-116331
4583,-1.4585e+06,-1.08166e+06
4584,1.43091e+06,-1.96969e+06
4585,-1.06152e+06,1.67124e+06
4586,-637542,-1.68022e+06
4587,1.46926e+06,1.08693e+06
4588,-1.2752e+06,-1.20273e+06
4589,-1.75984e+06,1.70134e+06
4590,-1.39396e+06,1.10959e+06
4591,-921910,1.65764e+06
4592,-1.17239e+06,1.18883e+06
4593,1.60503e+06,-1.17316e+06
4594,-1.92079e+06,-545271
4595,1.51492e+06,1.11601e+06
4596,-674946,1.73921e+06
4597,1.39974e+06,-1.06207e+06
4598,775425,1.31356e+06
4599,1.78656e+06,306705
4600,-1.25572e+06,1.31909e+06
4601,-200561,-1.63081e+06
4602,1.52188e+06,-1.36067e+06
4603,-671310,-1.70954e+06
4604,-1.78614e+06,11473.4
4605,1.81522e+06,566220
4606,-1.0215e+06,-1.59012e+06
4607,818969,-1.47889e+06
4608,-97417,-1.32557e+06
4609,105851,-2.00533e+06
4610,-301878,-1.77002e+06
4611,579109,-2.0307e+06
4612,1.51884e+06,1.08628e+06
4613,169604,-1.67066e+06
4614,-560800,-1.37121e+06
4615,-1.46443e+06,-1.0246e+06
4616,1.3801e+06,-659912
4617,954331,-1.68175e+06
4618,-1.76566e+06,-69828
4619,1.82865e+06,-135237
4620,219510,-1.8035e+06
4621,1.08519e+06,1.50889e+06
4622,1.98881e+06,138675
4623,1.58449e+06,950829
4624,-600174,-1.96956e+06
4625,-981570,-1.69475e+06
4626,942548,-2.02264e+06
4627,-1.12159e+06,-19258.2
4628,-894044,1.24673e+06
4629,-1.38254e+06,921525
4630,1.86335e+06,253112
4631,-445149,1.74901e+06
4632,-1.60466e+06,1.42011e+06
4633,1.86888e+06,836816
4634,-142190,1.6842e+06
4635,1.12905e+06,-1.16685e+06
4636,1.20436e+06,-1.34483e+06
4637,-913143,-1.56714e+06
4638,-20732.3,2.00467e+06
4639,-652996,2.05916e+06
4640,-1.56014e+06,1.01151e+06
4641,1.65207e+06,784061
4642,-363780,-1.75471e+06
4643,645075,1.66382e+06
4644,-2.01258e+06,981222
4645,-507191,1.76898e+06
4646,-1.79319e+06,-362386
4647,1.81795e+06,-102498
4648,1.41988e+06,811562
4649,1.05503e+06,-1.28749e+06
4650,1.58413e+06,-516444
4651,-1.55219e+06,-862261
4652,1.27532e+06,1.3313e+06
4653,-1.21187e+06,1.26434e+06
4654,237823,-1.77935e+06
4655,1.31853e+06,-408234
4656,-775154,-1.65013e+06
4657,1.76707e+06,-1.34185e+06
4658,-1.26747e+06,-1.52435e+06
4659,198358,1.16499e+06
4660,-765135,1.89952e+06
4661,-668530,1.50224e+06
4662,-1.99342e+06,-633526
4663,-188192,1.68568e+06
4664,-1.61056e+06,-811598
4665,-866436,-1.65534e+06
4666,-766767,1.88937e+06
4667,-1.85284e+06,-285037
4668,-1.06982e+06,-1.14674e+06
4669,585368,1.64182e+06
4670,-1.92755e+06,-872427
4671,1.46695e+06,1.0851e+06
4672,-1.2992e+06,-921278
4673,994467,1.52565e+06
4674,-1.74702e+06,352954
4675,556665,-1.70016e+06
4676,-1.7693e+06,142715
4677,1.41843e+06,-1.00268e+06
4678,-1.38317e+06,-534918
4679,1.37259e+06,-71713.5
4680,-505382,1.78913e+06
4681,559298,-1.74517e+06
4682,863917,-1.65289e+06
4683,-2.1058e+06,774531
4684,-1.69656e+06,406452
4685,1.30603e+06,1.44576e+06
4686,-1.28642e+06,1.31684e+06
4687,-423029,1.80314e+06
4688,-177930,-1.75131e+06
4689,1.60138e+06,-606088
4690,1.58982e+06,1.1751e+06
4691,1.61208e+06,-23170.4
4692,-269014,1.81673e+06
4693,-389585,1.74479e+06
4694,1.81262e+06,-360137
4695,176592,-1.76642e+06
4696,-1.39885e+06,1.11733e+06
4697,-979980,1.45197e+06
4698,1.72868e+06,963989
4699,1.70138e+06,355920
4700,991505,-1.31506e+06
4701,240619,-1.82878e+06
4702,-1.77102e+06,-26033.6
4703,-431343,1.67064e+06
4704,269370,1.71372e+06
4705,557456,1.69122e+06
4706,-1.58884e+06,-230126
4707,1.14087e+06,-1.51469e+06
4708,2.72921e+06,-358826
4709,415095,-1.60963e+06
4710,693422,-1.65191e+06
4711,1.59172e+06,-545415
4712,-71695.1,1.81495e+06
4713,132023,-1.3924e+06
4714,-1.56281e+06,841660
4715,-1.09805e+06,1.28232e+06
4716,-1.18258e+06,1.40557e+06
4717,-550706,1.75392e+06
4718,-1.13887e+06,-1.1705e+06
4719,-255033,-1.57629e+06
4720,684257,1.01639e+06
4721,-1.57297e+06,-638156
4722,1.67822e+06,-700346
4723,-1.49452e+06,-635345
4724,930025,990707
4725,-2.13105e+06,252864
4726,274559,2.17646e+06
4727,1.97322e+06,-1.09448e+06
4728,1.94919e+06,1.36364e+06
4729,-1.32018e+06,-1.48532e+06
4730,-1.64936e+06,-647315
4731,-1.82425e+06,-62559.4
4732,620718,-1.65101e+06
4733,970086,1.39572e+06
4734,1.73836e+06,89842.3
4735,630496,1.68446e+06
4736,867087,-1.53702e+06
4737,-1.88762e+06,785442
4738,-691257,1.6855e+06
4739,1.51009e+06,877140
4740,-2.3554e+06,236935
4741,-1.51476e+06,442896
4742,855865,-2.00265e+06
4743,-2.11527e+06,924570
4744,1.64353e+06,587968
4745,1.21501e+06,1.53565e+06
4746,-1.31482e+06,1.44726e+06
4747,1.35872e+06,-1.16604e+06
4748,-276966,1.57223e+06
4749,678494,1.52375e+06
4750,-217942,1.53085e+06
4751,1.04733e+06,-1.48546e+06
4752,-1.68568e+06,51468
4753,-1.19536e+06,1.41203e+06
4754,-1.54818e+06,898141
4755,-1.5684e+06,-556255
4756,-1.18729e+06,2.08049e+06
4757,164385,1.77986e+06
4758,-1.35294e+06,736327
4759,-1.1222e+06,-1.29777e+06
4760,-863044,-1.7157e+06
4761,-1.79986e+06,53807.3
4762,1.50987e+06,787450
4763,-2.04292e+06,522527
4764,1.81166e+06,-604519
4765,-1.5003e+06,-874064
4766,-1.86512e+06,-348960
4767,1.52468e+06,814436
4768,-93334.1,-1.6344e+06
4769,-320772,1.75565e+06
4770,821454,-1.61732e+06
4771,-1.80441e+06,-383889
4772,-1.48376e+06,-767806
4773,-345290,-1.61666e+06
4774,-959144,710887
4775,-1.84532e+06,-491186
4776,262903,-1.71345e+06
4777,-1.62287e+06,-756488
4778,1.56779e+06,709113
4779,814345,1.45254e+06
4780,-1.18997e+06,-1.45133e+06
4781,1.49952e+06,-1.7064e+06
4782,1.63521e+06,-634140
4783,-954676,-591646
4784,-1.0338e+06,-1.32373e+06
4785,1.45311e+06,-949004
4786,1.75594e+06,-154834
4787,-616694,-1.75438e+06
4788,951544,1.43628e+06
4789,-349067,-1.78329e+06
4790,1.18743e+06,-1.56567e+06
4791,-1.20398e+06,1.36943e+06
4792,-136147,2.00322e+06
4793,322790,1.73229e+06
4794,315545,1.73647e+06
4795,766717,1.47314e+06
4796,-11244.1,1.78681e+06
4797,-871990,-1.47154e+06
4798,-374338,1.71873e+06
4799,-1.01074e+06,1.13588e+06
4800,1.4352e+06,566263
4801,-1.77204e+06,507185
4802,-1.29073e+06,251608
4803,-416220,1.70724e+06
4804,-2.01099e+06,-318491
4805,-1.71596e+06,420933
4806,540096,-1.71515e+06
4807,-79954.7,1.80628e+06
4808,-124623,-1.87212e+06
4809,196356,1.78142e+06
4810,-1.40927e+06,-1.64044e+06
4811,732105,-1.63847e+06
4812,871345,2.35357e+06
4813,-1.73135e+06,-637755
4814,-1.84275e+06,847166
4815,1.1251e+06,1.27669e+06
4816,203174,1.82988e+06
4817,-645274,-1.6447e+06
4818,-895120,-1.9541e+06
4819,1.48959e+06,-1.09759e+06
4820,1.77616e+06,-633620
4821,233303,-1.88432e+06
4822,1.58512e+06,-808590
4823,-1.21454e+06,1.28698e+06
4824,-44079.2,1.80989e+06
4825,-69484.3,1.97513e+06
4826,-765601,1.10417e+06
4827,1.76725e+06,-110251
4828,2.14468e+06,240986
4829,-43907.6,-1.76784e+06
4830,-2.87555e+06,649964
4831,1.03206e+06,-1.37492e+06
4832,-163913,-1.68431e+06
4833,-1.50094e+06,885487
4834,-1.78499e+06,-435286
4835,1.48756e+06,1.75096e+06
4836,1.30824e+06,1.62708e+06
4837,-1.2954e+06,578977
4838,120656,-1.74535e+06
4839,919154,1.98934e+06
4840,887862,-1.58172e+06
4841,1.22799e+06,-963197
4842,1.11949e+06,39991.1
4843,1.6767e+06,920625
4844,517756,-1.72637e+06
4845,-768445,-1.59158e+06
4846,-1.51706e+06,-676087
4847,-1.25146e+06,1.37916e+06
4848,1.53907e+06,-1.06213e+06
4849,564724,1.57027e+06
4850,-1.44925e+06,-984092
4851,2.06523e+06,-548440
4852,-1.23198e+06,-671128
4853,-1.57861e+06,-828050
4854,-207971,-1.83533e+06
4855,-1.02854e+06,-1.49815e+06
4856,1.95578e+06,-687596
4857,1.48411e+06,-809986
4858,-664648,-1.62876e+06
4859,-1.39397e+06,1.21038e+06
4860,1.32701e+06,-1.10702e+06
4861,1.6669e+06,-621522
4862,-1.36593e+06,736953
4863,1.20473e+06,-1.38524e+06
4864,-1.08167e+06,490084
4865,-471331,1.71249e+06
4866,360102,2.32088e+06
4867,-1.65348e+06,539110
4868,1.40874e+06,1.8946e+06
4869,-1.63111e+06,-603610
4870,219421,2.66715e+06
4871,947347,1.21507e+06
4872,1.10823e+06,551435
4873,-1.12412e+06,-61305.5
4874,555623,-1.66391e+06
4875,1.41216e+06,1.06343e+06
4876,-1.56499e+06,-1.62032e+06
4877,1.31656e+06,-373614
4878,1.66049e+06,-1.40865e+06
4879,-567849,-1.32824e+06
4880,589258,1.69817e+06
4881,429954,2.17819e+06
4882,1.29593e+06,1.1147e+06
4883,-625988,1.97025e+06
4884,972683,1.40936e+06
4885,1.4098e+06,-1.02395e+06
4886,801690,-1.65187e+06
4887,1.51507e+06,893257
4888,1.29769e+06,-1.16931e+06
4889,-1.40312e+06,-1.54226e+06
4890,-1.57894e+06,-1.33789e+06
4891,-638285,1.6625e+06
4892,970249,1.43557e+06
4893,1.73822e+06,279578
4894,68650.5,1.4215e+06
4895,-1.40967e+06,-1.02521e+06
4896,-769836,-1.59769e+06
4897,457903,-1.91158e+06
4898,-689974,1.63868e+06
4899,-1.4809e+06,951261
4900,1.33486e+06,-928701
4901,-1.53671e+06,836260
4902,1.69144e+06,278480
4903,1.75403e+06,-230344
4904,-1.11943e+06,-600220
4905,-449253,-1.71271e+06
4906,-1.73886e+06,413601
4907,221407,-1.72113e+06
4908,-1.68196e+06,562839
4909,1.55751e+06,-762515
4910,-1.5253e+06,-825556
4911,878066,1.70377e+06
4912,1.61261e+06,768707
4913,1.68721e+06,625253
4914,1.73142e+06,-274939
4915,-1.31952e+06,-1.36328e+06
4916,1.97247e+06,-1.26515e+06
4917,-1.35005e+06,1.30068e+06
4918,-2.03176e+06,121713
4919,-1.7858e+06,-2.21356e+06
4920,1.54578e+06,871661
4921,439645,1.19015e+06
4922,-1.0854e+06,-1.41459e+06
4923,1.71611e+06,-63079.2
4924,1.1062e+06,-1.48286e+06
4925,-499181,1.7492e+06
4926,1.32022e+06,1.37236e+06
4927,-143875,-1.70532e+06
4928,1.08925e+06,-1.34216e+06
4929,716759,1.47263e+06
4930,1.8119e+06,-474449
4931,1.74506e+06,103052
4932,1.95891e+06,-94194.5
4933,1.45397e+06,1.28759e+06
4934,1.13202e+06,1.01419e+06
4935,639962,-1.10888e+06
4936,1.62945e+06,607356
4937,-876868,1.50492e+06
4938,-1.78016e+06,500658
4939,-1.71982e+06,296079
4940,229074,-1.69837e+06
4941,1.51103e+06,-454150
4942,-503774,-1.44481e+06
4943,-959457,1.53377e+06
4944,1.69022e+06,461169
4945,1.15961e+06,-20093.1
4946,834488,848522
4947,-542051,1.7092e+06
4948,-356196,-1.83835e+06
4949,-56660.6,-1.89331e+06
4950,831212,1.5796e+06
4951,739728,1.63332e+06
4952,-2.057e+06,-589396
4953,-1.33632e+06,-1.83707e+06
4954,-1.10222e+06,-1.31232e+06
4955,-1.43952e+06,1.06619e+06
4956,-673655,1.64234e+06
4957,1.40557e+06,1.00191e+06
4958,-343527,1.74638e+06
4959,1.29383e+06,-1.15653e+06
4960,1.59646e+06,-1.00027e+06
4961,-446171,1.86268e+06
4962,-1.63144e+06,566919
4963,-1.80272e+06,-790422
4964,1.16465e+06,1.44519e+06
4965,-958761,1.22038e+06
4966,1.83207e+06,-443579
4967,-1.23842e+06,-722902
4968,-126982,1.79911e+06
4969,1.18128e+06,1.28823e+06
4970,-1.04705e+06,-1.46753e+06
4971,1.62405e+06,818561
4972,493336,1.30652e+06
4973,1.67356e+06,515895
4974,317812,-1.70983e+06
4975,859050,-1.52889e+06
4976,-445812,-1.6909e+06
4977,-1.18771e+06,-1.25913e+06
4978,1.77506e+06,523032
4979,1.21296e+06,1.66985e+06
4980,2.20782e+06,-215410
4981,603276,-1.61092e+06
4982,-1.46766e+06,981587
4983,545580,1.65414e+06
4984,-1.48222e+06,-843058
4985,-200325,-1.73155e+06
4986,-1.71366e+06,-540871
4987,-1.71563e+06,48222.6
4988,-1.53754e+06,-736195
4989,2.64915e+06,604596
4990,-1.07017e+06,1.40576e+06
4991,998419,-1.45216e+06
4992,1.59737e+06,492989
4993,-1.43431e+06,-902945
4994,155328,-1.70169e+06
4995,-63350.3,1.73142e+06
4996,-1.72326e+06,235935
4997,383940,1.81601e+06
4998,-1.70453e+06,357779
4999,-1.00641e+06,1.4083e+06
