body_index,force_x,force_y
0,4464.83,-3157.28
1,-1.10351e+08,1.13922e+08
2,3.55844e+07,1.33728e+08
3,-6.19056e+06,1.50577e+08
4,9.16229e+07,1.16798e+08
5,6.22964e+07,-1.31251e+08
6,-1.10075e+08,-9.44518e+07
7,1.30192e+08,-1.15151e+07
8,-1.4115e+08,7.35029e+06
9,8.64782e+07,-1.24544e+08
10,9.62096e+07,-9.84862e+07
11,1.36501e+08,1.07208e+07
12,4.0282e+07,1.26587e+08
13,-1.29335e+08,-320873
14,8.7156e+07,-9.99715e+07
15,-1.3045e+08,-1.18049e+07
16,1.32484e+08,4.78612e+06
17,-1.20902e+08,-1.12397e+07
18,-9.14821e+07,7.63197e+07
19,-5.78618e+06,-1.17531e+08
20,1.19411e+08,1.07954e+07
21,9.05776e+06,1.12421e+08
22,5.75838e+07,9.54667e+07
23,9.7285e+07,-4.33643e+07
24,2.53792e+07,-1.03404e+08
25,-4.73934e+07,-9.10702e+07
26,-9.60131e+07,3.23399e+07
27,-7.11381e+07,7.89299e+07
28,-9.86383e+07,2.5575e+07
29,-3.50438e+07,9.37355e+07
30,-7.47108e+07,-6.91103e+07
31,4.95119e+07,8.53487e+07
32,-1.03155e+08,-1.97585e+06
33,-6.13316e+07,-6.19019e+07
34,-5.23494e+07,8.1173e+07
35,-4.74715e+06,-9.37588e+07
36,-9.18052e+07,-7.94342e+06
37,5.28553e+07,7.52756e+07
38,-8.45245e+07,-3.63815e+07
39,-4.53342e+07,-8.59572e+07
40,8.33448e+07,-4.08981e+07
41,4.06045e+07,-8.06336e+07
42,-8.579e+07,-2.85684e+07
43,8.59918e+07,2.60673e+07
44,-4.69141e+07,-7.65566e+07
45,-6.95717e+06,8.48165e+07
46,-8.12704e+07,-2.33333e+07
47,4.49219e+07,6.06031e+07
48,7.69271e+07,2.98181e+07
49,-3.53523e+07,-6.90867e+07
50,-1.1072e+07,8.17943e+07
51,5.50591e+07,-5.96358e+07
52,-2.63918e+07,7.96528e+07
53,-7.48143e+07,1.76561e+07
54,-3.09908e+07,-7.57659e+07
55,-7.97064e+07,-1.8156e+07
56,2.59592e+07,7.23261e+07
57,4.6135e+07,7.43384e+07
58,-5.64839e+07,-5.46741e+07
59,-1.53808e+07,-7.46717e+07
60,-6.77564e+07,-2.96486e+07
61,-7.08864e+07,2.09936e+07
62,-4.89669e+07,-4.51593e+07
63,-4.16713e+07,-5.74746e+07
64,-1.75027e+07,-7.27763e+07
65,-5.4558e+07,4.1199e+07
66,3.46946e+07,6.34143e+07
67,-6.99396e+07,2.17951e+07
68,-6.95213e+07,1.09599e+07
69,-3.92118e+07,-6.21546e+07
70,5.23046e+07,-4.29267e+07
71,6.41575e+07,-2.6223e+07
72,-6.60842e+07,-1.59136e+07
73,-2.05604e+06,-6.47214e+07
74,-6.49309e+07,-3.2354e+07
75,-3.94548e+07,-5.18691e+07
76,4.00963e+07,4.96499e+07
77,3.44661e+07,-4.68181e+07
78,2.78477e+07,5.6084e+07
79,1.4383e+07,-6.1917e+07
80,5.34872e+07,2.29407e+07
81,-6.0595e+07,3.90571e+06
82,-3.98708e+07,-4.4907e+07
83,3.92332e+07,-4.66922e+07
84,1.08664e+07,-5.71677e+07
85,4.32409e+07,3.83027e+07
86,4.46354e+07,-3.98159e+07
87,5.40584e+07,2.43743e+07
88,-3.58974e+07,-4.77371e+07
89,-1.41553e+07,-5.55322e+07
90,3.808e+07,-4.94148e+07
91,-9.20537e+06,-5.20291e+07
92,-2.39345e+07,-5.07634e+07
93,1.81358e+07,5.4581e+07
94,1.30771e+07,-5.32988e+07
95,4.01188e+06,5.58385e+07
96,-4.72568e+07,2.11672e+07
97,-5.20848e+07,-1.98611e+07
98,3.68701e+07,4.13121e+07
99,-5.5116e+07,1.04454e+07
100,-6.98095e+06,-5.82384e+07
101,5.20925e+07,-5.60797e+06
102,2.66426e+07,-4.7307e+07
103,-1.93467e+07,4.85639e+07
104,-2.48745e+07,4.65061e+07
105,-4.43031e+07,-3.96391e+07
106,4.50885e+07,2.36807e+07
107,3.3769e+07,-3.91989e+07
108,4.9668e+07,2.51616e+06
109,-2.60874e+07,4.37153e+07
110,-4.33175e+07,-2.70946e+07
111,4.38692e+07,-2.01223e+07
112,3.2163e+06,4.96436e+07
113,-3.85044e+07,2.85634e+07
114,4.62157e+07,-1.21044e+07
115,-4.79395e+07,1.51635e+07
116,-8.9671e+06,-4.77945e+07
117,-1.86777e+06,-4.58069e+07
118,4.64873e+07,-955779
119,-4.5616e+07,-7.17159e+06
120,-1.9302e+07,4.54544e+07
121,4.76709e+07,520216
122,-3.31546e+07,-3.12364e+07
123,2.79158e+07,-3.67784e+07
124,-3.1639e+07,3.12492e+07
125,4.29341e+07,1.54006e+07
126,3.96251e+07,2.29476e+07
127,3.67386e+07,2.77937e+07
128,-1.19656e+07,4.22359e+07
129,-3.42781e+07,2.92401e+07
130,1.7186e+07,4.0134e+07
131,4.10976e+07,-1.62096e+07
132,-1.88534e+07,3.92686e+07
133,-1.67519e+07,-4.24998e+07
134,-3.88769e+07,2.01041e+07
135,1.20347e+07,4.17419e+07
136,-2.43111e+07,-3.42623e+07
137,-1.30429e+07,-3.71408e+07
138,3.97965e+07,6.27243e+06
139,-1.26589e+07,-3.49421e+07
140,387056,-4.59908e+07
141,3.82969e+07,2.41833e+07
142,-1.43861e+07,-3.37231e+07
143,-1.83887e+06,-4.10334e+07
144,7.68746e+06,3.8416e+07
145,-3.46322e+07,1.00644e+07
146,-6.43178e+06,3.60442e+07
147,-3.2556e+07,2.24725e+07
148,-4.49542e+07,-4.0228e+06
149,2.70119e+07,-2.51023e+07
150,3.67775e+07,-9.10328e+06
151,2.93716e+06,-4.35073e+07
152,3.47292e+07,1.30476e+07
153,-4.57185e+07,-4.51224e+06
154,-1.51776e+07,4.02769e+07
155,-3.53393e+07,-1.48801e+07
156,1.62158e+07,-3.30589e+07
157,-3.68022e+07,7.49597e+06
158,-2.07799e+07,3.18401e+07
159,-2.98454e+07,1.63239e+07
160,3.7426e+07,-2.11708e+07
161,-3.82445e+07,1.04926e+07
162,3.62587e+07,-9.68399e+06
163,2.92768e+07,-2.43363e+07
164,2.11337e+07,-2.88333e+07
165,1.4968e+07,-3.38307e+07
166,-3.83901e+07,4.83819e+06
167,3.42483e+07,-1.56284e+07
168,3.63465e+07,2.04088e+07
169,1.17035e+07,3.45535e+07
170,-1.18118e+07,3.33226e+07
171,-3.93285e+07,3.39988e+06
172,-2.68892e+07,2.01597e+07
173,3.42833e+07,6.85022e+06
174,3.39328e+07,-6.769e+06
175,-1.48591e+07,-3.22475e+07
176,1.33664e+07,-3.15748e+07
177,-3.01969e+07,-1.4667e+07
178,3.58464e+07,1.93829e+06
179,2.52512e+07,-2.23767e+07
180,-1.16245e+06,-3.4371e+07
181,-2.30808e+07,2.608e+07
182,3.0753e+07,-1.51233e+07
183,3.36343e+07,-6.07156e+06
184,-2.83935e+07,-2.07833e+07
185,-1.35588e+07,-3.34483e+07
186,-2.85137e+07,-1.28828e+07
187,3.18469e+07,-5.07753e+06
188,3.3179e+07,1.17854e+06
189,1.6239e+07,3.0073e+07
190,2.57982e+07,2.11241e+07
191,1.90233e+07,2.42145e+07
192,9.0595e+06,2.96085e+07
193,6.4872e+06,3.32888e+07
194,1.76397e+07,2.34132e+07
195,2.86294e+07,1.5385e+07
196,-8.99604e+06,2.63809e+07
197,4.36698e+06,-3.05012e+07
198,-5.7096e+06,3.21198e+07
199,-3.17858e+07,1.16195e+06
200,-2.47958e+07,-1.88215e+07
201,1.7397e+07,2.66399e+07
202,1.86738e+06,-2.96297e+07
203,1.2653e+07,2.76331e+07
204,-1.00845e+07,2.76771e+07
205,-1.56132e+07,2.88402e+07
206,-1.49729e+07,2.70293e+07
207,2.86676e+07,8.13568e+06
208,-2.83046e+07,-1.24835e+07
209,-2.03716e+07,-2.1612e+07
210,7.62948e+06,-3.05769e+07
211,-8.80431e+06,-2.83855e+07
212,-3.93618e+06,2.80746e+07
213,-2.38807e+07,-1.83144e+07
214,1.69182e+07,-2.48095e+07
215,-2.00301e+07,-2.34442e+07
216,2.52211e+07,-1.65442e+07
217,9.95895e+06,2.75353e+07
218,-2.79167e+07,-849678
219,2.06325e+07,1.90836e+07
220,783105,-2.67362e+07
221,2.41999e+07,1.51289e+07
222,-2.82715e+07,-1.08304e+07
223,-1.95415e+07,2.04402e+07
224,2.81821e+07,8.95345e+06
225,2.89075e+07,-6.76155e+06
226,-2.74704e+07,8.17036e+06
227,2.66289e+07,-1.01126e+07
228,9.72775e+06,-2.49681e+07
229,-7.07017e+06,2.68732e+07
230,-1.14659e+07,2.62039e+07
231,-2.70603e+07,-1.42595e+06
232,2.39e+07,1.36339e+07
233,1.05627e+07,2.7087e+07
234,1.07096e+07,-2.43935e+07
235,-1.07758e+07,-2.58766e+07
236,-1.80952e+07,2.06258e+07
237,1.52606e+07,-1.99474e+07
238,5.33553e+06,-2.60071e+07
239,-1.81958e+07,-2.13577e+07
240,4.51834e+06,2.57083e+07
241,2.45037e+06,-2.9649e+07
242,-2.55488e+07,-7.89164e+06
243,-1.09969e+06,-2.46611e+07
244,1.74984e+07,1.80587e+07
245,2.58255e+07,4.02751e+06
246,1.63573e+07,-2.01412e+07
247,-1.80966e+07,2.06222e+07
248,2.35272e+07,-1.2259e+07
249,1.66893e+07,1.91546e+07
250,8.96395e+06,2.41748e+07
251,-3.82676e+06,2.56884e+07
252,-2.51975e+07,5.2327e+06
253,1.18885e+07,-2.37617e+07
254,-2.38128e+07,6.87681e+06
255,7.57528e+06,-2.30243e+07
256,1.66778e+07,-1.91313e+07
257,2.58897e+07,334421
258,2.07854e+07,1.32804e+07
259,1.28336e+07,-2.5017e+07
260,-2.05688e+07,-1.70583e+07
261,-1.40303e+07,-2.02664e+07
262,3.3406e+06,-2.47394e+07
263,2.56371e+07,4.9556e+06
264,1.83571e+07,-1.76212e+07
265,1.7622e+07,1.62775e+07
266,-2.29891e+07,-8.88761e+06
267,-9.15643e+06,2.39215e+07
268,-2.46073e+07,-6.03351e+06
269,-2.25538e+07,-8.11152e+06
270,-2.66718e+07,-2.9391e+06
271,1.68645e+07,1.9213e+07
272,2.34636e+07,-5.26198e+06
273,-1.17617e+07,2.12103e+07
274,3.23522e+06,2.35826e+07
275,-2.19435e+07,1.53767e+06
276,1.75218e+07,-1.76992e+07
277,-1.38406e+07,1.69748e+07
278,-2.17499e+07,-1.18715e+07
279,-2.02668e+07,1.85129e+07
280,1.69059e+07,-1.82641e+07
281,-2.13517e+07,-1.22334e+07
282,1.05684e+07,-2.30014e+07
283,2.06085e+07,-1.0597e+07
284,8.47625e+06,2.23709e+07
285,2.36231e+07,5.3156e+06
286,2.61215e+07,-4.59057e+06
287,-1.8772e+07,1.48772e+07
288,2.02811e+07,-1.08188e+07
289,-2.25904e+07,-9.94446e+06
290,5.23854e+06,2.17314e+07
291,1.97558e+07,1.02405e+07
292,2.07427e+07,-8.95459e+06
293,1.44125e+07,1.9137e+07
294,1.80285e+07,1.24205e+07
295,1.21108e+07,-1.99787e+07
296,4.45876e+06,-2.26565e+07
297,-1.35645e+07,-1.83586e+07
298,1.78033e+07,1.61352e+07
299,1.94165e+07,-1.38996e+07
300,1.67133e+07,1.69477e+07
301,-1.08591e+07,-2.04871e+07
302,2.05115e+07,1.14898e+07
303,-4.84294e+06,-2.02867e+07
304,2.38495e+07,-9.51969e+06
305,5.13124e+06,-2.31175e+07
306,4.71935e+06,2.15024e+07
307,1.71978e+07,-1.48853e+07
308,-2.06204e+07,8.78548e+06
309,-1.49837e+07,2.00257e+07
310,-8.29062e+06,-2.04673e+07
311,1.17674e+07,-1.76079e+07
312,1.96911e+07,8.92518e+06
313,1.67496e+07,1.61357e+07
314,1.04284e+07,-1.64988e+07
315,-2.25466e+07,-2.49554e+06
316,-1.07253e+07,1.89339e+07
317,-1.37563e+07,-1.80047e+07
318,-2.38955e+07,-3.67453e+06
319,1.47959e+06,2.0219e+07
320,-6.75257e+06,-1.93116e+07
321,-2.76034e+06,-2.17242e+07
322,-6.44037e+06,-1.92391e+07
323,7.24336e+06,1.96256e+07
324,1.45444e+07,-1.65856e+07
325,-808573,2.30425e+07
326,1.38996e+07,-1.8908e+07
327,1.80044e+07,1.29694e+07
328,4.4837e+06,2.19457e+07
329,2.38877e+06,1.90075e+07
330,-2.19962e+07,-19004.7
331,2.03085e+07,5.82031e+06
332,-1.60812e+07,-1.20412e+07
333,1.60642e+07,1.49975e+07
334,-406524,-2.14958e+07
335,3.60756e+06,-2.16111e+07
336,-7.10583e+06,1.98714e+07
337,-1.56539e+07,1.31206e+07
338,-2.36821e+07,-971510
339,-964772,2.05428e+07
340,308500,2.04946e+07
341,-1.67374e+07,-1.31104e+07
342,1.39229e+07,-1.82199e+07
343,2.08171e+07,-4.62047e+06
344,6.95887e+06,1.90409e+07
345,-1.99581e+07,4.3544e+06
346,-8.51249e+06,1.83815e+07
347,-2.03715e+07,2.4823e+06
348,-1.5801e+07,-1.37139e+07
349,-2.06343e+07,3.10367e+06
350,1.30114e+07,1.57184e+07
351,1.09391e+07,1.69971e+07
352,-5.2439e+06,-1.92349e+07
353,-1.27e+07,1.58926e+07
354,-1.75574e+07,-1.0248e+07
355,1.92353e+07,-7.87604e+06
356,-5.36512e+06,-1.99438e+07
357,1.40622e+06,2.01843e+07
358,-1.85417e+07,6.89961e+06
359,1.28815e+07,1.58983e+07
360,2.00197e+07,-7.43605e+06
361,1.24293e+07,-1.66033e+07
362,-4.45972e+06,1.86691e+07
363,-1.9509e+07,-5.16479e+06
364,1.53269e+07,-8.68428e+06
365,-1.70823e+07,-7.82376e+06
366,-3.55914e+06,-1.89782e+07
367,5.89896e+06,1.93798e+07
368,-1.99593e+07,1.17955e+06
369,-3.00716e+06,1.90564e+07
370,-9.03127e+06,1.74208e+07
371,-5.58744e+06,-1.88814e+07
372,1.4507e+06,1.79283e+07
373,7.65444e+06,1.82159e+07
374,-5.22243e+06,1.98315e+07
375,1.76826e+06,1.88946e+07
376,-1.34023e+07,1.32596e+07
377,-1.76276e+07,-1.05587e+06
378,1.87684e+07,3.84515e+06
379,399351,-1.97447e+07
380,1.43836e+07,1.3193e+07
381,-1.24605e+06,1.97994e+07
382,1.59962e+07,-8.36809e+06
383,1.83956e+07,-8.70656e+06
384,1.87602e+07,-1.59058e+06
385,5.06638e+06,-1.8041e+07
386,8.34724e+06,-1.67147e+07
387,-6.32569e+06,1.78474e+07
388,-1.90351e+07,-1.94712e+06
389,1.39892e+07,-1.31371e+07
390,1.71725e+07,8.43872e+06
391,-71830.6,1.98034e+07
392,1.03404e+06,-1.90818e+07
393,1.77714e+07,-4.83977e+06
394,-1.89004e+07,2.39206e+06
395,1.7631e+07,-9.46916e+06
396,-196966,1.85359e+07
397,1.42337e+07,1.07883e+07
398,1.68729e+07,6.88734e+06
399,-1.62822e+07,-8.99856e+06
400,-1.18394e+07,1.36223e+07
401,8.83511e+06,1.62695e+07
402,-1.00989e+07,1.4868e+07
403,-7.48211e+06,1.64837e+07
404,1.08735e+07,-1.35766e+07
405,-1.32164e+07,-1.18642e+07
406,-5.56029e+06,-1.77135e+07
407,9.46901e+06,1.48144e+07
408,8.7513e+06,-1.63359e+07
409,-1.16519e+07,-1.28426e+07
410,-9.24133e+06,1.5167e+07
411,7.18239e+06,-1.65231e+07
412,-3.60696e+06,-1.78745e+07
413,1.7759e+07,-1.00734e+06
414,1.63792e+07,-7.78695e+06
415,-1.14929e+07,-1.31957e+07
416,1.02463e+07,-1.39264e+07
417,-1.22777e+07,1.20997e+07
418,-4.67827e+06,1.7157e+07
419,1.44358e+07,8.46156e+06
420,-1.71774e+07,-244240
421,-1.26157e+07,1.27501e+07
422,-1.61585e+07,-5.71814e+06
423,-4.9492e+06,-1.79085e+07
424,-1.69408e+07,6.8257e+06
425,-7.61718e+06,1.57699e+07
426,-1.68854e+07,-3.44985e+06
427,-3.61805e+06,-1.73355e+07
428,4.02957e+06,-1.59745e+07
429,-1.73701e+07,-103687
430,1.28139e+07,1.08436e+07
431,-1.44844e+07,7.12571e+06
432,1.12587e+06,1.86527e+07
433,1.67832e+07,-4.08179e+06
434,1.1778e+07,1.17403e+07
435,1.98032e+06,1.81147e+07
436,-1.23317e+07,-1.11583e+07
437,-1.72637e+07,-625272
438,-1.43879e+07,-8.35706e+06
439,4.8126e+06,-1.64027e+07
440,-3.86568e+06,-1.73646e+07
441,-641381,1.68954e+07
442,7.47712e+06,-1.48326e+07
443,-1.66624e+07,-2.25255e+06
444,-6.8885e+06,-1.40001e+07
445,-1.18262e+07,1.11191e+07
446,9.17298e+06,-1.43285e+07
447,-1.8192e+07,-1.45831e+06
448,-8.28282e+06,1.50731e+07
449,1.16184e+07,1.17484e+07
450,-1.68967e+07,-927890
451,1.09836e+07,1.24351e+07
452,1.44595e+07,5.7391e+06
453,-1.10644e+07,-1.17062e+07
454,1.00965e+07,-1.47662e+07
455,-796744,-1.65287e+07
456,3.55172e+06,1.59114e+07
457,1.34996e+07,-9.28006e+06
458,-8.41527e+06,1.24566e+07
459,1.28293e+06,-1.60774e+07
460,-1.03486e+07,1.34765e+07
461,1.27955e+07,9.86155e+06
462,-7.96943e+06,-1.46878e+07
463,9.2969e+06,1.3275e+07
464,-1.61036e+06,1.61392e+07
465,-6.93662e+06,-1.49422e+07
466,-1.20102e+07,9.19297e+06
467,-1.31687e+07,9.84554e+06
468,-3.86439e+06,-1.66499e+07
469,6.08813e+06,1.43486e+07
470,-1.09739e+07,-1.05051e+07
471,4.82295e+06,-1.56277e+07
472,-3.5243e+06,1.47742e+07
473,1.41721e+07,6.77353e+06
474,-1.58089e+07,-4.34758e+06
475,1.59035e+07,1.35556e+06
476,7.55913e+06,1.23167e+07
477,-1.4879e+07,6.35261e+06
478,-1.31648e+07,9.21405e+06
479,-7.58184e+06,-1.42124e+07
480,1.41249e+07,-5.77775e+06
481,-1.06217e+07,1.13566e+07
482,-6.25644e+06,1.46458e+07
483,-8.94463e+06,-1.16964e+07
484,-4.30164e+06,1.50788e+07
485,1.50635e+07,-3.16295e+06
486,-1.29582e+07,-8.08177e+06
487,-1.48525e+07,-2.77198e+06
488,1.42087e+07,5.26203e+06
489,-1.03003e+07,-1.23564e+07
490,7.67476e+06,1.41764e+07
491,-1.07996e+07,-1.08934e+07
492,1.31974e+07,-8.00551e+06
493,1.68021e+07,-2.997e+06
494,-1.35853e+07,-7.2051e+06
495,-1.524e+07,2.35284e+06
496,1.01916e+07,-1.16735e+07
497,2.90291e+06,1.56194e+07
498,1.12343e+06,1.6066e+07
499,1.52976e+07,-376451
500,1.50097e+07,-6.10434e+06
501,-1.08891e+07,1.05731e+07
502,1.22836e+06,1.54645e+07
503,1.24187e+07,-9.14377e+06
504,-7.06343e+06,-1.54736e+07
505,-7.8502e+06,-1.27549e+07
506,-2.58818e+06,1.44928e+07
507,5.94816e+06,-1.42636e+07
508,1.36897e+07,6.15782e+06
509,-3.79307e+06,1.53829e+07
510,1.52392e+07,-5.6026e+06
511,-8.56352e+06,-1.21421e+07
512,-1.51266e+07,1.12888e+06
513,1.36405e+07,-7.43309e+06
514,1.32687e+07,6.68526e+06
515,1.4665e+07,-2.00483e+06
516,-253048,1.53195e+07
517,-9.83637e+06,1.14763e+07
518,1.47219e+07,834977
519,318658,1.45561e+07
520,1.21547e+07,7.37875e+06
521,-1.48192e+07,-3.19527e+06
522,-1.43986e+07,-26863.5
523,109745,-1.39773e+07
524,-1.3855e+07,-4.64435e+06
525,-1.18353e+07,-8.52007e+06
526,6.13275e+06,1.22264e+07
527,1.30558e+07,-7.04637e+06
528,-1.36124e+07,4.59509e+06
529,4.61941e+06,1.32077e+07
530,4.25778e+06,-1.37041e+07
531,-9.05514e+06,8.9053e+06
532,-1.23378e+07,-6.71758e+06
533,-1.10875e+07,-9.12489e+06
534,-1.98795e+06,-1.42398e+07
535,-8.77582e+06,1.09681e+07
536,7.14013e+06,1.17908e+07
537,1.11999e+07,6.501e+06
538,-7.33324e+06,1.2176e+07
539,8.20073e+06,-1.17571e+07
540,8.95197e+06,1.09985e+07
541,-1.33342e+07,-5.0211e+06
542,1.39889e+07,2.10976e+06
543,4.3379e+06,1.35483e+07
544,-1.43915e+07,-670000
545,1.32557e+07,-3.81057e+06
546,1.05027e+06,-1.42062e+07
547,2.81548e+06,-1.34231e+07
548,-1.13345e+07,9.4912e+06
549,-1.22788e+07,-7.39101e+06
550,-1.14793e+07,9.96468e+06
551,6.66077e+06,1.21828e+07
552,-1.23388e+07,7.07483e+06
553,1.33254e+07,4.24222e+06
554,-1.19874e+07,5.08775e+06
555,-3.89832e+06,-1.32546e+07
556,-1.39173e+07,1.77489e+06
557,1.04515e+07,-8.91681e+06
558,1.4223e+07,-3.72792e+06
559,-1.0922e+07,-8.45345e+06
560,9.68472e+06,-9.59153e+06
561,-1.12587e+07,8.29131e+06
562,-2.14647e+06,1.36551e+07
563,1.26646e+07,2.40578e+06
564,-1.31388e+07,3.75305e+06
565,1.35545e+07,740595
566,4.27996e+06,1.37022e+07
567,1.24242e+07,-5.21626e+06
568,1.03365e+07,9.04262e+06
569,1.29488e+07,3.03653e+06
570,-9.20713e+06,1.02105e+07
571,-1.1889e+07,-5.60351e+06
572,2.77093e+06,1.349e+07
573,-1.29419e+07,5.35329e+06
574,6.63558e+06,1.26729e+07
575,1.1518e+07,7.78728e+06
576,-7.94836e+06,1.08463e+07
577,-1.0473e+07,8.6424e+06
578,1.00685e+07,8.64956e+06
579,-1.36151e+07,-912886
580,1.32203e+07,-854230
581,169873,1.34899e+07
582,4.85647e+06,-1.25166e+07
583,7.26114e+06,1.05446e+07
584,1.22254e+07,6.08165e+06
585,77196.1,-1.31476e+07
586,5.36468e+06,1.1438e+07
587,5.02553e+06,-1.20038e+07
588,-8.2558e+06,1.09206e+07
589,-9.80407e+06,-8.18309e+06
590,-1.64501e+06,1.34843e+07
591,9.66428e+06,-9.05207e+06
592,-1.09114e+07,8.75104e+06
593,-8.93495e+06,-9.76426e+06
594,5.5921e+06,-1.1897e+07
595,-5.57678e+06,1.17012e+07
596,-8.61271e+06,1.03082e+07
597,-2.25025e+06,1.28283e+07
598,9.34267e+06,9.18343e+06
599,-259656,1.24554e+07
600,1.21963e+07,-4.29841e+06
601,1.06029e+07,7.48929e+06
602,1.01179e+07,8.87101e+06
603,1.16565e+07,-5.50605e+06
604,-9.54751e+06,9.75042e+06
605,7.41877e+06,-1.02448e+07
606,1.264e+06,-1.26163e+07
607,2.48664e+06,-1.22484e+07
608,1.21192e+07,-1.15639e+06
609,-509231,1.26311e+07
610,1.09386e+07,6.76604e+06
611,8.20345e+06,9.60598e+06
612,1.73308e+06,-1.24768e+07
613,5.15564e+06,1.18783e+07
614,-8.77771e+06,-8.50231e+06
615,-2.74851e+06,1.22313e+07
616,9.01615e+06,9.68093e+06
617,-357648,-1.32071e+07
618,-4.02167e+06,-1.18615e+07
619,4.47785e+06,1.21675e+07
620,-8.425e+06,-9.89156e+06
621,-4.02891e+06,1.23878e+07
622,1.18185e+07,2.88174e+06
623,-9.82064e+06,9.00999e+06
624,-2.12111e+06,1.27673e+07
625,-5.69935e+06,1.0809e+07
626,6.72472e+06,1.10742e+07
627,3.00541e+06,-1.24382e+07
628,-3.80517e+06,-1.14885e+07
629,-3.31099e+06,1.17316e+07
630,5.91822e+06,-1.04952e+07
631,-5.87698e+06,1.07775e+07
632,5.12364e+06,1.2113e+07
633,-3.52775e+06,1.20213e+07
634,1.18883e+07,-3.69422e+06
635,7.12955e+06,1.01955e+07
636,7.25527e+06,1.06116e+07
637,-6.69878e+06,-9.95061e+06
638,-869299,1.25871e+07
639,-6.23723e+06,1.12367e+07
640,1.17439e+07,1.77664e+06
641,-1.11589e+07,3.71379e+06
642,5.53344e+06,1.06036e+07
643,-1.21139e+07,197168
644,-1.11257e+07,-3.41554e+06
645,-1.19581e+07,3.88467e+06
646,1.89831e+06,1.17274e+07
647,-1.05572e+07,-5.65179e+06
648,-5.45722e+06,-1.08384e+07
649,-8.76753e+06,-8.80077e+06
650,-1.21968e+07,-856425
651,8.22736e+06,-9.01841e+06
652,-9.31565e+06,-8.02441e+06
653,-1.00348e+07,-7.11491e+06
654,1.09733e+07,-4.56072e+06
655,1.90014e+06,-1.17703e+07
656,-1.10723e+07,-4.64051e+06
657,6.86068e+06,-1.02461e+07
658,-3.58284e+06,-1.19387e+07
659,1.12174e+07,-1.81709e+06
660,-9.53343e+06,-5.51325e+06
661,-1.16724e+07,3.27584e+06
662,1.17469e+07,-1.21137e+06
663,-8.45868e+06,-8.6082e+06
664,1.15042e+07,2.3616e+06
665,-1.13266e+07,2.47109e+06
666,1.13753e+07,-2.73417e+06
667,1.20485e+07,-2.12404e+06
668,-8.45374e+06,-8.68413e+06
669,-1.15966e+07,1.53523e+06
670,-8.96038e+06,8.00233e+06
671,-9.88796e+06,-5.36413e+06
672,3.21074e+06,1.09022e+07
673,4.17174e+06,1.11686e+07
674,1.14818e+07,772565
675,-7.43417e+06,-9.28784e+06
676,-1.05049e+07,4.82488e+06
677,9.71413e+06,-5.2897e+06
678,9.32968e+06,4.08951e+06
679,8.17041e+06,8.84736e+06
680,8.51762e+06,8.23166e+06
681,-1.15431e+07,-1.48549e+06
682,3.33937e+06,1.16379e+07
683,1.04611e+07,5.40581e+06
684,-1.01649e+07,-4.79902e+06
685,-1.11816e+07,-2.31847e+06
686,6.01931e+06,-9.72314e+06
687,5.33557e+06,-1.02677e+07
688,4.23302e+06,-1.03231e+07
689,-4.2797e+06,-1.08875e+07
690,-7.58035e+06,-9.50959e+06
691,5.45017e+06,1.02727e+07
692,-2.99877e+06,1.10996e+07
693,8.22724e+06,8.05882e+06
694,-1.11333e+07,-4.38726e+06
695,-1.9551e+06,-1.11196e+07
696,-4.90431e+06,1.06359e+07
697,1.22905e+07,-863365
698,-1.10545e+07,-2.41888e+06
699,1.0246e+07,-4.20251e+06
700,7.22721e+06,8.74883e+06
701,-1.154e+07,498308
702,1.00771e+07,4.35879e+06
703,-9.86644e+06,4.60062e+06
704,-2.48278e+06,1.11701e+07
705,-9.35437e+06,5.70859e+06
706,9.95132e+06,2.68645e+06
707,-1.07467e+07,4.12043e+06
708,-8.71788e+06,7.49953e+06
709,1.2274e+06,1.13395e+07
710,-3.45198e+06,1.08364e+07
711,9.31814e+06,-5.49909e+06
712,-9.84051e+06,-6.77095e+06
713,-8.37232e+06,-6.48664e+06
714,8.04327e+06,-7.28807e+06
715,-4.6524e+06,-1.00872e+07
716,-6.05015e+06,9.3722e+06
717,1.07334e+07,1.15869e+06
718,1.06163e+07,3.47158e+06
719,-1.06191e+07,-2.43651e+06
720,4.70252e+06,-1.03907e+07
721,686294,-1.08778e+07
722,-1.07846e+07,2.22422e+06
723,-5.03326e+06,9.7664e+06
724,1.0634e+07,2.69294e+06
725,9.58973e+06,1.82175e+06
726,-1.1126e+07,-3.64446e+06
727,2.39197e+06,1.09594e+07
728,-1.8203e+06,1.08412e+07
729,5.56215e+06,-1.00041e+07
730,9.91778e+06,5.19179e+06
731,6.80131e+06,-8.30209e+06
732,2.34012e+06,1.0364e+07
733,-6.38299e+06,8.60499e+06
734,-1.12865e+06,-1.05132e+07
735,1.00579e+06,-1.08735e+07
736,5.60311e+06,9.50271e+06
737,-5.10143e+06,9.73674e+06
738,-8.27146e+06,-7.27328e+06
739,1.02168e+07,4.29504e+06
740,9.11262e+06,-5.1913e+06
741,1.44196e+06,-9.87015e+06
742,4.85834e+06,9.6436e+06
743,-8.70286e+06,-6.90393e+06
744,204230,-1.06279e+07
745,-6.45803e+06,8.2918e+06
746,-5.12272e+06,-9.45882e+06
747,4.77138e+06,-9.7513e+06
748,-8.87612e+06,6.3397e+06
749,-8.50788e+06,-6.22519e+06
750,1.0401e+07,762279
751,5.71725e+06,9.68548e+06
752,5.99506e+06,8.53489e+06
753,-7.63268e+06,-7.77143e+06
754,-2.46308e+06,-1.02682e+07
755,-9.47073e+06,5.38433e+06
756,-6.15525e+06,-8.30956e+06
757,965253,-1.02444e+07
758,-9.64755e+06,4.54131e+06
759,-1.0224e+07,2.82406e+06
760,-8.47952e+06,6.07482e+06
761,1.02118e+07,-4.3814e+06
762,9.33616e+06,-4.79672e+06
763,-9.69095e+06,4.4338e+06
764,-9.17994e+06,-5.46384e+06
765,-1.05898e+07,2.04955e+06
766,9.45201e+06,-4.88086e+06
767,6.96824e+06,-7.48044e+06
768,-5.32754e+06,9.26813e+06
769,4.04311e+06,9.99739e+06
770,-9.20696e+06,5.8189e+06
771,9.25104e+06,5.6142e+06
772,1.0386e+07,1.55683e+06
773,5.07754e+06,-9.27392e+06
774,7.62966e+06,-7.2401e+06
775,9.42324e+06,-4.47083e+06
776,7.01875e+06,7.59745e+06
777,-930422,9.61748e+06
778,8.54215e+06,-5.41554e+06
779,9.8529e+06,2.43418e+06
780,1.03759e+07,1.47722e+06
781,5.12555e+06,-9.29352e+06
782,1.01691e+07,2.91371e+06
783,-6.72641e+06,8.18192e+06
784,9.94153e+06,5.26771e+06
785,1.13113e+06,-1.02621e+07
786,8.0583e+06,6.38217e+06
787,1.01919e+07,-34993.5
788,-9.15221e+06,3.95407e+06
789,1.0331e+07,1.46836e+06
790,3.65528e+06,-9.65575e+06
791,-8.76948e+06,-5.86722e+06
792,6.31093e+06,-7.64246e+06
793,-7.85122e+06,6.43956e+06
794,2.12657e+06,1.10051e+07
795,-5.59546e+06,-8.65549e+06
796,-1.0254e+07,2.31786e+06
797,1.04554e+07,2.75031e+06
798,-5.97663e+06,-8.36782e+06
799,1.02492e+07,1.28498e+06
800,1.0623e+07,4.6567e+06
801,-8.39414e+06,6.28761e+06
802,-8.1807e+06,-7.04692e+06
803,-8.35573e+06,-6.47247e+06
804,6.26287e+06,7.20636e+06
805,5.70652e+06,-7.50698e+06
806,8.56379e+06,-4.17607e+06
807,-5.27118e+06,-8.74527e+06
808,-1.29409e+06,-9.00276e+06
809,974623,9.78493e+06
810,-3.14904e+06,8.84589e+06
811,8.9561e+06,4.71473e+06
812,2.61548e+06,9.86913e+06
813,-6.53905e+06,-7.37427e+06
814,-8.93099e+06,2.9176e+06
815,1.77545e+06,-1.03029e+07
816,-925149,9.78819e+06
817,-8.55119e+06,-5.5507e+06
818,6.53663e+06,-7.3612e+06
819,-8.82369e+06,-4.52141e+06
820,-8.63596e+06,4.48866e+06
821,-9.48733e+06,3.71431e+06
822,5.91213e+06,7.64771e+06
823,6.1206e+06,8.01026e+06
824,-1.23473e+06,-9.03003e+06
825,9.53366e+06,-1.60267e+06
826,-9.71035e+06,820357
827,-383016,-9.7673e+06
828,-6.76692e+06,7.69362e+06
829,7.07167e+06,6.73794e+06
830,-5.70527e+06,7.27785e+06
831,403278,9.73371e+06
832,-3.36136e+06,-9.03797e+06
833,3.41924e+06,9.22199e+06
834,-1.05374e+06,-9.5916e+06
835,-9.50559e+06,-639698
836,3.29273e+06,8.70153e+06
837,-1.90806e+06,-9.03233e+06
838,3.33256e+06,8.86248e+06
839,-2.89823e+06,9.25237e+06
840,-2.84646e+06,8.94972e+06
841,5.34347e+06,-7.89478e+06
842,-8.91029e+06,-3.03483e+06
843,-504625,9.48003e+06
844,8.33092e+06,-3.62811e+06
845,7.68926e+06,5.407e+06
846,2.85909e+06,-8.97263e+06
847,4.27167e+06,-8.48197e+06
848,-1.96128e+06,-9.50251e+06
849,-5.02053e+06,7.53956e+06
850,5.78074e+06,7.39436e+06
851,-7.4952e+06,-5.95984e+06
852,5.66941e+06,-7.43099e+06
853,9.60521e+06,1.49535e+06
854,1.24141e+06,8.85291e+06
855,7.57506e+06,-5.66589e+06
856,6.65372e+06,-6.18945e+06
857,8.89489e+06,2.03601e+06
858,6.2117e+06,6.73716e+06
859,1.18688e+06,8.80853e+06
860,9.31874e+06,96794.9
861,-1.14071e+06,9.29767e+06
862,5.90475e+06,-6.78831e+06
863,-7.42895e+06,5.0995e+06
864,-9.13782e+06,-1.07367e+06
865,9.01195e+06,-1.2341e+06
866,-8.12425e+06,4.31055e+06
867,8.76132e+06,-2.41128e+06
868,7.77575e+06,4.14978e+06
869,-8.89848e+06,-871647
870,-7.76472e+06,4.85258e+06
871,2.42132e+06,-9.43898e+06
872,1.93759e+06,-9.07268e+06
873,-6.29855e+06,-6.44944e+06
874,2.67367e+06,-9.12341e+06
875,-8.39747e+06,-3.1852e+06
876,9.08614e+06,552192
877,8.30533e+06,3.80111e+06
878,5.74725e+06,7.06414e+06
879,415754,8.82428e+06
880,-1.44744e+06,-8.92395e+06
881,7.61328e+06,-4.87472e+06
882,5.23009e+06,7.85985e+06
883,-2.47311e+06,9.09435e+06
884,-344076,-9.12815e+06
885,9.01124e+06,2.12953e+06
886,-8.5253e+06,3.19607e+06
887,-8.61257e+06,-2.18352e+06
888,5.78848e+06,-6.14413e+06
889,8.9732e+06,-746948
890,7.71234e+06,-4.94312e+06
891,-4.91045e+06,-7.51799e+06
892,4.36588e+06,7.85931e+06
893,3.00586e+06,-8.17483e+06
894,6.64533e+06,-5.77182e+06
895,7.19727e+06,5.45038e+06
896,8.66405e+06,-2.64735e+06
897,8.00801e+06,-4.17787e+06
898,-4.51385e+06,8.04154e+06
899,-6.06387e+06,6.35318e+06
900,-3.10853e+06,8.77134e+06
901,7.08096e+06,-5.13861e+06
902,1.85489e+06,8.62023e+06
903,9.03612e+06,712020
904,6.57089e+06,5.99835e+06
905,8.22714e+06,-3.34459e+06
906,-8.41472e+06,-2.5138e+06
907,8.3536e+06,-3.64163e+06
908,7.47736e+06,-5.04748e+06
909,-5.98102e+06,6.46365e+06
910,8.51881e+06,-1.70564e+06
911,2.43344e+06,8.39148e+06
912,-5.957e+06,-6.65494e+06
913,5.59557e+06,-6.9002e+06
914,6.0384e+06,-6.28389e+06
915,-7.24926e+06,4.89034e+06
916,7.89822e+06,3.81894e+06
917,-8.57387e+06,937012
918,3.2268e+06,-8.42454e+06
919,2.78476e+06,-7.96793e+06
920,1.38886e+06,-8.71797e+06
921,8.09576e+06,2.34899e+06
922,-8.48961e+06,1.93382e+06
923,-245713,8.90492e+06
924,1.85953e+06,-8.19678e+06
925,512222,-8.2774e+06
926,-6.10231e+06,6.54284e+06
927,-4.42648e+06,-7.48192e+06
928,-6.23537e+06,-5.81037e+06
929,-7.02095e+06,-4.76677e+06
930,7.57732e+06,3.55668e+06
931,3.27915e+06,8.01118e+06
932,3.51539e+06,-8.12992e+06
933,885670,8.32227e+06
934,-8.24188e+06,2.61192e+06
935,8.17895e+06,-2.64743e+06
936,-1.91868e+06,-7.92357e+06
937,8.44958e+06,-1.38785e+06
938,-8.5557e+06,973140
939,-5.52786e+06,6.31414e+06
940,-8.17366e+06,-2.7575e+06
941,7.76981e+06,3.54868e+06
942,1.14473e+06,-8.10371e+06
943,-7.96497e+06,-1.36205e+06
944,-3.24826e+06,-7.67519e+06
945,1.59036e+06,-8.49304e+06
946,-7.95845e+06,-3.24785e+06
947,573872,8.64568e+06
948,-8.43012e+06,-477415
949,5.67764e+06,6.55215e+06
950,-7.24924e+06,4.20178e+06
951,-6.18771e+06,-6.01718e+06
952,3.53638e+06,-7.69796e+06
953,7.87437e+06,2.83248e+06
954,-7.41386e+06,3.92924e+06
955,8.24547e+06,2.60014e+06
956,5.85856e+06,6.503e+06
957,4.28297e+06,-6.6813e+06
958,5.98376e+06,6.85819e+06
959,-4.79951e+06,6.60838e+06
960,-5.68324e+06,6.56706e+06
961,2.99197e+06,7.7563e+06
962,6.10983e+06,-6.07998e+06
963,-1.75988e+06,-7.61038e+06
964,-8.27108e+06,110602
965,7.12377e+06,-4.29403e+06
966,7.52036e+06,3.22047e+06
967,-2.67472e+06,7.6032e+06
968,8.3262e+06,-515267
969,7.49379e+06,4.36429e+06
970,4.19313e+06,-7.57331e+06
971,-7.30782e+06,-3.96869e+06
972,4.71927e+06,-7.38519e+06
973,-1.95503e+06,-8.60899e+06
974,6.83248e+06,4.77539e+06
975,5.09665e+06,-6.88992e+06
976,5.56184e+06,-6.42687e+06
977,2.01539e+06,8.01391e+06
978,-7.50923e+06,3.34574e+06
979,3.56643e+06,7.32536e+06
980,1.06433e+06,8.27684e+06
981,-6.69009e+06,-4.74241e+06
982,8.18124e+06,588166
983,-4.4995e+06,6.79335e+06
984,1.4808e+06,8.11823e+06
985,-5.25168e+06,6.83804e+06
986,-362858,-8.12064e+06
987,-3.30538e+06,7.32323e+06
988,255988,8.34051e+06
989,-1.7319e+06,7.87491e+06
990,-7.30885e+06,-3.55671e+06
991,-2.45441e+06,-7.82446e+06
992,7.8706e+06,1.17677e+06
993,-7.1809e+06,-4.38443e+06
994,8.19154e+06,-1.48197e+06
995,2.62625e+06,7.87053e+06
996,39940.4,-8.01176e+06
997,1.22611e+06,8.15034e+06
998,-7.37168e+06,-3.32054e+06
999,-5.69759e+06,5.59423e+06
1000,669043,-8.46756e+06
1001,7.11652e+06,-3.83376e+06
1002,6.56716e+06,-4.77421e+06
1003,-3.02485e+06,-7.46415e+06
1004,7.79891e+06,-2.28201e+06
1005,5.83461e+06,-5.61574e+06
1006,-2.5724e+06,-7.45741e+06
1007,4.79065e+06,-6.69274e+06
1008,-7.2445e+06,-3.72965e+06
1009,-3.2364e+06,-7.29111e+06
1010,5.01562e+06,-6.36265e+06
1011,7.75437e+06,1.67834e+06
1012,-902416,-8.48502e+06
1013,7.64515e+06,-2.43666e+06
1014,-4.93669e+06,6.13625e+06
1015,-7.81758e+06,1.65719e+06
1016,4.66678e+06,-6.69278e+06
1017,5.66134e+06,-6.14276e+06
1018,-1.90175e+06,-7.88682e+06
1019,7.63118e+06,1.85959e+06
1020,4.55656e+06,6.51957e+06
1021,3.57952e+06,6.80371e+06
1022,-7.79514e+06,-1.95424e+06
1023,-3.28697e+06,6.76312e+06
1024,7.71422e+06,722568
1025,-3.42375e+06,7.16421e+06
1026,-6.00335e+06,-5.26794e+06
1027,-7.87889e+06,-1.68473e+06
1028,6.27661e+06,-4.80726e+06
1029,-6.37053e+06,3.5999e+06
1030,-3.5944e+06,6.5612e+06
1031,-7.81474e+06,-662789
1032,7.67232e+06,2.33955e+06
1033,-7.62026e+06,-717605
1034,2.85009e+06,-7.29502e+06
1035,-5.7805e+06,5.47938e+06
1036,-7.35173e+06,-2.39379e+06
1037,6.23347e+06,-5.07682e+06
1038,-7.6214e+06,-376003
1039,782989,-7.75709e+06
1040,-4.81632e+06,-6.04045e+06
1041,-6.43648e+06,3.69239e+06
1042,3.54472e+06,-6.84707e+06
1043,11366.6,7.80624e+06
1044,-2.49658e+06,-7.45369e+06
1045,3.4919e+06,-6.92791e+06
1046,588223,-7.97493e+06
1047,7.69404e+06,923893
1048,-6.91806e+06,-4.27989e+06
1049,-3.5644e+06,-6.72519e+06
1050,-7.71052e+06,-1.72937e+06
1051,6.93499e+06,-4.18897e+06
1052,-6.12503e+06,-4.72043e+06
1053,155791,-7.85429e+06
1054,-6.7558e+06,3.39504e+06
1055,-7.13612e+06,2.76284e+06
1056,-5.16235e+06,5.61791e+06
1057,-4.35024e+06,-6.1293e+06
1058,-7.06908e+06,3.22372e+06
1059,-7.83954e+06,-1.11941e+06
1060,6.15343e+06,4.562e+06
1061,7.36944e+06,2.01167e+06
1062,-3.43471e+06,6.66089e+06
1063,-7.64656e+06,-378276
1064,-7.71399e+06,-1.64449e+06
1065,-7.44117e+06,383853
1066,3.12734e+06,6.95606e+06
1067,-598299,7.42109e+06
1068,571095,7.69974e+06
1069,-2.16912e+06,-7.64022e+06
1070,1.99779e+06,7.33766e+06
1071,-3.54297e+06,-6.38408e+06
1072,3.9694e+06,6.60129e+06
1073,2.25776e+06,7.16752e+06
1074,3.31701e+06,6.68387e+06
1075,-4.34729e+06,6.05542e+06
1076,-7.24444e+06,2.10399e+06
1077,2.80361e+06,-6.91086e+06
1078,-2.62946e+06,-7.20873e+06
1079,-2.37108e+06,6.93615e+06
1080,-154288,-7.74027e+06
1081,6.32219e+06,4.0313e+06
1082,-7.0191e+06,2.37976e+06
1083,-1.15267e+06,7.25039e+06
1084,-1.87495e+06,7.18898e+06
1085,-7.23969e+06,-2.17759e+06
1086,7.27779e+06,-327917
1087,-4.18474e+06,-6.1202e+06
1088,6.78529e+06,-3.2185e+06
1089,5.77061e+06,-4.83636e+06
1090,3.02548e+06,-6.81068e+06
1091,-6.04475e+06,4.04654e+06
1092,-5.28508e+06,4.7506e+06
1093,6.14681e+06,-4.02693e+06
1094,-1.38554e+06,-7.41974e+06
1095,-5.20313e+06,-5.91756e+06
1096,7.08776e+06,2.58381e+06
1097,6.98161e+06,2.41586e+06
1098,-2.78509e+06,7.13123e+06
1099,127044,-7.58843e+06
1100,7.42524e+06,1.75219e+06
1101,-5.05319e+06,5.43614e+06
1102,-1.53505e+06,7.12103e+06
1103,-1.90202e+06,-7.19945e+06
1104,6.35828e+06,-3.90925e+06
1105,-2.47228e+06,6.92619e+06
1106,-5.29933e+06,-5.1093e+06
1107,1.71562e+06,7.15122e+06
1108,-6.34125e+06,4.18748e+06
1109,602844,-7.84263e+06
1110,5.63361e+06,4.71903e+06
1111,4.39606e+06,-6.17521e+06
1112,-791648,-7.27588e+06
1113,-7.22894e+06,-2046.31
1114,6.29732e+06,3.69933e+06
1115,-5.94597e+06,4.14678e+06
1116,5.69813e+06,4.65436e+06
1117,-6.60934e+06,2.88806e+06
1118,-411742,7.02892e+06
1119,-6.1356e+06,4.84374e+06
1120,-6.67959e+06,-2.56805e+06
1121,-4.92878e+06,-5.32614e+06
1122,7.08702e+06,-1.2446e+06
1123,-1.37099e+06,7.27292e+06
1124,6.47612e+06,-3.3709e+06
1125,-7.07984e+06,1.61662e+06
1126,-4.19119e+06,5.70933e+06
1127,4.91985e+06,5.18986e+06
1128,4.05915e+06,5.93446e+06
1129,6.82468e+06,2.8042e+06
1130,1.42139e+06,7.16656e+06
1131,5.1932e+06,-5.13481e+06
1132,7.17809e+06,-301086
1133,-7.19429e+06,-210405
1134,4.49565e+06,5.48613e+06
1135,7.22679e+06,-917762
1136,3.95351e+06,6.05808e+06
1137,-2.58099e+06,6.31275e+06
1138,-7.14151e+06,726503
1139,-6.38195e+06,3.71515e+06
1140,-1.86264e+06,-6.88811e+06
1141,3.49656e+06,-6.45431e+06
1142,-503605,-7.24872e+06
1143,-1.67912e+06,-7.05684e+06
1144,-6.71681e+06,-2.57857e+06
1145,-6.60657e+06,2.45393e+06
1146,6.97735e+06,1.9182e+06
1147,-3.69341e+06,-6.34198e+06
1148,1.61599e+06,7.0085e+06
1149,892348,-7.11214e+06
1150,7.40107e+06,2.75809e+06
1151,636774,-7.10846e+06
1152,-2.24124e+06,6.82967e+06
1153,-1.98119e+06,6.79384e+06
1154,6.91922e+06,1.32676e+06
1155,-2.71385e+06,6.63232e+06
1156,-6.69485e+06,2.59425e+06
1157,4.17102e+06,5.74998e+06
1158,-5.30107e+06,-4.69883e+06
1159,-81004.4,7.02598e+06
1160,4.4419e+06,-5.60121e+06
1161,-3.77442e+06,-5.98056e+06
1162,3.84454e+06,6.07515e+06
1163,3.57299e+06,6.18463e+06
1164,-3.2124e+06,6.38739e+06
1165,-7.01188e+06,463289
1166,4.93151e+06,4.57822e+06
1167,6.88561e+06,115195
1168,6.31022e+06,2.55631e+06
1169,4.84022e+06,-5.15638e+06
1170,4.84803e+06,5.0932e+06
1171,71161.3,6.73206e+06
1172,-660754,6.88759e+06
1173,6.89866e+06,696318
1174,-6.62577e+06,2.48343e+06
1175,6.99198e+06,1.18218e+06
1176,-6.70481e+06,-2.30744e+06
1177,-286797,-7.00177e+06
1178,-3.89991e+06,-5.70094e+06
1179,-6.79547e+06,-789211
1180,6.41782e+06,3.46513e+06
1181,-3.30661e+06,6.44826e+06
1182,-3.57069e+06,5.88413e+06
1183,-5.64438e+06,268361
1184,3.36472e+06,6.05633e+06
1185,-5.24576e+06,4.25544e+06
1186,-2.36785e+06,-6.37311e+06
1187,-2.6354e+06,6.28871e+06
1188,361752,-6.93318e+06
1189,-1.00037e+06,6.67404e+06
1190,-6.04211e+06,3.35522e+06
1191,-375174,-6.86491e+06
1192,5.53946e+06,-3.93951e+06
1193,5.04843e+06,4.70104e+06
1194,4.55242e+06,-4.43626e+06
1195,5.552e+06,3.94903e+06
1196,6.74276e+06,330739
1197,913066,-6.83269e+06
1198,-1.92869e+06,-6.62955e+06
1199,-3.07471e+06,-6.01866e+06
1200,-6.79607e+06,97622.1
1201,5.6384e+06,-3.71697e+06
1202,-6.52114e+06,1.31536e+06
1203,4.07838e+06,5.5519e+06
1204,2.14665e+06,6.34092e+06
1205,-6.95948e+06,-1.34175e+06
1206,-3.764e+06,5.7127e+06
1207,5.81476e+06,3.32499e+06
1208,-4.10291e+06,5.61381e+06
1209,-837616,6.63894e+06
1210,2.15944e+06,-6.35709e+06
1211,2.81552e+06,5.88714e+06
1212,2.92573e+06,5.95157e+06
1213,5.59397e+06,-4.0814e+06
1214,3.44146e+06,-5.86084e+06
1215,-1.05215e+06,6.52855e+06
1216,3.08651e+06,6.45217e+06
1217,1.09934e+06,6.58739e+06
1218,6.61354e+06,1.69707e+06
1219,5.64109e+06,3.52728e+06
1220,2.4249e+06,-6.21554e+06
1221,4.88105e+06,-4.53057e+06
1222,-5.7932e+06,3.02798e+06
1223,2.34879e+06,-6.26101e+06
1224,5.1489e+06,4.19898e+06
1225,6.02644e+06,2.09871e+06
1226,4.84033e+06,4.27505e+06
1227,-3.05288e+06,5.97037e+06
1228,-6.01688e+06,2.61555e+06
1229,1.77062e+06,6.03075e+06
1230,-6.36928e+06,-1.33442e+06
1231,6.04579e+06,-2.61891e+06
1232,-7.28566e+06,336328
1233,6.06683e+06,-2.4989e+06
1234,-6.43456e+06,-1.73291e+06
1235,-5.97558e+06,-2.75119e+06
1236,5.70542e+06,-2.44284e+06
1237,5.61495e+06,3.08155e+06
1238,-6.5681e+06,-3.28171e+06
1239,-5.34181e+06,3.72999e+06
1240,4.47565e+06,4.74342e+06
1241,-5.10006e+06,3.83422e+06
1242,4.26542e+06,5.02003e+06
1243,-4.2256e+06,-4.90501e+06
1244,1.26427e+06,-6.3541e+06
1245,6.52032e+06,-2.03328e+06
1246,316476,6.45117e+06
1247,-2.20472e+06,6.14481e+06
1248,-6.23658e+06,-447372
1249,5.37086e+06,-3.96188e+06
1250,-1.95865e+06,-6.08001e+06
1251,-1.18419e+06,6.36024e+06
1252,5.87552e+06,2.07703e+06
1253,511027,6.33731e+06
1254,5.44737e+06,3.72064e+06
1255,-5.93022e+06,2.58887e+06
1256,-6.09289e+06,-1.45497e+06
1257,6.02796e+06,2.34943e+06
1258,6.30262e+06,1.19718e+06
1259,-6.71658e+06,-1.20151e+06
1260,-5.30131e+06,2.95245e+06
1261,-5.03871e+06,-3.11529e+06
1262,5.41581e+06,-3.60154e+06
1263,6.26294e+06,163683
1264,5.39822e+06,-2.93216e+06
1265,-4.26843e+06,-4.60924e+06
1266,-1.35297e+06,-6.19892e+06
1267,6.24833e+06,-1.69064e+06
1268,-2.19098e+06,-5.49328e+06
1269,1.81263e+06,6.59951e+06
1270,690772,6.13823e+06
1271,-5.62725e+06,-2.48743e+06
1272,2.34069e+06,5.81032e+06
1273,2.38289e+06,-5.90879e+06
1274,5.07e+06,4.31533e+06
1275,-118365,6.13138e+06
1276,69352.9,6.29863e+06
1277,3.78349e+06,-5.0675e+06
1278,-5.93325e+06,1.97369e+06
1279,-3.88982e+06,-4.765e+06
1280,-348837,6.09746e+06
1281,-4.53322e+06,-4.0102e+06
1282,-4.73797e+06,-2.33727e+06
1283,-2.8092e+06,5.65006e+06
1284,4.17179e+06,-4.6114e+06
1285,6.1935e+06,692906
1286,-6.03335e+06,1.18197e+06
1287,-5.8291e+06,2.35161e+06
1288,3.57015e+06,5.17217e+06
1289,-168970,-6.15401e+06
1290,5.84976e+06,-432332
1291,-3.95349e+06,4.64608e+06
1292,-996813,-5.97e+06
1293,5.89401e+06,-723244
1294,-2.39755e+06,-5.65084e+06
1295,5.66324e+06,-1.03966e+06
1296,4.52074e+06,4.56455e+06
1297,-1.22471e+06,6.14286e+06
1298,-5.58638e+06,2.8015e+06
1299,-5.87872e+06,1.4061e+06
1300,5.26402e+06,3.18478e+06
1301,4.11494e+06,-4.59035e+06
1302,5.61082e+06,2.64606e+06
1303,5.39061e+06,-2.93357e+06
1304,-301168,-6.10842e+06
1305,5.46374e+06,-2.8828e+06
1306,6.31769e+06,1.97669e+06
1307,5.1665e+06,3.46387e+06
1308,5.55982e+06,2.67666e+06
1309,1.8784e+06,5.89871e+06
1310,-4.59735e+06,4.00414e+06
1311,-2.12132e+06,-5.86182e+06
1312,2.6777e+06,-5.48531e+06
1313,3.84846e+06,4.81565e+06
1314,4.70156e+06,-3.5781e+06
1315,5.65265e+06,1.76579e+06
1316,-4.6758e+06,-3.76738e+06
1317,2.03044e+06,5.77848e+06
1318,-6.08761e+06,368965
1319,5.83715e+06,-1.14123e+06
1320,4.67046e+06,-3.71603e+06
1321,-5.98056e+06,-264161
1322,6.13893e+06,1.12996e+06
1323,821432,5.7832e+06
1324,6.14505e+06,-1.35541e+06
1325,-5.7861e+06,-2.52343e+06
1326,110785,-6.09094e+06
1327,2.44953e+06,4.95144e+06
1328,-5.72596e+06,-2.45951e+06
1329,-5.24885e+06,-2.83107e+06
1330,1.65001e+06,-5.75496e+06
1331,-4.79825e+06,-2.7046e+06
1332,-5.92041e+06,-1.33362e+06
1333,-6.39069e+06,538527
1334,5.87973e+06,-1.9752e+06
1335,-5.48862e+06,-3.37484e+06
1336,5.84946e+06,-579664
1337,-4.63353e+06,3.74273e+06
1338,4.27439e+06,-4.24852e+06
1339,6.32918e+06,-14905.2
1340,5.18912e+06,3.18134e+06
1341,5.84634e+06,-2.06973e+06
1342,-5.14474e+06,-2.79812e+06
1343,-4.54592e+06,-3.3091e+06
1344,2.33496e+06,5.0737e+06
1345,-5.85104e+06,-1.20615e+06
1346,5.12976e+06,2.38417e+06
1347,-536167,-5.86148e+06
1348,-5.6964e+06,1.5871e+06
1349,-816617,-5.90453e+06
1350,5.56744e+06,483165
1351,3.959e+06,4.51776e+06
1352,-3.63361e+06,-4.66824e+06
1353,-5.55662e+06,663827
1354,-5.58295e+06,-883359
1355,-3.88325e+06,4.21599e+06
1356,-3.37001e+06,-5.20047e+06
1357,4.13423e+06,4.28423e+06
1358,1.44698e+06,-5.74252e+06
1359,5.30785e+06,3.0135e+06
1360,4.57501e+06,-4.15736e+06
1361,-5.64186e+06,-1.84178e+06
1362,-231883,5.64979e+06
1363,-4.62157e+06,-3.66421e+06
1364,-1.45746e+06,5.79162e+06
1365,-5.25986e+06,2.60932e+06
1366,5.45957e+06,-1.03832e+06
1367,5.64408e+06,2.05111e+06
1368,5.27191e+06,-2.59041e+06
1369,894198,-5.7243e+06
1370,-1.00109e+06,5.57569e+06
1371,-5.70846e+06,-431913
1372,-4.52139e+06,3.16094e+06
1373,-628800,6.00426e+06
1374,503231,-5.70463e+06
1375,1.33468e+06,5.21657e+06
1376,5.49962e+06,2.16953e+06
1377,260257,-5.69329e+06
1378,-5.55531e+06,-1.54181e+06
1379,-2.68031e+06,-6.7056e+06
1380,-5.36589e+06,1.99164e+06
1381,5.40446e+06,-918619
1382,-435214,5.47793e+06
1383,-5.42074e+06,1.72968e+06
1384,-5.71597e+06,-580835
1385,-4.92109e+06,-3.08686e+06
1386,2.09964e+06,4.91952e+06
1387,195510,5.65163e+06
1388,5.54219e+06,595744
1389,-3.83928e+06,3.98368e+06
1390,2.27463e+06,5.3345e+06
1391,5.48497e+06,-1.25568e+06
1392,762029,-5.62077e+06
1393,1.30663e+06,-5.56536e+06
1394,-4.83163e+06,-2.95548e+06
1395,-2.27972e+06,-5.70986e+06
1396,-3.33021e+06,4.75883e+06
1397,-5.79035e+06,413122
1398,-896462,-4.04748e+06
1399,-3.28175e+06,4.5823e+06
1400,4.32934e+06,-3.52649e+06
1401,-5.6634e+06,722625
1402,604251,5.62044e+06
1403,3.21805e+06,4.73797e+06
1404,-1.08466e+06,-5.61246e+06
1405,-743409,5.1963e+06
1406,-4.22488e+06,-3.7334e+06
1407,4.98846e+06,-3.42215e+06
1408,-4.96463e+06,2.6448e+06
1409,1.70072e+06,4.86187e+06
1410,1.23989e+06,-5.56224e+06
1411,-3.74107e+06,-4.16303e+06
1412,5.43812e+06,1.36574e+06
1413,-3.76174e+06,4.58072e+06
1414,-4.32729e+06,3.57539e+06
1415,3.39794e+06,4.57001e+06
1416,-902818,5.47292e+06
1417,-4.38834e+06,3.46312e+06
1418,1.71915e+06,-5.38292e+06
1419,5.19857e+06,-2.33711e+06
1420,309216,5.77449e+06
1421,2.45916e+06,-4.98046e+06
1422,4.47104e+06,-2.88235e+06
1423,-2.74716e+06,-4.16622e+06
1424,2.19628e+06,4.97569e+06
1425,5.23327e+06,-565586
1426,3.40506e+06,-4.44648e+06
1427,-3.17166e+06,-4.21127e+06
1428,-1.40087e+06,5.32121e+06
1429,-1.82616e+06,5.39901e+06
1430,-3.94338e+06,-3.20631e+06
1431,-5.39263e+06,1.73553e+06
1432,-4.78768e+06,-3.32957e+06
1433,-1.97957e+06,4.74955e+06
1434,-4.52096e+06,3.23463e+06
1435,-354139,-5.55507e+06
1436,4.84076e+06,-3.11142e+06
1437,3.56891e+06,-4.32669e+06
1438,471412,5.39001e+06
1439,4.68737e+06,3.08241e+06
1440,4.80871e+06,-2.97833e+06
1441,4.09794e+06,3.95029e+06
1442,-2.99042e+06,4.5199e+06
1443,5.55002e+06,-388783
1444,-4.9219e+06,2.65562e+06
1445,4.56195e+06,-3.30585e+06
1446,-2.31893e+06,5.07114e+06
1447,-2.66705e+06,-4.69212e+06
1448,-5.29869e+06,-2.06958e+06
1449,-4.11331e+06,3.7806e+06
1450,-5.63212e+06,138195
1451,5.25109e+06,-1.10274e+06
1452,-5.43085e+06,-1.29564e+06
1453,5.497e+06,202935
1454,5.81447e+06,-973688
1455,4.4517e+06,3.22361e+06
1456,-5.27202e+06,-2.56327e+06
1457,-118740,5.43425e+06
1458,4.38703e+06,3.34781e+06
1459,-578731,-5.43437e+06
1460,389234,4.72272e+06
1461,-2.57597e+06,-4.83338e+06
1462,-3.19787e+06,4.95107e+06
1463,-711853,-5.96235e+06
1464,-1.13814e+06,-5.47037e+06
1465,5.53586e+06,-143276
1466,-3.72161e+06,-4.05182e+06
1467,1.45233e+06,-5.35306e+06
1468,-1.51959e+06,5.32865e+06
1469,-5.18054e+06,-2.62382e+06
1470,-299944,-5.31574e+06
1471,1.75012e+06,5.17318e+06
1472,3.99608e+06,-4.08579e+06
1473,-4.66926e+06,-2.88519e+06
1474,-3.84096e+06,-3.9329e+06
1475,4.2001e+06,3.59518e+06
1476,2.94635e+06,4.61501e+06
1477,-5.19935e+06,-2.19505e+06
1478,-5.41385e+06,-857482
1479,-1.57124e+06,5.29231e+06
1480,-867427,5.38024e+06
1481,-1.24616e+06,-5.49224e+06
1482,-2.03487e+06,4.95882e+06
1483,-3.75493e+06,-4.0356e+06
1484,-3.47785e+06,4.10158e+06
1485,-1.41277e+06,-5.45932e+06
1486,-2.91064e+06,4.77769e+06
1487,-5.0822e+06,2.24707e+06
1488,-4.5622e+06,3.11595e+06
1489,-3.85136e+06,-3.53115e+06
1490,-4.9436e+06,2.50326e+06
1491,5.39272e+06,1.35202e+06
1492,-123527,5.52539e+06
1493,-5.11214e+06,1.98904e+06
1494,5.33493e+06,707963
1495,-652931,5.43551e+06
1496,-5.22612e+06,985920
1497,-3.06844e+06,3.96519e+06
1498,-230257,5.15692e+06
1499,2.1469e+06,5.0676e+06
1500,612927,-5.5404e+06
1501,2.75043e+06,5.21826e+06
1502,-3.80378e+06,3.93934e+06
1503,5.40947e+06,720219
1504,-5.02592e+06,-2.29149e+06
1505,-1.45134e+06,4.82026e+06
1506,5.5128e+06,653329
1507,-3.17628e+06,-4.28749e+06
1508,-3.37186e+06,4.03326e+06
1509,-2.18323e+06,-4.94439e+06
1510,-5.31819e+06,1.06676e+06
1511,3.18312e+06,-4.27773e+06
1512,-413543,-5.46347e+06
1513,-2.00911e+06,4.78452e+06
1514,-2.29931e+06,-4.78743e+06
1515,5.22877e+06,-903493
1516,5.06847e+06,1.79277e+06
1517,2.87661e+06,-4.47097e+06
1518,12902.1,6.38842e+06
1519,5.02894e+06,-1.42181e+06
1520,26385.3,-5.32473e+06
1521,-384880,5.83014e+06
1522,-3.00954e+06,-4.86217e+06
1523,1.22036e+06,6.02123e+06
1524,3.77567e+06,3.81318e+06
1525,-4.31699e+06,-3.03475e+06
1526,2.28521e+06,5.20715e+06
1527,-4.31439e+06,3.17907e+06
1528,-1.78287e+06,5.05485e+06
1529,-2.90044e+06,-4.29499e+06
1530,-4.97412e+06,1.1034e+06
1531,-2.49902e+06,4.63215e+06
1532,1.05292e+06,-4.94668e+06
1533,4.66397e+06,2.06261e+06
1534,-98944.1,-5.27447e+06
1535,5.09537e+06,1.66829e+06
1536,1.31989e+06,5.03046e+06
1537,-4.0135e+06,-3.7975e+06
1538,317195,5.27404e+06
1539,5.0542e+06,-869853
1540,-3.68963e+06,3.24757e+06
1541,1.50725e+06,-5.02192e+06
1542,-5.22314e+06,-251653
1543,2.37772e+06,-4.56155e+06
1544,-4.2723e+06,2.83844e+06
1545,-5.22322e+06,-470527
1546,5.15708e+06,-2.07123e+06
1547,-4.06665e+06,-3.33656e+06
1548,5.16838e+06,151404
1549,-440331,-4.70553e+06
1550,-3.61724e+06,3.69337e+06
1551,-3.37059e+06,3.91617e+06
1552,3.35297e+06,3.99315e+06
1553,-2.89141e+06,4.32768e+06
1554,-1.13013e+06,5.74357e+06
1555,-5.20502e+06,-46394.7
1556,-4.59209e+06,1.92168e+06
1557,4.95912e+06,-1.3573e+06
1558,-1.10825e+06,-4.97674e+06
1559,2.6902e+06,4.5063e+06
1560,-1.88005e+06,5.52526e+06
1561,-533849,5.1998e+06
1562,5.03172e+06,955269
1563,1.97022e+06,4.7513e+06
1564,-2.03611e+06,4.70018e+06
1565,-3.5983e+06,3.94356e+06
1566,-4.63116e+06,-2.41695e+06
1567,2.11236e+06,-4.55536e+06
1568,-4.99043e+06,903000
1569,1.71756e+06,4.86057e+06
1570,-5.42528e+06,2.35833e+06
1571,-5.09616e+06,536447
1572,-4.78053e+06,1.73778e+06
1573,5.0407e+06,358953
1574,-5.00139e+06,-704545
1575,4.95946e+06,-418073
1576,-884505,-4.97428e+06
1577,-2.54846e+06,-4.53652e+06
1578,-4.6397e+06,2.72524e+06
1579,-4.96042e+06,-1.00827e+06
1580,2.47337e+06,4.6516e+06
1581,4.65019e+06,-1.64037e+06
1582,-5.00484e+06,721022
1583,288814,-5.04437e+06
1584,3.30012e+06,-3.67844e+06
1585,-5.08799e+06,202008
1586,4.87938e+06,-1.2265e+06
1587,1.16969e+06,-4.89692e+06
1588,-661424,4.92212e+06
1589,3.39288e+06,-3.52931e+06
1590,4.81625e+06,1.84257e+06
1591,2.56825e+06,-4.4541e+06
1592,-3.32781e+06,-3.7889e+06
1593,4.11616e+06,2.7801e+06
1594,4.44588e+06,-1.91077e+06
1595,9232.5,4.95614e+06
1596,650523,-4.69851e+06
1597,-2.16585e+06,4.58058e+06
1598,-2.47912e+06,-4.27451e+06
1599,-3.91448e+06,3.60388e+06
1600,4.89512e+06,-1.03315e+06
1601,-2.88268e+06,-4.36587e+06
1602,4.6974e+06,-1.92746e+06
1603,4.60406e+06,2.08563e+06
1604,299206,4.55939e+06
1605,-2.89065e+06,-3.37186e+06
1606,4.75869e+06,-1.58295e+06
1607,-3.31916e+06,3.64062e+06
1608,4.3106e+06,2.49169e+06
1609,-214889,-4.51496e+06
1610,3.0229e+06,-3.92602e+06
1611,-223854,5.05473e+06
1612,2.84465e+06,-4.01505e+06
1613,4.35624e+06,406689
1614,132693,5.2233e+06
1615,-4.21311e+06,3.01038e+06
1616,-4.74122e+06,-1.37959e+06
1617,4.59938e+06,-1.4782e+06
1618,-1.41707e+06,4.86262e+06
1619,-965924,5.28931e+06
1620,3.95884e+06,2.97361e+06
1621,4.22102e+06,-2.61351e+06
1622,-2.51805e+06,-4.41721e+06
1623,2.21927e+06,-4.01753e+06
1624,-2.59326e+06,-3.84379e+06
1625,-3.45317e+06,-2.84012e+06
1626,1.57489e+06,-4.66345e+06
1627,-275039,-5.5803e+06
1628,-2.15881e+06,-4.37463e+06
1629,4.21118e+06,-1.17964e+06
1630,-2.35395e+06,-4.50284e+06
1631,4.42275e+06,-1.76625e+06
1632,-4.0287e+06,2.1139e+06
1633,5.25686e+06,-922710
1634,-954416,-4.6518e+06
1635,1.47099e+06,4.68986e+06
1636,-4.73387e+06,2.04397e+06
1637,-4.30303e+06,-2.67757e+06
1638,-1.88161e+06,4.76577e+06
1639,4.45316e+06,-105171
1640,-3.91558e+06,3.17402e+06
1641,-3.94149e+06,3.01856e+06
1642,4.00471e+06,-2.64787e+06
1643,-3.58058e+06,3.48543e+06
1644,1.52649e+06,4.55677e+06
1645,1.8931e+06,-4.45239e+06
1646,-4.82381e+06,1.097e+06
1647,-770590,-4.88239e+06
1648,879888,-5.29434e+06
1649,3.88599e+06,-2.9712e+06
1650,4.53378e+06,1.53132e+06
1651,3.34758e+06,-3.5319e+06
1652,-2.58583e+06,-4.51571e+06
1653,5.45511e+06,295458
1654,2.04059e+06,-4.35035e+06
1655,4.70882e+06,-1.35569e+06
1656,4.85155e+06,-569245
1657,-202927,-4.8581e+06
1658,2.10769e+06,4.38676e+06
1659,3.84286e+06,2.92474e+06
1660,4.45394e+06,-171203
1661,2.80231e+06,3.98166e+06
1662,-3.33398e+06,3.76334e+06
1663,-1.65134e+06,-4.63069e+06
1664,4.55191e+06,1.13729e+06
1665,230598,4.65941e+06
1666,3.79584e+06,-3.38599e+06
1667,3.37619e+06,3.45829e+06
1668,-1.666e+06,4.64027e+06
1669,-4.68506e+06,-1.09103e+06
1670,4.75772e+06,704413
1671,-2.39039e+06,3.96195e+06
1672,1.03471e+06,4.58611e+06
1673,4.62389e+06,1.26829e+06
1674,-3.98014e+06,-3.16909e+06
1675,-4.48151e+06,-1.00112e+06
1676,-3.0386e+06,3.81271e+06
1677,-1.46092e+06,4.6361e+06
1678,-3.24065e+06,-4.0222e+06
1679,4.59177e+06,1.37876e+06
1680,747248,4.75094e+06
1681,874145,-5.18623e+06
1682,3.64504e+06,-3.10078e+06
1683,4.38554e+06,-721476
1684,3.06581e+06,3.53396e+06
1685,-2.93213e+06,-3.8997e+06
1686,-3.94032e+06,-2.96594e+06
1687,-614300,4.26171e+06
1688,-3.2014e+06,-3.0223e+06
1689,3.66443e+06,-2.72716e+06
1690,-2.77953e+06,-4.27009e+06
1691,-3.11274e+06,-3.68414e+06
1692,940832,-5.18199e+06
1693,-479005,4.70456e+06
1694,168713,-4.93975e+06
1695,-2.81406e+06,-4.01454e+06
1696,-3.013e+06,-3.56881e+06
1697,-4.33385e+06,1.43264e+06
1698,4.79691e+06,-1.10827e+06
1699,4.13615e+06,1.60649e+06
1700,2.81072e+06,3.87947e+06
1701,5.38017e+06,-439009
1702,186315,4.90938e+06
1703,-147712,-4.75909e+06
1704,3.969e+06,-1.92479e+06
1705,-1.99273e+06,-4.28785e+06
1706,337561,-4.87251e+06
1707,4.93658e+06,-576645
1708,-4.04347e+06,-3.48659e+06
1709,3.02267e+06,-3.59121e+06
1710,1.77883e+06,4.40362e+06
1711,-4.18729e+06,-1.20913e+06
1712,-10704.5,4.75444e+06
1713,1.78353e+06,-4.48807e+06
1714,-1.06208e+06,4.72209e+06
1715,4.19178e+06,1.68361e+06
1716,-3.56515e+06,-2.86059e+06
1717,-4.29119e+06,-1.82575e+06
1718,3.11763e+06,-3.35939e+06
1719,-2.01712e+06,4.2622e+06
1720,-3.59896e+06,-2.32798e+06
1721,-2.65042e+06,-4.19098e+06
1722,4.06892e+06,2.21844e+06
1723,3.30918e+06,2.92451e+06
1724,104653,-4.75038e+06
1725,3.96416e+06,-2.78747e+06
1726,2.94408e+06,-3.87776e+06
1727,-2.26377e+06,3.82063e+06
1728,2.27131e+06,-3.69894e+06
1729,1.35267e+06,-4.48661e+06
1730,2.07116e+06,-4.16791e+06
1731,4.41672e+06,-2.53524e+06
1732,4.68538e+06,518564
1733,-4.97425e+06,-188690
1734,859040,4.60486e+06
1735,-4.54074e+06,740267
1736,-401168,-4.67453e+06
1737,-4.39265e+06,1.15791e+06
1738,3.53254e+06,3.01277e+06
1739,3.90497e+06,2.49335e+06
1740,-4.06559e+06,-2.05572e+06
1741,-4.27989e+06,-1.64361e+06
1742,-4.21315e+06,-1.50376e+06
1743,-317583,-4.3238e+06
1744,4.48272e+06,1.15863e+06
1745,-4.24666e+06,1.76757e+06
1746,-97485.8,4.94502e+06
1747,-4.31354e+06,-660889
1748,-1.94711e+06,-4.26632e+06
1749,-4.58891e+06,-256279
1750,-1.00761e+06,-4.7764e+06
1751,1.37425e+06,4.23832e+06
1752,-103539,4.67922e+06
1753,3.18011e+06,3.45647e+06
1754,4.05278e+06,-2.01074e+06
1755,216606,-4.63968e+06
1756,462179,4.91896e+06
1757,2.08078e+06,-4.04385e+06
1758,-2.15759e+06,-4.0761e+06
1759,-3.78854e+06,-2.51334e+06
1760,4.47684e+06,1.51918e+06
1761,3.73989e+06,-2.2068e+06
1762,3.84053e+06,-2.468e+06
1763,742190,4.59768e+06
1764,515227,4.63761e+06
1765,-1.71822e+06,-4.20079e+06
1766,-342296,-4.55379e+06
1767,978364,-4.30354e+06
1768,-3.11517e+06,-3.40168e+06
1769,-940337,-5.02271e+06
1770,3.38869e+06,-3.126e+06
1771,-2.22522e+06,4.3562e+06
1772,4.2592e+06,-2.07696e+06
1773,-2.54719e+06,-3.97507e+06
1774,4.29031e+06,-1.32646e+06
1775,-4.51359e+06,542069
1776,4.35131e+06,279498
1777,-2.23636e+06,3.99381e+06
1778,-960330,4.24677e+06
1779,3.36431e+06,3.11386e+06
1780,-4.32602e+06,-886042
1781,4.15338e+06,1.34753e+06
1782,-4.33473e+06,1.12938e+06
1783,4.37504e+06,-1.05786e+06
1784,2.81258e+06,-3.29208e+06
1785,3.64597e+06,2.88274e+06
1786,1.60964e+06,-4.2005e+06
1787,-66310.6,4.48262e+06
1788,-4.13943e+06,1.61597e+06
1789,2.07172e+06,4.33272e+06
1790,-826857,-4.53602e+06
1791,2.18627e+06,3.62054e+06
1792,-2.43352e+06,3.27263e+06
1793,-1.9757e+06,3.84529e+06
1794,-2.29876e+06,3.30023e+06
1795,2.64672e+06,-3.61787e+06
1796,820871,-4.46203e+06
1797,-151989,4.60248e+06
1798,-2.81865e+06,3.97769e+06
1799,4.33969e+06,544650
1800,2.45842e+06,-3.69777e+06
1801,3.71978e+06,-2.41182e+06
1802,-4.37923e+06,1.06548e+06
1803,3.64943e+06,2.5804e+06
1804,2.05787e+06,-4.33406e+06
1805,1.2562e+06,4.55508e+06
1806,1.89466e+06,4.36093e+06
1807,2.97886e+06,3.22444e+06
1808,5.02178e+06,-906091
1809,-3.00731e+06,-3.60555e+06
1810,-2.9888e+06,3.39996e+06
1811,-2.30349e+06,4.0541e+06
1812,2.84527e+06,3.42485e+06
1813,-3.63362e+06,-2.60133e+06
1814,-1.05993e+06,4.64302e+06
1815,4.22044e+06,-1.53924e+06
1816,4.22573e+06,-1.06754e+06
1817,-3.34985e+06,2.67769e+06
1818,-1.00721e+06,-3.82625e+06
1819,-1.98708e+06,3.89344e+06
1820,-2.71672e+06,-3.65967e+06
1821,1.82039e+06,4.09068e+06
1822,-4.37951e+06,-395377
1823,-880609,-4.35566e+06
1824,893786,4.41184e+06
1825,-4.20238e+06,1.22137e+06
1826,-3.65452e+06,2.37841e+06
1827,4.27489e+06,693273
1828,4.38054e+06,-285180
1829,-2.01175e+06,-4.12045e+06
1830,2.81108e+06,-3.25279e+06
1831,-135211,-4.08625e+06
1832,-544274,3.84111e+06
1833,3.62383e+06,-2.77849e+06
1834,-3.75677e+06,2.2255e+06
1835,3.15917e+06,-3.39535e+06
1836,-1.87969e+06,3.87738e+06
1837,3.93681e+06,2.11686e+06
1838,-3.15538e+06,2.84826e+06
1839,4.16924e+06,-2.04352e+06
1840,-1.90557e+06,-3.98588e+06
1841,-3.81567e+06,2.09727e+06
1842,3.06122e+06,-2.65466e+06
1843,3.98028e+06,1.71527e+06
1844,4.18772e+06,-1.56313e+06
1845,-3.36446e+06,-2.90543e+06
1846,1.28397e+06,-4.06532e+06
1847,-1.76048e+06,-4.12064e+06
1848,-447771,-4.35583e+06
1849,1.19972e+06,4.00276e+06
1850,4.306e+06,-713866
1851,-3.0601e+06,-3.09899e+06
1852,4.30152e+06,-1.24121e+06
1853,-3.59292e+06,-2.13318e+06
1854,-4.18295e+06,-1.53238e+06
1855,-4.20333e+06,-1.06755e+06
1856,-1.25603e+06,4.02759e+06
1857,925322,4.42608e+06
1858,-979590,-4.24783e+06
1859,4.35271e+06,16267.4
1860,-2.6195e+06,3.42269e+06
1861,-4.42578e+06,517380
1862,2.77279e+06,3.39171e+06
1863,165883,-4.41655e+06
1864,-4.16585e+06,-1.10163e+06
1865,-3.87042e+06,1.97036e+06
1866,3.82984e+06,-1.28039e+06
1867,-4.32645e+06,-699090
1868,4.17226e+06,1.24238e+06
1869,4.363e+06,-129454
1870,609102,-4.27947e+06
1871,3.44502e+06,-2.59824e+06
1872,2.28589e+06,3.39055e+06
1873,1.35049e+06,4.1315e+06
1874,-3.8073e+06,1.82197e+06
1875,3.66516e+06,-2.43882e+06
1876,-1.14444e+06,4.17905e+06
1877,-3.97069e+06,-1.47355e+06
1878,4.17719e+06,422278
1879,-4.19943e+06,295192
1880,-3.79175e+06,1.29461e+06
1881,-4.13604e+06,-1.0198e+06
1882,1.7914e+06,-3.94338e+06
1883,4.30249e+06,-432977
1884,-1.4002e+06,-4.30739e+06
1885,-4.19123e+06,-505277
1886,2.38356e+06,3.33174e+06
1887,4.17402e+06,556825
1888,-3.60816e+06,-1.9026e+06
1889,-3.3148e+06,-2.65282e+06
1890,4.24071e+06,634205
1891,2.3887e+06,3.52757e+06
1892,-3.79425e+06,-1.79469e+06
1893,-1.51551e+06,4.09852e+06
1894,-3.18228e+06,2.83341e+06
1895,-1.97314e+06,-3.79054e+06
1896,260551,-4.9339e+06
1897,-2.98659e+06,2.75133e+06
1898,-2.4649e+06,3.47579e+06
1899,-3.78272e+06,487881
1900,-488394,4.50403e+06
1901,-4.17229e+06,-887768
1902,1.33538e+06,-3.84796e+06
1903,3.51148e+06,2.43207e+06
1904,-2.31618e+06,3.64783e+06
1905,4.32544e+06,37064
1906,-4.21148e+06,42372.2
1907,229139,-4.59171e+06
1908,-3.42952e+06,2.44426e+06
1909,2.35834e+06,-3.50118e+06
1910,3.78222e+06,-2.2056e+06
1911,729016,4.1608e+06
1912,-750982,-4.22351e+06
1913,-3.70798e+06,-1.62093e+06
1914,4.07732e+06,-1.14891e+06
1915,555665,-3.93624e+06
1916,3.61053e+06,890143
1917,-3.74989e+06,2.6908e+06
1918,2.10736e+06,4.11875e+06
1919,3.31468e+06,-2.50639e+06
1920,-2.08492e+06,3.66981e+06
1921,-1.48044e+06,4.17908e+06
1922,4.33318e+06,-1.54811e+06
1923,2.26113e+06,3.34419e+06
1924,-3.81914e+06,-2.01079e+06
1925,3.56199e+06,-2.25984e+06
1926,1.95748e+06,-3.762e+06
1927,3.38197e+06,2.13141e+06
1928,4.07634e+06,-952916
1929,3.22874e+06,-2.68859e+06
1930,920901,-3.50446e+06
1931,2.11516e+06,3.42963e+06
1932,-3.55654e+06,-1.39294e+06
1933,3.90957e+06,179977
1934,3.91821e+06,-875585
1935,-3.48299e+06,2.27153e+06
1936,2.03925e+06,-3.55485e+06
1937,4.46836e+06,-351589
1938,-1.1123e+06,-4.10214e+06
1939,-3.85662e+06,-1.50101e+06
1940,1.1799e+06,-3.93409e+06
1941,-1.85323e+06,3.62127e+06
1942,1.50018e+06,-4.10088e+06
1943,4.08514e+06,497721
1944,435069,4.04132e+06
1945,-1.03801e+06,4.00686e+06
1946,375502,4.00878e+06
1947,-2.87562e+06,2.72037e+06
1948,4.18445e+06,-285582
1949,-2.28871e+06,-3.33165e+06
1950,1.58417e+06,-3.80366e+06
1951,4.17039e+06,585802
1952,-4.20779e+06,-481902
1953,-3.75786e+06,1.47074e+06
1954,-4.11093e+06,2.50193e+06
1955,125457,4.07016e+06
1956,-4.41074e+06,1.24105e+06
1957,-3.65478e+06,2.02084e+06
1958,4.31477e+06,409275
1959,1.6426e+06,-4.16602e+06
1960,-3.58252e+06,1.77214e+06
1961,-343181,-4.02832e+06
1962,-2.33394e+06,2.50163e+06
1963,-1.78959e+06,3.92969e+06
1964,3.17919e+06,-1.64985e+06
1965,-3.27035e+06,-2.04459e+06
1966,3.90906e+06,-1.38321e+06
1967,-3.82108e+06,-184459
1968,-2.41692e+06,-3.10069e+06
1969,4.06084e+06,-805452
1970,-204150,4.40765e+06
1971,2.90553e+06,-2.78277e+06
1972,1.23141e+06,-4.77816e+06
1973,3.93462e+06,1.31731e+06
1974,-3.62993e+06,-1.61537e+06
1975,-1.32149e+06,3.61572e+06
1976,-704575,-3.90437e+06
1977,-3.92089e+06,-1.26849e+06
1978,-638092,4.15228e+06
1979,-3.89377e+06,-828564
1980,3.66287e+06,1.63408e+06
1981,1.30664e+06,-4.55012e+06
1982,-3.23798e+06,-2.28402e+06
1983,1.93265e+06,3.53081e+06
1984,-2.77609e+06,2.8387e+06
1985,882204,3.89421e+06
1986,-4.26294e+06,199251
1987,-544936,4.22638e+06
1988,-4.34963e+06,1.00255e+06
1989,-218712,3.86366e+06
1990,1.13566e+06,3.84525e+06
1991,3.45618e+06,2.06813e+06
1992,-224476,3.97682e+06
1993,-2.22787e+06,3.16091e+06
1994,-1.89321e+06,3.52373e+06
1995,-3.15178e+06,-2.01952e+06
1996,-2.95896e+06,-2.38765e+06
1997,-3.58656e+06,-2.02212e+06
1998,-3.67347e+06,-1.40019e+06
1999,3.89314e+06,-1.09704e+06
2000,3.87566e+06,-1.17616e+06
2001,-3.55364e+06,1.22358e+06
2002,2.31456e+06,3.25638e+06
2003,178509,3.881e+06
2004,-3.86458e+06,-710828
2005,1.53253e+06,3.55802e+06
2006,3.69094e+06,-1.24437e+06
2007,2.10197e+06,-3.41035e+06
2008,-2.27412e+06,3.0714e+06
2009,3.60896e+06,648450
2010,-240767,3.74328e+06
2011,-523776,3.94524e+06
2012,1.61091e+06,-3.66255e+06
2013,2.91017e+06,-2.5667e+06
2014,-3.84046e+06,-925304
2015,-4.23413e+06,-1.89335e+06
2016,3.19177e+06,2.3785e+06
2017,66530.3,-3.69988e+06
2018,-600360,3.82098e+06
2019,-3.78501e+06,777170
2020,2.11678e+06,3.38495e+06
2021,-3.13532e+06,-2.18404e+06
2022,-43747.1,3.60826e+06
2023,-3.47784e+06,1.3236e+06
2024,-3.39211e+06,-1.73634e+06
2025,4.12047e+06,289333
2026,1.21057e+06,-3.88366e+06
2027,-3.89048e+06,-551854
2028,-702581,3.80301e+06
2029,467896,-3.90099e+06
2030,-137918,4.24981e+06
2031,2.1847e+06,-3.15172e+06
2032,-1.03735e+06,-4.03058e+06
2033,-1.49842e+06,3.59571e+06
2034,1.18821e+06,3.75002e+06
2035,-2.62165e+06,-2.58962e+06
2036,-68293.2,-4.10921e+06
2037,-268756,-3.85411e+06
2038,-3.60397e+06,-1.58314e+06
2039,-1.41367e+06,3.4806e+06
2040,1.44486e+06,-3.26102e+06
2041,2.36221e+06,-2.9406e+06
2042,2.6677e+06,2.97973e+06
2043,1.9183e+06,-3.48849e+06
2044,-2.3544e+06,-3.17233e+06
2045,-3.25889e+06,-1.94228e+06
2046,-3.11469e+06,2.19767e+06
2047,-1.18138e+06,3.84868e+06
2048,-2.45738e+06,-3.41111e+06
2049,-2.13135e+06,3.45423e+06
2050,2.07493e+06,3.3948e+06
2051,-765514,3.78596e+06
2052,2.90862e+06,2.69283e+06
2053,-2.11161e+06,3.53497e+06
2054,3.40301e+06,1.24026e+06
2055,3.65973e+06,1.01054e+06
2056,-3.97159e+06,-185153
2057,3.26966e+06,2.16856e+06
2058,-3.83201e+06,-27813.1
2059,-3.47671e+06,442475
2060,-2.71736e+06,-2.28312e+06
2061,714894,-4.82919e+06
2062,2.51625e+06,-2.85376e+06
2063,-2.64357e+06,-2.76702e+06
2064,3.62979e+06,560886
2065,-3.21928e+06,2.12855e+06
2066,-3.29002e+06,1.77605e+06
2067,-3.32348e+06,1.85477e+06
2068,2.94946e+06,2.28826e+06
2069,-2.68439e+06,-2.62952e+06
2070,-3.71017e+06,955740
2071,-3.37473e+06,1.03157e+06
2072,-537675,-3.78955e+06
2073,-1.52422e+06,-3.22701e+06
2074,3.13555e+06,-2.14116e+06
2075,3.73368e+06,769548
2076,-3.06641e+06,-2.07582e+06
2077,3.47446e+06,-1.67888e+06
2078,-3.41962e+06,-1.77027e+06
2079,-3.23108e+06,1.91215e+06
2080,-1.20814e+06,-3.58841e+06
2081,-1.36898e+06,3.5529e+06
2082,1.15949e+06,3.56796e+06
2083,1.7925e+06,3.38276e+06
2084,-2.36903e+06,-3.18795e+06
2085,-3.50605e+06,1.49144e+06
2086,2.67563e+06,2.6562e+06
2087,3.51621e+06,-1.36008e+06
2088,2.4325e+06,2.82785e+06
2089,-2.75714e+06,2.04895e+06
2090,3.32664e+06,-1.77069e+06
2091,-3.43774e+06,367025
2092,876351,3.91995e+06
2093,-1.68233e+06,3.52878e+06
2094,3.39377e+06,-1.61602e+06
2095,-1.8246e+06,4.06388e+06
2096,-850860,3.67652e+06
2097,372226,3.88514e+06
2098,3.71448e+06,48055.4
2099,-2.13315e+06,3.05158e+06
2100,1.21246e+06,-3.60607e+06
2101,-2.36292e+06,2.7633e+06
2102,-3.44045e+06,-1.66473e+06
2103,2.86103e+06,-2.48046e+06
2104,2.27783e+06,2.83298e+06
2105,-2.47792e+06,-2.97698e+06
2106,951802,-3.65375e+06
2107,-2.69236e+06,2.55827e+06
2108,1.63619e+06,3.40661e+06
2109,-3.18748e+06,-2.85317e+06
2110,-2.72415e+06,-2.89905e+06
2111,-2.58956e+06,-2.72797e+06
2112,-3.25121e+06,-2.21251e+06
2113,-2.40738e+06,2.83009e+06
2114,1.39365e+06,-3.56125e+06
2115,1.29741e+06,3.43987e+06
2116,-3.12757e+06,-1.59196e+06
2117,-1.9806e+06,-3.51812e+06
2118,-3.63108e+06,-702160
2119,-3.5371e+06,852295
2120,1.91015e+06,-3.11288e+06
2121,911656,3.67369e+06
2122,-3.36532e+06,1.8008e+06
2123,-3.56195e+06,-2.38005e+06
2124,-3.46789e+06,278876
2125,-2.08376e+06,2.54904e+06
2126,2.74603e+06,-2.58443e+06
2127,-1.29035e+06,-3.44065e+06
2128,2.29202e+06,-2.91485e+06
2129,3.05347e+06,-2.1306e+06
2130,-3.50554e+06,1.30782e+06
2131,767739,3.68359e+06
2132,-3.54042e+06,-806446
2133,-3.46476e+06,-1.02046e+06
2134,645726,-3.97024e+06
2135,-3.19888e+06,1.78924e+06
2136,3.3262e+06,453911
2137,-734910,3.0306e+06
2138,-3.44547e+06,1.44566e+06
2139,2.26004e+06,-3.00457e+06
2140,3.74762e+06,-752785
2141,3.59027e+06,-984192
2142,2.55282e+06,2.59388e+06
2143,-3.24798e+06,-2.15084e+06
2144,2.09071e+06,3.06114e+06
2145,3.80613e+06,243734
2146,3.57208e+06,1.25015e+06
2147,-2.68937e+06,2.37986e+06
2148,3.52919e+06,-1.0274e+06
2149,-2.87283e+06,-2.93383e+06
2150,1.06511e+06,-3.56289e+06
2151,-4.05357e+06,820450
2152,3.42781e+06,1.26217e+06
2153,-1.68581e+06,3.33164e+06
2154,2.86747e+06,-2.99403e+06
2155,-3.63286e+06,982101
2156,3.20843e+06,1.79808e+06
2157,-3.59505e+06,1.03235e+06
2158,-1.86731e+06,-3.34188e+06
2159,-3.66309e+06,99678.1
2160,-3.51568e+06,923860
2161,3.64004e+06,-591973
2162,-3.63991e+06,-84769.7
2163,-534958,3.84341e+06
2164,2.44915e+06,2.73798e+06
2165,-2.98165e+06,-2.14649e+06
2166,1.16052e+06,3.45657e+06
2167,2.60967e+06,2.51614e+06
2168,-2.72217e+06,1.91386e+06
2169,2.4824e+06,-2.40735e+06
2170,1.66352e+06,-3.27e+06
2171,3.4987e+06,-1.30056e+06
2172,-2.84008e+06,-2.67892e+06
2173,-1.12029e+06,-2.60438e+06
2174,-3.66641e+06,45472.3
2175,-3.57585e+06,-1.05397e+06
2176,636831,3.63561e+06
2177,-2.85625e+06,2.55174e+06
2178,-2.26407e+06,-2.74014e+06
2179,562820,3.79104e+06
2180,-865876,-3.51203e+06
2181,2.50493e+06,-2.61858e+06
2182,3.06127e+06,-1.72828e+06
2183,3.52047e+06,-1.10883e+06
2184,-2.23747e+06,2.60832e+06
2185,2.84966e+06,1.77196e+06
2186,2.81904e+06,2.04194e+06
2187,-3.03679e+06,1.8467e+06
2188,-3.47733e+06,1.40878e+06
2189,-2.67542e+06,2.08255e+06
2190,-3.37353e+06,-1.56326e+06
2191,-356096,-3.58991e+06
2192,-2.19408e+06,-2.97654e+06
2193,3.35635e+06,-1.53028e+06
2194,3.75607e+06,-241938
2195,-851997,-3.36212e+06
2196,1.97506e+06,3.0595e+06
2197,-3.44647e+06,330372
2198,3.79287e+06,-386093
2199,-3.84339e+06,-207597
2200,3.43934e+06,-2.41872e+06
2201,2.26109e+06,-2.34878e+06
2202,3.25634e+06,807299
2203,-2.15369e+06,3.05004e+06
2204,-1.82263e+06,3.06402e+06
2205,-142001,3.86273e+06
2206,3.01425e+06,-2.14984e+06
2207,-4.18473e+06,689176
2208,-3.61743e+06,931109
2209,1.07877e+06,3.4201e+06
2210,1.70153e+06,2.99165e+06
2211,-2.46254e+06,3.18886e+06
2212,50036.1,3.67847e+06
2213,-482256,4.05986e+06
2214,3.1235e+06,-1.69839e+06
2215,3.61462e+06,63881.2
2216,1.95745e+06,-3.12053e+06
2217,-1.02536e+06,3.35302e+06
2218,-1.82164e+06,2.99979e+06
2219,-4.17415e+06,-485929
2220,-1.80718e+06,-3.69915e+06
2221,-3.07814e+06,-49232.6
2222,-3.16367e+06,596126
2223,502786,3.62785e+06
2224,-3.22612e+06,486046
2225,-1.73872e+06,3.50503e+06
2226,1.99667e+06,-2.40791e+06
2227,1.1541e+06,3.2661e+06
2228,3.30513e+06,-136563
2229,2.05193e+06,-3.09218e+06
2230,2.27917e+06,-2.76666e+06
2231,-2.33808e+06,3.10326e+06
2232,-2.55074e+06,-2.35569e+06
2233,2.66891e+06,-2.80556e+06
2234,2.36926e+06,2.7245e+06
2235,-3.62791e+06,422495
2236,-3.31296e+06,867260
2237,3.25887e+06,1.28484e+06
2238,772757,-3.47477e+06
2239,-2.21728e+06,-2.77417e+06
2240,2.38593e+06,3.02156e+06
2241,-1.26487e+06,-3.25222e+06
2242,195567,3.61031e+06
2243,1.94842e+06,-2.89061e+06
2244,378821,3.5905e+06
2245,-2.39426e+06,2.48196e+06
2246,3.41178e+06,758118
2247,2.87567e+06,-1.97907e+06
2248,-837996,-3.53165e+06
2249,471314,-3.41676e+06
2250,900738,3.51932e+06
2251,-3.49776e+06,-188224
2252,3.25661e+06,990645
2253,2.49625e+06,2.42443e+06
2254,1.17426e+06,3.85386e+06
2255,3.24209e+06,-2.65882e+06
2256,3.10507e+06,-48226.3
2257,-3.66322e+06,65230.6
2258,3.52844e+06,-5505.27
2259,-2.06505e+06,2.91124e+06
2260,-2.68784e+06,-2.35994e+06
2261,-3.05759e+06,-2.04322e+06
2262,-287451,-3.75215e+06
2263,-2.63108e+06,2.9084e+06
2264,-3.14678e+06,2.48991e+06
2265,-3.04488e+06,2.20235e+06
2266,3.39395e+06,-334706
2267,-3.80492e+06,-1.18188e+06
2268,17076.9,-3.50838e+06
2269,72688,3.35092e+06
2270,-2.37938e+06,2.34303e+06
2271,3.81935e+06,817822
2272,-2.83121e+06,2.23275e+06
2273,2.06223e+06,3.38321e+06
2274,3.49243e+06,1.39049e+06
2275,-2.52257e+06,-2.56958e+06
2276,3.58901e+06,255052
2277,-3.25235e+06,-2.01171e+06
2278,2.75429e+06,-2.66412e+06
2279,-3.10801e+06,1.59342e+06
2280,3.37651e+06,-1.3725e+06
2281,933877,3.62111e+06
2282,3.42968e+06,812227
2283,-3.3549e+06,-719446
2284,3.31359e+06,2.51734e+06
2285,3.60378e+06,199416
2286,3.00176e+06,-1.8049e+06
2287,-3.30034e+06,480468
2288,2.55486e+06,2.36242e+06
2289,-3.4621e+06,-313716
2290,-2.674e+06,-2.30457e+06
2291,-2.65818e+06,-1.10238e+06
2292,-3.2278e+06,1.3494e+06
2293,2.03271e+06,-2.76842e+06
2294,215074,3.5115e+06
2295,-3.15955e+06,-1.66655e+06
2296,3.36883e+06,852511
2297,-3.22583e+06,2.34442e+06
2298,4.55583e+06,317021
2299,1.69689e+06,2.959e+06
2300,3.26846e+06,1.5706e+06
2301,-3.75913e+06,-392616
2302,-3.56438e+06,14128.3
2303,-2.88335e+06,-1.39713e+06
2304,-805474,-3.56664e+06
2305,-1.44293e+06,-3.14729e+06
2306,-845545,3.44112e+06
2307,2.43865e+06,2.53436e+06
2308,-64879,3.71232e+06
2309,-1.38777e+06,-2.83224e+06
2310,3.2617e+06,1.16514e+06
2311,-751034,-3.42359e+06
2312,-482351,-3.4817e+06
2313,1.8587e+06,-3.25844e+06
2314,-2.43903e+06,1.89345e+06
2315,-1.15555e+06,3.25022e+06
2316,-372201,-2.86623e+06
2317,-1.80688e+06,-3.07993e+06
2318,-2.68954e+06,2.29265e+06
2319,2.64407e+06,-2.38115e+06
2320,3.15101e+06,1.38958e+06
2321,3.62201e+06,-869527
2322,3.26333e+06,-1.09258e+06
2323,-3.45997e+06,801121
2324,-3.27652e+06,2.05253e+06
2325,-159915,3.542e+06
2326,2.91264e+06,-1.89843e+06
2327,985317,3.74837e+06
2328,-3.35876e+06,1.10078e+06
2329,3.11861e+06,-1.59207e+06
2330,-351567,-3.41765e+06
2331,1.48481e+06,-3.09786e+06
2332,-2.82033e+06,-557322
2333,-2.74279e+06,2.15296e+06
2334,-674744,3.30212e+06
2335,-2.92241e+06,1.38372e+06
2336,-2.24807e+06,-2.13722e+06
2337,-3.35848e+06,845007
2338,3.04644e+06,1.11527e+06
2339,-909607,-3.1885e+06
2340,2.17021e+06,-3.03998e+06
2341,2.82609e+06,-1.97843e+06
2342,2.76981e+06,1.49679e+06
2343,-54836.8,3.47502e+06
2344,237266,-3.51458e+06
2345,2.53527e+06,-2.40038e+06
2346,319316,-3.57195e+06
2347,3.37084e+06,1.45809e+06
2348,2.32118e+06,-2.25954e+06
2349,-3.12459e+06,-1.56995e+06
2350,521968,-3.43791e+06
2351,3.24347e+06,-540041
2352,-1.61211e+06,-2.93458e+06
2353,-2.91397e+06,-1.79705e+06
2354,3.12273e+06,927105
2355,533199,-3.21136e+06
2356,3.4626e+06,505047
2357,-470400,3.36982e+06
2358,3.34687e+06,1.63494e+06
2359,2.472e+06,2.33956e+06
2360,-2.86969e+06,-1.07896e+06
2361,-679139,3.34381e+06
2362,-3.22763e+06,1.2181e+06
2363,-2.2346e+06,2.8152e+06
2364,2.28607e+06,2.27886e+06
2365,-2.13228e+06,1.97646e+06
2366,3.16336e+06,-1.43535e+06
2367,-2.14948e+06,-2.52026e+06
2368,3.32607e+06,762247
2369,-2.56432e+06,-2.39361e+06
2370,2.06845e+06,2.84349e+06
2371,-1.69439e+06,-2.79429e+06
2372,-3.79287e+06,-82752.9
2373,-3.30027e+06,152921
2374,-3.09016e+06,1.49332e+06
2375,3.36793e+06,779637
2376,-273333,3.30748e+06
2377,1.53615e+06,3.22989e+06
2378,-1.16818e+06,-3.19441e+06
2379,-1.2495e+06,3.19057e+06
2380,3.29977e+06,-560111
2381,3.78509e+06,354608
2382,-3.45468e+06,-710676
2383,777863,-3.23721e+06
2384,-3.4379e+06,270347
2385,-2.86499e+06,2.27222e+06
2386,325942,3.46087e+06
2387,1.3183e+06,3.10135e+06
2388,2.78557e+06,1.87355e+06
2389,2.15273e+06,2.43735e+06
2390,-1.41713e+06,-3.05778e+06
2391,-3.63917e+06,1.47426e+06
2392,-1.04108e+06,3.17172e+06
2393,745041,3.04696e+06
2394,3.21122e+06,891400
2395,1.73846e+06,3.64561e+06
2396,2.95862e+06,-1.80092e+06
2397,2.83762e+06,1.77707e+06
2398,250270,-2.9864e+06
2399,2.4497e+06,2.16298e+06
2400,1.2172e+06,-2.78996e+06
2401,-2.20798e+06,2.52053e+06
2402,-3.24397e+06,-1.14e+06
2403,-1.78179e+06,3.29636e+06
2404,-3.07221e+06,-1.87748e+06
2405,2.89841e+06,1.46782e+06
2406,-3.18991e+06,-759802
2407,-3.2172e+06,448186
2408,1.30832e+06,3.09485e+06
2409,-1.00331e+06,3.46117e+06
2410,3.24884e+06,-1.02328e+06
2411,-135936,3.4437e+06
2412,2.99586e+06,-538166
2413,1.56737e+06,2.85925e+06
2414,-3.37566e+06,434426
2415,-1.84368e+06,-2.65255e+06
2416,-2.88749e+06,585537
2417,944652,3.24587e+06
2418,1.35597e+06,2.84519e+06
2419,3.57019e+06,-210859
2420,-2.75373e+06,1.86019e+06
2421,1.12918e+06,2.46421e+06
2422,2.89081e+06,-1.66486e+06
2423,2.24365e+06,-2.68457e+06
2424,-3.26813e+06,1.79924e+06
2425,616178,-3.48554e+06
2426,-2.75412e+06,1.84187e+06
2427,-2.6539e+06,2.33776e+06
2428,-769122,3.25023e+06
2429,-2.11064e+06,-2.56286e+06
2430,-3.39268e+06,598591
2431,-3.28886e+06,1.43064e+06
2432,-2.98246e+06,-1.87607e+06
2433,3.41875e+06,999953
2434,3.24091e+06,-33348.1
2435,-3.03618e+06,-1.43855e+06
2436,-3.23342e+06,741363
2437,-3.9723e+06,-1.16365e+06
2438,-781509,-3.20653e+06
2439,1.47505e+06,-3.21501e+06
2440,848457,3.23004e+06
2441,-422848,-3.54001e+06
2442,-2.74016e+06,-2.52439e+06
2443,-3.18332e+06,-415063
2444,3.23137e+06,-483859
2445,3.19879e+06,-93890.6
2446,546050,-3.50969e+06
2447,-1.29582e+06,-2.90277e+06
2448,2.633e+06,-2.1174e+06
2449,868603,-2.57979e+06
2450,-3.00196e+06,-1.03696e+06
2451,-3.35454e+06,299239
2452,-2.51401e+06,-1.77079e+06
2453,-817382,2.01774e+06
2454,-2.00416e+06,-2.67838e+06
2455,-1.28055e+06,-3.08505e+06
2456,878129,-3.29144e+06
2457,-2.1137e+06,2.12029e+06
2458,-2.75606e+06,-2.68793e+06
2459,3.10208e+06,1.26731e+06
2460,909655,-3.13622e+06
2461,3.31945e+06,1.13855e+06
2462,110831,-3.62588e+06
2463,-2.32438e+06,2.45474e+06
2464,3.08277e+06,-1.79102e+06
2465,2.86444e+06,1.86514e+06
2466,3.292e+06,-713545
2467,-2.21375e+06,2.65545e+06
2468,2.28397e+06,2.59056e+06
2469,670045,3.78466e+06
2470,3.14394e+06,182051
2471,-1.20271e+06,-2.31956e+06
2472,-839492,-3.87862e+06
2473,-3.16528e+06,1.50503e+06
2474,-3.23616e+06,1.58985e+06
2475,2.65158e+06,1.91432e+06
2476,-868937,-3.19792e+06
2477,2.97228e+06,1.34361e+06
2478,1.33967e+06,-3.04574e+06
2479,-3.37244e+06,-426188
2480,-1.59198e+06,2.80552e+06
2481,-1.92451e+06,2.69601e+06
2482,3.15495e+06,64109.9
2483,2.09466e+06,-2.55016e+06
2484,930425,3.56512e+06
2485,3.22994e+06,-1.01474e+06
2486,-3.70413e+06,-422822
2487,2.72823e+06,-1.95134e+06
2488,-3.22102e+06,820454
2489,3.08107e+06,619463
2490,2.84682e+06,1.28409e+06
2491,-1.60774e+06,-3.0451e+06
2492,-2.26576e+06,-2.22883e+06
2493,2.05065e+06,2.45939e+06
2494,-568894,-3.00686e+06
2495,3.10129e+06,1.03168e+06
2496,2.89062e+06,773290
2497,2.17923e+06,-2.05411e+06
2498,-3.01752e+06,-197655
2499,-74688.8,-3.49302e+06
2500,-634994,3.2921e+06
2501,-3.42602e+06,-373019
2502,2.97468e+06,-1.20475e+06
2503,287908,-3.10763e+06
2504,1.9898e+06,-2.53084e+06
2505,663359,-3.11354e+06
2506,-1.89692e+06,-2.90261e+06
2507,-1.7694e+06,-2.74374e+06
2508,-274596,-3.18455e+06
2509,390705,-2.25612e+06
2510,-2.93164e+06,1.26418e+06
2511,2.97423e+06,400010
2512,3.13574e+06,562192
2513,3.04886e+06,-977096
2514,-2.36708e+06,2.40102e+06
2515,2.68554e+06,-162067
2516,2.20121e+06,-2.46964e+06
2517,-3.10392e+06,220573
2518,-2.22989e+06,2.54886e+06
2519,-583517,-3.30382e+06
2520,-3.2447e+06,-691439
2521,-3.20477e+06,632407
2522,-1.52052e+06,-2.85765e+06
2523,-3.15557e+06,858865
2524,-1.40873e+06,-2.92392e+06
2525,-3.15046e+06,-827559
2526,-3.7365e+06,-1.88031e+06
2527,-318688,3.07708e+06
2528,3.11426e+06,818453
2529,-786218,3.08978e+06
2530,3.2939e+06,-59360.1
2531,-2.08069e+06,2.53102e+06
2532,-2.99887e+06,1.05756e+06
2533,-2.11403e+06,-2.64182e+06
2534,2.13287e+06,-2.4967e+06
2535,-2.67679e+06,-1.64149e+06
2536,-193924,3.40625e+06
2537,771,3.28301e+06
2538,641982,2.91353e+06
2539,-58441.5,3.52398e+06
2540,819229,3.35062e+06
2541,1.4037e+06,2.40067e+06
2542,-2.29861e+06,-2.22513e+06
2543,2.41488e+06,2.0276e+06
2544,3.42076e+06,219924
2545,2.03454e+06,-2.37567e+06
2546,-1.57007e+06,-2.79936e+06
2547,3.15633e+06,294513
2548,-1.07823e+06,2.9093e+06
2549,-151827,3.15793e+06
2550,1.61203e+06,-2.60004e+06
2551,-3.14278e+06,7180.87
2552,3.42642e+06,-111522
2553,3.36851e+06,-357069
2554,1.28463e+06,2.94801e+06
2555,2.14488e+06,2.28044e+06
2556,3.1083e+06,-1.01078e+06
2557,-3.16562e+06,771680
2558,-1.30318e+06,2.87457e+06
2559,2.69777e+06,-1.17891e+06
2560,3.36564e+06,533151
2561,-2.97939e+06,1.19394e+06
2562,136089,3.18522e+06
2563,-1.5684e+06,2.97169e+06
2564,3.04501e+06,838889
2565,3.14614e+06,-519435
2566,1.49438e+06,2.68996e+06
2567,-1.18565e+06,2.88771e+06
2568,-851134,3.19472e+06
2569,-2.4158e+06,-2.04941e+06
2570,1.31639e+06,-2.85205e+06
2571,3.00442e+06,1.00338e+06
2572,-2.17026e+06,-1.0024e+06
2573,-3.11954e+06,312937
2574,-2.34369e+06,-2.12225e+06
2575,789441,-3.06046e+06
2576,-3.26973e+06,-816307
2577,2.82944e+06,-1.64917e+06
2578,3.07121e+06,901915
2579,1.40093e+06,2.86721e+06
2580,-1.02437e+06,3.73183e+06
2581,1.70858e+06,2.95836e+06
2582,-2.7005e+06,-1.41539e+06
2583,-509426,-3.16699e+06
2584,3.01243e+06,1.04766e+06
2585,-241377,-3.34931e+06
2586,2.66874e+06,1.94381e+06
2587,-1.31291e+06,2.76754e+06
2588,-1.78248e+06,2.48912e+06
2589,1.17967e+06,3.00207e+06
2590,2.84564e+06,722700
2591,-2.2789e+06,1.59776e+06
2592,-1.63195e+06,-2.82272e+06
2593,-2.75567e+06,-1.55539e+06
2594,2.99286e+06,1.45849e+06
2595,3.86557e+06,-412055
2596,2.37054e+06,-2.57453e+06
2597,-1.28934e+06,-2.7682e+06
2598,-2.85066e+06,-2.51077e+06
2599,263777,2.76401e+06
2600,1.21531e+06,2.9265e+06
2601,-3.00753e+06,-570338
2602,-3.10664e+06,184385
2603,-2.8236e+06,1.28717e+06
2604,-3.06286e+06,-2.00862e+06
2605,-1.82828e+06,2.53386e+06
2606,-823248,-3.05097e+06
2607,-2.5784e+06,-1.89144e+06
2608,-1.68783e+06,-2.75288e+06
2609,1.05065e+06,-3.05384e+06
2610,978309,2.98544e+06
2611,-477115,-3.10971e+06
2612,-1.9595e+06,-2.44531e+06
2613,2.75335e+06,-1.19825e+06
2614,-2.13487e+06,2.10486e+06
2615,-2.7698e+06,1.44853e+06
2616,-3.58536e+06,-896255
2617,-689752,-2.77824e+06
2618,2.99409e+06,-6038.91
2619,1.41781e+06,2.80953e+06
2620,424298,-2.97698e+06
2621,-1.84705e+06,-2.25142e+06
2622,-3.07912e+06,1.10194e+06
2623,-915306,-2.56831e+06
2624,2.57868e+06,-1.64994e+06
2625,3.08926e+06,793906
2626,2.25384e+06,1.98184e+06
2627,2.80183e+06,1.50598e+06
2628,-1.69418e+06,2.67215e+06
2629,-86851.3,-3.01245e+06
2630,3.00705e+06,136365
2631,2.72156e+06,1.50588e+06
2632,620428,3.08291e+06
2633,2.05151e+06,-2.57732e+06
2634,-3.07392e+06,591694
2635,17397.5,3.06335e+06
2636,-828414,-2.62524e+06
2637,-3.03193e+06,-69098
2638,3.48123e+06,1.0513e+06
2639,288651,3.11465e+06
2640,-2.68633e+06,629269
2641,2.74137e+06,1.40345e+06
2642,-2.62147e+06,-1.98332e+06
2643,-2.04248e+06,2.43466e+06
2644,-2.27315e+06,-2.25999e+06
2645,-703061,-2.97978e+06
2646,3.04013e+06,-40669.9
2647,-1.75931e+06,2.57799e+06
2648,2.88415e+06,-1.12221e+06
2649,2.13213e+06,2.19686e+06
2650,-1.9489e+06,2.09534e+06
2651,-984401,2.8371e+06
2652,461969,-3.02931e+06
2653,1.95998e+06,-2.39605e+06
2654,-2.53424e+06,266412
2655,2.77856e+06,-1.56483e+06
2656,-2.38208e+06,1.89732e+06
2657,2.04844e+06,-2.15705e+06
2658,776614,-3.18211e+06
2659,-508815,-3.02124e+06
2660,-2.83529e+06,850771
2661,2.4666e+06,889438
2662,-2.52133e+06,1.64654e+06
2663,160791,-2.92866e+06
2664,-2.27001e+06,-2.16049e+06
2665,2.42117e+06,1.77613e+06
2666,-2.44553e+06,1.70906e+06
2667,-1.90773e+06,2.49197e+06
2668,613726,-2.83104e+06
2669,-2.27576e+06,1.5722e+06
2670,-2.34663e+06,-1.35881e+06
2671,2.58303e+06,601768
2672,3.31604e+06,829470
2673,2.15029e+06,2.06211e+06
2674,2.6335e+06,-1.58338e+06
2675,-2.79071e+06,1.18201e+06
2676,2.32781e+06,-1.93636e+06
2677,2.62534e+06,1.14441e+06
2678,-2.96902e+06,-57680.6
2679,962290,-2.7821e+06
2680,-1.33105e+06,-2.67112e+06
2681,1.63082e+06,2.76927e+06
2682,746447,-2.99049e+06
2683,1.74312e+06,2.26855e+06
2684,1.91594e+06,-1.652e+06
2685,-2.76102e+06,-1.27076e+06
2686,-1.01682e+06,2.82585e+06
2687,937539,3.20258e+06
2688,-89754.8,3.03802e+06
2689,-3.33811e+06,171817
2690,1.30217e+06,-2.49183e+06
2691,704981,3.02285e+06
2692,-2.51628e+06,-1.73751e+06
2693,-1.09299e+06,-2.85068e+06
2694,2.68437e+06,-553317
2695,-1.62874e+06,3.08662e+06
2696,2.44882e+06,-1.52895e+06
2697,3.05989e+06,-650716
2698,-2.04655e+06,-2.23477e+06
2699,-1.77529e+06,-2.43362e+06
2700,302675,-3.01067e+06
2701,2.99837e+06,-556691
2702,-813733,3.08242e+06
2703,-2.58417e+06,1.49854e+06
2704,368992,-2.95959e+06
2705,2.9047e+06,1.11064e+06
2706,2.51521e+06,1.55501e+06
2707,1.72539e+06,-2.44852e+06
2708,970359,-2.94518e+06
2709,2.75494e+06,-1.34199e+06
2710,-989665,2.71462e+06
2711,1.99851e+06,1.92884e+06
2712,-2.59491e+06,-497347
2713,1.58771e+06,-2.69885e+06
2714,-38234.2,-2.94704e+06
2715,-630434,2.72684e+06
2716,1.91123e+06,2.29082e+06
2717,-927175,2.78927e+06
2718,2.78809e+06,-1.22838e+06
2719,-3.20357e+06,-645576
2720,-1.28593e+06,-2.69123e+06
2721,-2.3482e+06,1.85834e+06
2722,-1.97708e+06,2.2066e+06
2723,-3.36153e+06,148251
2724,3.17279e+06,306841
2725,2.95049e+06,1.9289e+06
2726,2.8337e+06,-211976
2727,973868,-2.93813e+06
2728,2.88668e+06,-848237
2729,55598.4,3.47665e+06
2730,2.22568e+06,1.8348e+06
2731,-1.65978e+06,-3.38529e+06
2732,-2.30432e+06,1.92296e+06
2733,2.17569e+06,-2.08781e+06
2734,1.96804e+06,-1.97043e+06
2735,1.65126e+06,2.46212e+06
2736,2.72964e+06,-1.47864e+06
2737,-2.85053e+06,-1.20288e+06
2738,51623.8,2.93879e+06
2739,1.6257e+06,-2.48785e+06
2740,-2.91133e+06,727666
2741,2.67207e+06,900705
2742,-3.06429e+06,-978801
2743,2.92443e+06,-443695
2744,1.4931e+06,-3.50841e+06
2745,-514289,2.93606e+06
2746,3.74382e+06,-418654
2747,-2.35587e+06,1.86266e+06
2748,-2.34644e+06,2.52567e+06
2749,2.18787e+06,-1.98597e+06
2750,1.87485e+06,2.21132e+06
2751,-3.05266e+06,203471
2752,-2.54361e+06,367033
2753,-2.57128e+06,1.6488e+06
2754,-853244,-2.70015e+06
2755,2.38286e+06,-1.7265e+06
2756,-2.29397e+06,1.8176e+06
2757,1.02454e+06,-2.80314e+06
2758,-1.97818e+06,2.23222e+06
2759,-2.08287e+06,-1.85737e+06
2760,-168748,-3.33158e+06
2761,3.15685e+06,458688
2762,3.00731e+06,-454762
2763,-2.57316e+06,-1.183e+06
2764,169140,2.92665e+06
2765,-3.02631e+06,-451866
2766,-2.22264e+06,2.04955e+06
2767,-2.92772e+06,538272
2768,779976,-2.86482e+06
2769,-377973,2.93703e+06
2770,-2.6624e+06,-24587.9
2771,-2.12854e+06,2.30803e+06
2772,2.37199e+06,2.26956e+06
2773,622337,-2.98306e+06
2774,-1.33727e+06,-2.17695e+06
2775,93662,-2.89056e+06
2776,739480,2.69145e+06
2777,-1.21297e+06,2.46312e+06
2778,-601350,2.80025e+06
2779,1.66448e+06,2.36197e+06
2780,2.19612e+06,1.88465e+06
2781,-2.86589e+06,-333116
2782,-2.55415e+06,317749
2783,1.08466e+06,-2.69023e+06
2784,-2.32971e+06,-1.41235e+06
2785,-3.03131e+06,-328667
2786,3.54793e+06,452005
2787,-1.6614e+06,2.50662e+06
2788,-2.79253e+06,651247
2789,-2.02997e+06,-2.2755e+06
2790,-3.1647e+06,1.04162e+06
2791,-958041,-2.86913e+06
2792,1.96543e+06,-2.1676e+06
2793,-2.99786e+06,522130
2794,136823,-3.14605e+06
2795,-1.02024e+06,2.69817e+06
2796,2.33183e+06,1.60023e+06
2797,2.27102e+06,2.39554e+06
2798,-2.45021e+06,807530
2799,2.90858e+06,-349950
2800,2.73849e+06,-1.14847e+06
2801,2.0117e+06,2.08795e+06
2802,-3.27199e+06,-347489
2803,-1.89182e+06,-2.38006e+06
2804,-430689,2.60235e+06
2805,-757841,-2.74423e+06
2806,3.66235e+06,-201602
2807,-1.5283e+06,-2.16197e+06
2808,1.20915e+06,-2.94536e+06
2809,2.70317e+06,-899864
2810,1.97066e+06,-2.51214e+06
2811,-1.90984e+06,2.23182e+06
2812,637989,2.85997e+06
2813,-2.44471e+06,-1.58803e+06
2814,-948920,-2.64647e+06
2815,1.49617e+06,2.43562e+06
2816,905531,2.71064e+06
2817,2.26435e+06,1.91275e+06
2818,-2.41854e+06,1.63904e+06
2819,-2.87461e+06,-602518
2820,-1.05915e+06,3.00996e+06
2821,2.78976e+06,1.41154e+06
2822,1.39956e+06,-2.50368e+06
2823,1.79485e+06,2.00584e+06
2824,-2.88136e+06,602465
2825,2.22174e+06,-1.88388e+06
2826,-582146,-3.14376e+06
2827,-2.64042e+06,1.3312e+06
2828,-2.85558e+06,-459815
2829,-2.19977e+06,2.12549e+06
2830,2.44223e+06,89723.7
2831,2.6528e+06,293577
2832,-2.8256e+06,77659.1
2833,-1.30606e+06,-2.59475e+06
2834,2.6115e+06,-1.29928e+06
2835,-2.37046e+06,-1.68983e+06
2836,2.71105e+06,1.08636e+06
2837,-1.39947e+06,-2.43712e+06
2838,-65343.7,2.75251e+06
2839,-2.46872e+06,784418
2840,-903451,-2.97686e+06
2841,-2.44692e+06,-113555
2842,2.55599e+06,1.24023e+06
2843,-2.22972e+06,-1.18431e+06
2844,-2.57297e+06,1.43175e+06
2845,2.74144e+06,-851642
2846,-764789,-2.30599e+06
2847,-2.86634e+06,-1.68302e+06
2848,-1.08889e+06,2.64758e+06
2849,2.12763e+06,1.81659e+06
2850,2.82008e+06,-523750
2851,-828498,2.58277e+06
2852,899704,-2.60239e+06
2853,667000,-2.82254e+06
2854,-2.01723e+06,2.24635e+06
2855,-198466,-2.83158e+06
2856,-2.52678e+06,-1.16453e+06
2857,-2.93198e+06,-746863
2858,-1.28259e+06,2.56546e+06
2859,2.41795e+06,1.63731e+06
2860,-2.93266e+06,1.04744e+06
2861,-528468,2.85224e+06
2862,-2.95458e+06,-105821
2863,-2.65415e+06,-111622
2864,-434084,-2.83509e+06
2865,2.64829e+06,-780630
2866,1.33162e+06,-2.58485e+06
2867,1.564e+06,-2.35928e+06
2868,-2.41708e+06,-1.8345e+06
2869,2.23306e+06,-1.03169e+06
2870,841663,1.36724e+06
2871,-2.13048e+06,-1.31366e+06
2872,-2.28712e+06,1.70391e+06
2873,2.18978e+06,-1.78679e+06
2874,1.79275e+06,2.41983e+06
2875,3.4167e+06,430964
2876,-1.6191e+06,-2.85137e+06
2877,2.35455e+06,1.37965e+06
2878,-2.54833e+06,1.27033e+06
2879,-815842,-2.70831e+06
2880,-2.40997e+06,1.29818e+06
2881,-347897,2.94445e+06
2882,-2.46987e+06,562202
2883,-459469,2.81196e+06
2884,-3.02537e+06,1.05346e+06
2885,2.97613e+06,113375
2886,-1.31856e+06,-2.45787e+06
2887,747855,2.72762e+06
2888,-1.71565e+06,-2.20209e+06
2889,-2.46104e+06,-1.25156e+06
2890,1.77983e+06,2.17716e+06
2891,3.10827e+06,914543
2892,2.29907e+06,-1.61981e+06
2893,2.19019e+06,1.92021e+06
2894,1.24531e+06,2.45647e+06
2895,-166669,2.762e+06
2896,-139778,-2.75413e+06
2897,430629,-2.78985e+06
2898,2.40378e+06,-1.10565e+06
2899,-477122,-3.11566e+06
2900,405478,-2.90863e+06
2901,1.69967e+06,1.16092e+06
2902,1.98462e+06,2.11536e+06
2903,398367,3.04357e+06
2904,171268,-2.72087e+06
2905,880022,2.68628e+06
2906,2.81762e+06,-853137
2907,1.15122e+06,-2.15904e+06
2908,-2.41855e+06,1.23741e+06
2909,2.40178e+06,1.26561e+06
2910,2.04051e+06,2.1221e+06
2911,180374,-2.63897e+06
2912,-2.65776e+06,-893948
2913,2.29579e+06,-1.54695e+06
2914,-1.48873e+06,2.38604e+06
2915,-2.64028e+06,-982660
2916,-1.03276e+06,-2.23461e+06
2917,-1.46747e+06,-2.48316e+06
2918,-814629,2.65004e+06
2919,1.48635e+06,-2.10232e+06
2920,-2.90044e+06,149740
2921,-2.71609e+06,775748
2922,2.87535e+06,-267775
2923,2.4164e+06,1.13906e+06
2924,3.03263e+06,274506
2925,1.83699e+06,2.17265e+06
2926,35977.1,-2.72532e+06
2927,-1.45949e+06,-1.59148e+06
2928,1.99219e+06,-1.06213e+06
2929,561272,2.79703e+06
2930,2.40594e+06,1.59448e+06
2931,-2.31185e+06,1.22833e+06
2932,-2.19278e+06,1.71649e+06
2933,1.39023e+06,2.28082e+06
2934,-2.55258e+06,1.6419e+06
2935,878184,2.8901e+06
2936,2.97009e+06,-93426.4
2937,-2.65594e+06,463538
2938,323815,2.85627e+06
2939,1.97985e+06,2.05637e+06
2940,559697,2.92683e+06
2941,-1.69659e+06,2.23092e+06
2942,-250786,-2.65712e+06
2943,-1.13282e+06,2.53181e+06
2944,2.69219e+06,621162
2945,-1.28829e+06,2.44918e+06
2946,2.65171e+06,-1.1424e+06
2947,-288833,2.74771e+06
2948,2.26984e+06,1.55396e+06
2949,897788,2.57331e+06
2950,-2.05679e+06,1.06851e+06
2951,2.63485e+06,-377581
2952,2.76967e+06,-539855
2953,1.01397e+06,-2.54938e+06
2954,-2.7912e+06,645667
2955,678020,-2.68186e+06
2956,-1.34852e+06,2.4152e+06
2957,2.34877e+06,2.11734e+06
2958,-2.0972e+06,-1.81216e+06
2959,1.30686e+06,1.9421e+06
2960,-2.67814e+06,441226
2961,1.27745e+06,2.36684e+06
2962,-2.78661e+06,7279.74
2963,-1.95891e+06,2.05354e+06
2964,812981,2.64289e+06
2965,470834,2.72163e+06
2966,-1.38089e+06,-2.24651e+06
2967,-2.57368e+06,-1.33254e+06
2968,-28289.8,2.74875e+06
2969,-2.66653e+06,-3301.18
2970,207992,2.5005e+06
2971,-858657,-2.55183e+06
2972,1.54917e+06,-2.10016e+06
2973,-508578,3.429e+06
2974,2.3229e+06,1.41732e+06
2975,1.74582e+06,2.10582e+06
2976,2.51851e+06,1.4458e+06
2977,-2.56662e+06,-1.02474e+06
2978,1.68328e+06,2.28936e+06
2979,793160,-2.60098e+06
2980,2.69884e+06,793314
2981,463866,-3.16412e+06
2982,2.79841e+06,379943
2983,-26259,-2.65971e+06
2984,-497981,-2.7655e+06
2985,2.98932e+06,-1.48079e+06
2986,-668847,-2.7595e+06
2987,2.49857e+06,-670993
2988,-2.43622e+06,-1.28276e+06
2989,1.28489e+06,-2.36982e+06
2990,-2.0933e+06,-1.39038e+06
2991,-2.65475e+06,-88356.8
2992,1.2496e+06,2.47742e+06
2993,-2.44357e+06,1.22057e+06
2994,1.89811e+06,-2.08189e+06
2995,1.37153e+06,2.39068e+06
2996,-1.89677e+06,2.12332e+06
2997,-2.64518e+06,-736246
2998,2.64764e+06,245284
2999,706828,2.36e+06
3000,1.29253e+06,2.34527e+06
3001,-1.12891e+06,2.72969e+06
3002,-2.72947e+06,408153
3003,-826118,2.8885e+06
3004,1.19774e+06,-2.3379e+06
3005,2.87839e+06,190863
3006,1.28932e+06,-2.43642e+06
3007,-1.91697e+06,1.44217e+06
3008,1.38485e+06,-2.37543e+06
3009,2.74687e+06,81936.2
3010,2.12663e+06,-1.66622e+06
3011,1.81105e+06,-1.98226e+06
3012,1.74611e+06,2.0241e+06
3013,996651,-2.55985e+06
3014,-2.44439e+06,-593066
3015,-453992,2.61521e+06
3016,1.86657e+06,1.8487e+06
3017,-582985,2.66749e+06
3018,-1.44134e+06,2.42089e+06
3019,-51130.6,2.71609e+06
3020,-2.54124e+06,1.062e+06
3021,1.84536e+06,-1.94326e+06
3022,-2.68513e+06,-223853
3023,-2.69251e+06,327023
3024,2.66967e+06,-1.22063e+06
3025,-2.62018e+06,-539847
3026,2.28184e+06,-1.74641e+06
3027,2.47482e+06,-756196
3028,2.34857e+06,1.15409e+06
3029,2.78984e+06,452258
3030,-337041,2.60459e+06
3031,-2.16315e+06,-2.06342e+06
3032,-48520.2,2.73745e+06
3033,-2.99705e+06,61810.2
3034,-2.77587e+06,262363
3035,171172,2.66276e+06
3036,-2.48085e+06,1.88119e+06
3037,854217,2.51867e+06
3038,1.36258e+06,2.25534e+06
3039,2.38925e+06,-1.64047e+06
3040,-1.32037e+06,-2.32502e+06
3041,839803,2.6104e+06
3042,1.96341e+06,-2.14121e+06
3043,1.70501e+06,2.67366e+06
3044,2.88435e+06,-270320
3045,1.60732e+06,-1.93018e+06
3046,-1.19103e+06,1.96725e+06
3047,2.65999e+06,-675753
3048,-1.30839e+06,-2.03074e+06
3049,-1.62262e+06,1.85882e+06
3050,2.22957e+06,1.62924e+06
3051,-583092,2.78422e+06
3052,-2.65942e+06,-104106
3053,-102010,2.57889e+06
3054,-594272,-2.63625e+06
3055,-2.73449e+06,-1.05979e+06
3056,-2.5344e+06,493484
3057,1.19448e+06,-2.11728e+06
3058,-1.58266e+06,-2.49841e+06
3059,-1.44909e+06,-1.9317e+06
3060,2.58232e+06,-556762
3061,1.80887e+06,-802577
3062,1.86528e+06,1.86558e+06
3063,-1.25478e+06,-2.31714e+06
3064,1.28082e+06,-2.21158e+06
3065,-154592,-2.83855e+06
3066,-95954.7,-2.05659e+06
3067,-2.18069e+06,1.656e+06
3068,292130,-2.8828e+06
3069,-1.95128e+06,-1.80099e+06
3070,-2.58969e+06,-596497
3071,-965588,-2.97601e+06
3072,-2.25373e+06,964679
3073,-2.20857e+06,-1.41268e+06
3074,-176732,-2.6848e+06
3075,2.76482e+06,305466
3076,2.11746e+06,-1.53472e+06
3077,-2.20081e+06,808299
3078,1.66979e+06,-1.84345e+06
3079,-2.32494e+06,1.6111e+06
3080,-2.15982e+06,-1.48772e+06
3081,214716,-2.69352e+06
3082,-2.48411e+06,1.10955e+06
3083,2.6327e+06,-410960
3084,2.43402e+06,-690584
3085,-2.49205e+06,941690
3086,2.50777e+06,173562
3087,-1.87815e+06,1.87819e+06
3088,-435719,-2.6261e+06
3089,-2.64918e+06,-281149
3090,-2.51485e+06,-484184
3091,2.58303e+06,-545784
3092,3.14507e+06,762810
3093,942333,-2.48445e+06
3094,-2.78174e+06,58753.3
3095,1.91521e+06,-1.78261e+06
3096,-965763,2.39837e+06
3097,330612,-2.80108e+06
3098,-2.60833e+06,823053
3099,754848,2.53142e+06
3100,2.10644e+06,-1.13327e+06
3101,1.00029e+06,2.39206e+06
3102,2.459e+06,1.00318e+06
3103,2.46839e+06,-558607
3104,-2.66637e+06,-560795
3105,2.57753e+06,-571876
3106,1.6725e+06,-1.8515e+06
3107,-2.21865e+06,-123665
3108,-1.06877e+06,2.32975e+06
3109,1.99791e+06,-1.03847e+06
3110,-287583,2.57106e+06
3111,-19176.5,-2.6052e+06
3112,2.60795e+06,509014
3113,-2.06529e+06,-1.61415e+06
3114,-308847,2.4218e+06
3115,2.76527e+06,-474239
3116,214972,2.523e+06
3117,-1.05215e+06,2.84101e+06
3118,-393809,3.17825e+06
3119,1.94809e+06,1.77213e+06
3120,2.4265e+06,-1.11865e+06
3121,219093,-2.52477e+06
3122,-1.72979e+06,-2.13176e+06
3123,-2.39127e+06,-739268
3124,-2.2207e+06,-1.35465e+06
3125,-699559,2.68667e+06
3126,-2.45793e+06,4601.92
3127,1.2549e+06,-2.45887e+06
3128,2.34352e+06,-299915
3129,-2.29398e+06,1.49243e+06
3130,1.06543e+06,2.48979e+06
3131,-2.6023e+06,-758147
3132,671599,2.53139e+06
3133,894685,-2.33236e+06
3134,-790967,-2.88142e+06
3135,-1.99583e+06,1.66022e+06
3136,-1.19738e+06,2.1428e+06
3137,2.11901e+06,1.18375e+06
3138,-813298,2.47002e+06
3139,1.48734e+06,2.15329e+06
3140,-2.36894e+06,1.10836e+06
3141,2.27026e+06,1.22987e+06
3142,454409,-2.56211e+06
3143,312273,-2.74652e+06
3144,1.31831e+06,-2.30154e+06
3145,-1.62263e+06,-2.07111e+06
3146,-431760,2.51504e+06
3147,2.66042e+06,1.06993e+06
3148,-1.17211e+06,-2.23334e+06
3149,-1.01338e+06,-2.32438e+06
3150,2.52871e+06,1.76908e+06
3151,2.59515e+06,-611296
3152,2.25028e+06,-1.02718e+06
3153,-1.5302e+06,2.124e+06
3154,286292,2.53496e+06
3155,-1.48269e+06,-1.51725e+06
3156,2.08577e+06,1.58143e+06
3157,-1.86028e+06,-1.77439e+06
3158,1.15048e+06,-2.34511e+06
3159,-1.0112e+06,2.02078e+06
3160,-1.30784e+06,2.34439e+06
3161,-311538,-3.14955e+06
3162,998114,-2.41724e+06
3163,-1.73461e+06,-1.79762e+06
3164,-698488,-1.91644e+06
3165,2.45706e+06,44041.6
3166,-1.38515e+06,2.21162e+06
3167,1.38765e+06,-2.13727e+06
3168,-3.30685e+06,409692
3169,-2.56293e+06,400424
3170,2.4464e+06,-413147
3171,2.3359e+06,-936082
3172,-1.40821e+06,-2.36412e+06
3173,1.40973e+06,2.71458e+06
3174,1.99697e+06,-1.61571e+06
3175,1.58194e+06,1.9711e+06
3176,-755045,-2.8207e+06
3177,-1.93153e+06,1.92491e+06
3178,743027,-2.19728e+06
3179,-2.31837e+06,-899247
3180,2.0779e+06,-2.18701e+06
3181,-1.63534e+06,1.3558e+06
3182,-2.54509e+06,1.12222e+06
3183,479516,-2.50056e+06
3184,1.60262e+06,-2.40534e+06
3185,2.1055e+06,-1.55546e+06
3186,2.13594e+06,-1.41852e+06
3187,1.11302e+06,-1.70121e+06
3188,-1.22795e+06,2.23299e+06
3189,-232791,-2.69868e+06
3190,1.28586e+06,2.66174e+06
3191,-1.51864e+06,-1.67022e+06
3192,2.4433e+06,-1.44202e+06
3193,-611224,-2.63033e+06
3194,-2.76349e+06,378001
3195,-1.60693e+06,1.69747e+06
3196,495541,2.46077e+06
3197,-2.97581e+06,389634
3198,1.8553e+06,426107
3199,-1.89357e+06,1.1504e+06
3200,1.07702e+06,2.40215e+06
3201,1.48404e+06,1.97458e+06
3202,-1.81606e+06,1.67052e+06
3203,3.02679e+06,169736
3204,2.53464e+06,-186750
3205,2.02606e+06,1.31597e+06
3206,2.20467e+06,1.14055e+06
3207,-2.45107e+06,744613
3208,-2.36345e+06,-1.46014e+06
3209,-1.78342e+06,-426858
3210,1.44526e+06,2.01358e+06
3211,2.65226e+06,-245887
3212,1.13477e+06,2.16223e+06
3213,2.02463e+06,-584891
3214,1.6882e+06,-1.925e+06
3215,-899612,2.47401e+06
3216,2.55454e+06,1.15255e+06
3217,461742,-2.0902e+06
3218,-2.51006e+06,-221061
3219,-2.23354e+06,1.16319e+06
3220,1.88864e+06,1.7349e+06
3221,554514,2.34729e+06
3222,693264,-2.70274e+06
3223,1.88166e+06,-1.63294e+06
3224,2.58296e+06,-1.26833e+06
3225,-27525.6,2.54147e+06
3226,-3.05147e+06,-518657
3227,-1.95342e+06,1.50862e+06
3228,-991939,2.21472e+06
3229,-924759,2.35843e+06
3230,1.74456e+06,-1.81943e+06
3231,2.46346e+06,-527229
3232,171350,2.39214e+06
3233,-1.95135e+06,-2.35691e+06
3234,-82715.6,2.55224e+06
3235,2.56086e+06,-717383
3236,-1.0389e+06,2.10863e+06
3237,1.17269e+06,2.24529e+06
3238,365448,2.45991e+06
3239,-1.46507e+06,2.12537e+06
3240,1.0361e+06,2.16947e+06
3241,-2.8316e+06,-776188
3242,-2.46587e+06,-650802
3243,1.96887e+06,1.12841e+06
3244,473585,-2.47098e+06
3245,1.77644e+06,-1.60792e+06
3246,-2.66888e+06,645186
3247,2.54736e+06,-311628
3248,-1.28757e+06,-2.11522e+06
3249,2.00587e+06,1.46977e+06
3250,-1.64653e+06,-1.88386e+06
3251,810696,2.37597e+06
3252,-915271,2.24952e+06
3253,-2.39025e+06,701840
3254,-942583,-2.36316e+06
3255,1.6655e+06,1.71891e+06
3256,-1.71478e+06,-1.73167e+06
3257,1.12282e+06,-2.25295e+06
3258,1.95688e+06,-1.56262e+06
3259,-2.7783e+06,1.00152e+06
3260,1.35956e+06,2.10705e+06
3261,-1.82788e+06,-1.4437e+06
3262,-2.42128e+06,-618949
3263,2.29132e+06,-933028
3264,2.09106e+06,-1.49682e+06
3265,-2.51643e+06,362418
3266,1.99594e+06,1.3658e+06
3267,-972937,-2.32846e+06
3268,1.77004e+06,1.07163e+06
3269,-1.22662e+06,-2.3922e+06
3270,-565886,2.61566e+06
3271,-1.48607e+06,-2.12557e+06
3272,1.43085e+06,2.22667e+06
3273,478007,2.3966e+06
3274,1.36087e+06,1.51586e+06
3275,2.48578e+06,399248
3276,-1.50789e+06,-84828.6
3277,-326633,-2.64364e+06
3278,2.57853e+06,-982730
3279,-2.2559e+06,1.23118e+06
3280,-368007,-2.52201e+06
3281,2.06392e+06,1.38731e+06
3282,676911,-2.4203e+06
3283,-933599,-2.45421e+06
3284,2.15609e+06,25735.6
3285,-40300.8,2.58035e+06
3286,2.20914e+06,-1.64607e+06
3287,-356389,2.22631e+06
3288,-1.48884e+06,1.97064e+06
3289,369722,2.62021e+06
3290,-2.46284e+06,443748
3291,2.62785e+06,184793
3292,2.70068e+06,-135659
3293,-962995,-2.09349e+06
3294,388360,-2.48548e+06
3295,1.24347e+06,1.74029e+06
3296,-1.03907e+06,-2.22322e+06
3297,-2.28303e+06,913316
3298,-1.95332e+06,1.81596e+06
3299,748968,2.20701e+06
3300,-2.08226e+06,1.79075e+06
3301,2.08441e+06,1.68361e+06
3302,2.4562e+06,-533448
3303,-1.64699e+06,-1.79237e+06
3304,2.38982e+06,-677341
3305,-2.25261e+06,1.09084e+06
3306,2.20618e+06,1.3347e+06
3307,-777744,2.45062e+06
3308,1.68816e+06,1.79453e+06
3309,618683,2.01075e+06
3310,1.92192e+06,1.57439e+06
3311,1.27751e+06,-2.13077e+06
3312,755907,-2.12052e+06
3313,163508,-2.4772e+06
3314,-2.73628e+06,1.23595e+06
3315,-664670,2.43567e+06
3316,-1.8951e+06,-726189
3317,2.79756e+06,-391406
3318,-2.5194e+06,-972428
3319,-773534,-2.4119e+06
3320,-1.81288e+06,901614
3321,2.42503e+06,-106673
3322,2.07975e+06,146519
3323,37415.6,-2.68581e+06
3324,-2.28129e+06,-891899
3325,-1.31362e+06,2.20355e+06
3326,-3.00392e+06,155283
3327,-2.22504e+06,-1.34191e+06
3328,-2.2132e+06,-522590
3329,2.46676e+06,575951
3330,2.46369e+06,-217431
3331,37145.3,-2.47014e+06
3332,872181,-2.30008e+06
3333,2.05105e+06,-1.3775e+06
3334,-962252,2.45058e+06
3335,1.15816e+06,-2.14108e+06
3336,-1.87275e+06,1.55202e+06
3337,-1.85126e+06,-1.33279e+06
3338,2.1743e+06,-1.25761e+06
3339,1.98728e+06,-2.77132e+06
3340,-21941,2.53471e+06
3341,589268,2.33072e+06
3342,-183179,-2.4137e+06
3343,1.50077e+06,2.30746e+06
3344,-2.38216e+06,-373962
3345,112976,2.4622e+06
3346,705807,2.27308e+06
3347,-2.28316e+06,-531700
3348,-1.89488e+06,-1.60573e+06
3349,2.44905e+06,-608450
3350,1.76926e+06,-1.69588e+06
3351,2.94752e+06,-218121
3352,-786374,2.23023e+06
3353,-1.17375e+06,-2.22171e+06
3354,-2.42035e+06,1.39506e+06
3355,2.43642e+06,313617
3356,2.47581e+06,1.32652e+06
3357,-821966,2.22147e+06
3358,1.91767e+06,1.16575e+06
3359,1.67233e+06,73861.9
3360,-2.21214e+06,328916
3361,-2.43439e+06,850784
3362,945617,-2.21168e+06
3363,-884027,2.39043e+06
3364,-2.12206e+06,898698
3365,-910777,-1.88518e+06
3366,784358,-2.35781e+06
3367,-292016,2.40922e+06
3368,-1.36328e+06,1.64447e+06
3369,-1.13682e+06,2.06934e+06
3370,-1.49798e+06,-1.8583e+06
3371,2.23156e+06,972070
3372,-25515.2,-2.39761e+06
3373,-882424,2.87102e+06
3374,-2.4408e+06,293934
3375,2.31777e+06,721787
3376,-986547,2.48353e+06
3377,1.87225e+06,-1.57896e+06
3378,-1.85244e+06,1.7866e+06
3379,-1.28452e+06,1.97422e+06
3380,2.21443e+06,-1.17148e+06
3381,-2.60859e+06,-66140.6
3382,-2.16718e+06,950491
3383,-2.35718e+06,-509707
3384,-2.29971e+06,678707
3385,1.66293e+06,-1.51042e+06
3386,-1.56668e+06,-1.94694e+06
3387,-2.20531e+06,-924036
3388,-759735,-2.25689e+06
3389,1.68031e+06,2.04104e+06
3390,1.24215e+06,1.64264e+06
3391,-2.15146e+06,658433
3392,2.1682e+06,-1.11577e+06
3393,2.73418e+06,-976074
3394,1.8002e+06,1.56141e+06
3395,1.76715e+06,-1.96824e+06
3396,-1.2728e+06,-2.02014e+06
3397,2.03955e+06,1.06258e+06
3398,-2.36613e+06,-181963
3399,849485,1.85508e+06
3400,-2.30854e+06,130554
3401,-1.42604e+06,-1.95614e+06
3402,2.63411e+06,-285759
3403,-839866,2.31218e+06
3404,2.18467e+06,-1.45916e+06
3405,2.12821e+06,1.3534e+06
3406,-1.69469e+06,-1.52098e+06
3407,-2.0222e+06,1.52041e+06
3408,-2.29867e+06,609449
3409,1.65988e+06,1.95632e+06
3410,-1.82034e+06,1.38416e+06
3411,146849,-2.53562e+06
3412,153383,-2.65751e+06
3413,662842,2.25447e+06
3414,-2.676e+06,419051
3415,2.88633e+06,-1.56662e+06
3416,-1.79714e+06,-1.53787e+06
3417,-2.01461e+06,991136
3418,-2.43139e+06,453915
3419,473692,-2.32468e+06
3420,1.53912e+06,1.79927e+06
3421,-1.03996e+06,2.16787e+06
3422,-2.25644e+06,-953276
3423,-2.47018e+06,885015
3424,-922940,-2.05174e+06
3425,-1.01371e+06,2.16479e+06
3426,2.36634e+06,718586
3427,-751798,2.16861e+06
3428,1.49012e+06,2.23741e+06
3429,-903003,-2.03905e+06
3430,-1.86861e+06,-1.00722e+06
3431,2.41717e+06,207517
3432,-2.2073e+06,-864199
3433,-1.03099e+06,1.77892e+06
3434,1.95855e+06,-1.49681e+06
3435,1.22227e+06,-2.09717e+06
3436,-178759,1.95582e+06
3437,-1.96262e+06,1.25382e+06
3438,943229,2.23813e+06
3439,2.74877e+06,113413
3440,-2.49424e+06,-828196
3441,-110513,2.39918e+06
3442,2.23682e+06,764008
3443,-2.23963e+06,954458
3444,-797337,2.6736e+06
3445,1.09345e+06,-2.00342e+06
3446,-1.26075e+06,1.74351e+06
3447,-1.10954e+06,1.9344e+06
3448,975544,-2.11443e+06
3449,1.91958e+06,1.39318e+06
3450,-2.25795e+06,-69526.3
3451,2.0896e+06,1.13345e+06
3452,-2.12171e+06,1.15793e+06
3453,-2.38577e+06,-590794
3454,379879,-2.35705e+06
3455,2.32575e+06,1.28015e+06
3456,1.53108e+06,-1.94184e+06
3457,2.63906e+06,330455
3458,-69410.7,-2.82477e+06
3459,2.33315e+06,-788397
3460,2.21211e+06,-172772
3461,653407,-2.28366e+06
3462,1.94849e+06,-1.23984e+06
3463,2.84299e+06,881988
3464,-929238,-2.71253e+06
3465,-1.77478e+06,1.61785e+06
3466,-69436,2.21266e+06
3467,-2.04669e+06,-187596
3468,250740,2.30427e+06
3469,2.189e+06,945605
3470,-2.42942e+06,408413
3471,-615151,-2.31207e+06
3472,284270,2.32913e+06
3473,2.15464e+06,481647
3474,2.27185e+06,-139233
3475,-2.15361e+06,-563440
3476,633419,2.19082e+06
3477,-2.09194e+06,950881
3478,1.68576e+06,-1.44046e+06
3479,-1.47458e+06,1.78587e+06
3480,1.78786e+06,1.69875e+06
3481,1.07149e+06,-2.24408e+06
3482,1.24259e+06,-1.70455e+06
3483,-1.19831e+06,1.97282e+06
3484,1.46579e+06,-1.20096e+06
3485,-1.91175e+06,1.07671e+06
3486,-2.37272e+06,882286
3487,2.37815e+06,-327726
3488,774372,-2.30059e+06
3489,-2.06243e+06,-957743
3490,2.29233e+06,115682
3491,2.28836e+06,331286
3492,-2.20183e+06,985709
3493,-1.24124e+06,-2.06272e+06
3494,3.3424e+06,686424
3495,808768,-2.17166e+06
3496,-1.91583e+06,-1.7672e+06
3497,-2.11792e+06,1.46421e+06
3498,470312,2.22676e+06
3499,-2.2428e+06,-743187
3500,-100602,2.4507e+06
3501,-2.31365e+06,598806
3502,-434527,-2.18519e+06
3503,-649627,2.25373e+06
3504,2.34602e+06,137309
3505,1.24639e+06,1.82343e+06
3506,-1.56225e+06,-1.62842e+06
3507,-573788,2.27628e+06
3508,-1.03856e+06,2.75076e+06
3509,828489,-2.22914e+06
3510,-285475,-2.29351e+06
3511,549121,-2.30237e+06
3512,-1.75346e+06,-1.64758e+06
3513,458307,2.57268e+06
3514,128245,2.33555e+06
3515,-329655,-2.35184e+06
3516,-2.35922e+06,104546
3517,638729,2.08187e+06
3518,-851201,-1.69351e+06
3519,2.28098e+06,383689
3520,1.74067e+06,1.46402e+06
3521,-1.39415e+06,-1.13484e+06
3522,-1.94637e+06,-953059
3523,-2.44461e+06,-43114.9
3524,-2.34719e+06,271982
3525,1.11818e+06,2.02186e+06
3526,-1.67964e+06,-1.16523e+06
3527,-93049.6,-2.36556e+06
3528,1.67868e+06,1.73376e+06
3529,2.26579e+06,-458779
3530,-1.37775e+06,-1.24163e+06
3531,-1.06191e+06,2.16617e+06
3532,417574,-2.32397e+06
3533,2.90204e+06,-492308
3534,-894333,2.25786e+06
3535,-2.16415e+06,1.09801e+06
3536,2.0893e+06,-1.17096e+06
3537,403191,1.60231e+06
3538,2.07359e+06,1.53722e+06
3539,868951,2.15362e+06
3540,-202779,-2.29504e+06
3541,-903636,-2.15706e+06
3542,1.76945e+06,-1.51019e+06
3543,830003,2.3012e+06
3544,1.52611e+06,-1.89196e+06
3545,1.51109e+06,1.8039e+06
3546,1.73354e+06,1.87651e+06
3547,-2.4799e+06,729526
3548,721544,2.10548e+06
3549,-2.13641e+06,1.06493e+06
3550,1.04213e+06,2.07204e+06
3551,1.33713e+06,2.05904e+06
3552,1.14615e+06,-2.16558e+06
3553,792988,2.46607e+06
3554,183114,1.93042e+06
3555,-2.15899e+06,2.42355e+06
3556,-2.16978e+06,960125
3557,300125,2.25748e+06
3558,-1.24023e+06,2.06617e+06
3559,-141889,-2.21754e+06
3560,2.08008e+06,1.18025e+06
3561,-2.36082e+06,-522894
3562,3.27931e+06,1.00896e+06
3563,-2.42274e+06,-579076
3564,-2.27041e+06,733170
3565,1.9834e+06,-1.24481e+06
3566,1.59733e+06,1.61144e+06
3567,2.04555e+06,1.22673e+06
3568,-459633,2.19214e+06
3569,127286,2.37291e+06
3570,119945,-2.26996e+06
3571,-786690,-2.25243e+06
3572,1.58818e+06,-1.54994e+06
3573,-1.65809e+06,1.6211e+06
3574,943928,-1.73644e+06
3575,-1.98706e+06,-2.22963e+06
3576,-1.41986e+06,-2.11148e+06
3577,-2.02467e+06,1.16711e+06
3578,-1.33333e+06,-1.95758e+06
3579,-180306,2.17762e+06
3580,-1.60291e+06,1.95845e+06
3581,1.44903e+06,1.79351e+06
3582,-1.46703e+06,1.69975e+06
3583,-1.68814e+06,-2.07448e+06
3584,889294,2.10418e+06
3585,-1.48687e+06,1.67391e+06
3586,-1.83565e+06,-1.15946e+06
3587,473608,2.3335e+06
3588,557212,2.11607e+06
3589,145226,2.32242e+06
3590,2.31321e+06,211596
3591,-1.68572e+06,-924283
3592,3765.04,2.28345e+06
3593,2.06074e+06,920888
3594,-2.11954e+06,-802308
3595,2.46966e+06,2.0626e+06
3596,450668,-2.21028e+06
3597,1.52144e+06,1.78837e+06
3598,1.11008e+06,-2.43866e+06
3599,2.18889e+06,-802239
3600,-1.71822e+06,-1.46848e+06
3601,2.03988e+06,1.68343e+06
3602,194030,2.88992e+06
3603,-2985.87,-2.28314e+06
3604,6052.79,-2.10292e+06
3605,-1.76023e+06,-586399
3606,-1.3652e+06,1.77036e+06
3607,2.0833e+06,-292946
3608,1.99709e+06,1.20369e+06
3609,-1.45479e+06,-1.80991e+06
3610,-191891,-2.26066e+06
3611,1.29698e+06,1.85534e+06
3612,-521101,2.25384e+06
3613,2.29199e+06,-517524
3614,1.90646e+06,-1.04975e+06
3615,-2.29141e+06,-1.51917e+06
3616,1.32676e+06,-2.03057e+06
3617,2.43965e+06,539992
3618,-2.00278e+06,-495980
3619,1.81244e+06,1.43494e+06
3620,1.77053e+06,-1.1906e+06
3621,-1.95144e+06,-1.50905e+06
3622,-1.49445e+06,1.3237e+06
3623,-1.77542e+06,1.43215e+06
3624,-1.07198e+06,2.30581e+06
3625,-1.89832e+06,-1.28327e+06
3626,-1.9736e+06,-635837
3627,-1.68187e+06,2.04403e+06
3628,-197912,2.2322e+06
3629,693662,2.11222e+06
3630,1.75525e+06,193133
3631,-286191,1.95961e+06
3632,1.06587e+06,1.91883e+06
3633,-2.08828e+06,1.56359e+06
3634,493278,2.24966e+06
3635,1.84515e+06,1.44365e+06
3636,-844443,-2.12364e+06
3637,-2.24554e+06,-58154.6
3638,1.1935e+06,2.05645e+06
3639,1.71541e+06,1.3338e+06
3640,-1.99043e+06,1.23619e+06
3641,1.70869e+06,1.00129e+06
3642,-2.20148e+06,-1.15902e+06
3643,-729866,2.30211e+06
3644,-962941,2.01028e+06
3645,2.31724e+06,-91046.4
3646,2.26154e+06,399615
3647,-1.34867e+06,1.86778e+06
3648,-2.04078e+06,-1.81007e+06
3649,-1.68223e+06,2.14324e+06
3650,-2.13948e+06,166148
3651,-2.13839e+06,786137
3652,-916786,-2.0563e+06
3653,-1.71638e+06,-1.38894e+06
3654,587728,2.16025e+06
3655,-267035,-2.23503e+06
3656,-1.97601e+06,-1.20048e+06
3657,-2.27464e+06,521968
3658,-1.51588e+06,1.71838e+06
3659,-2.10061e+06,943060
3660,-348052,-1.67795e+06
3661,1.60562e+06,1.42312e+06
3662,-881623,2.04762e+06
3663,752702,2.19707e+06
3664,-364558,2.02635e+06
3665,-1.1776e+06,2.24547e+06
3666,2.2706e+06,94742.1
3667,2.12461e+06,-407808
3668,244018,1.83827e+06
3669,-2.15177e+06,-590202
3670,-1.95631e+06,1.31862e+06
3671,-1.69435e+06,-1.42558e+06
3672,2.26765e+06,475628
3673,-1.02306e+06,-1.96003e+06
3674,-288669,2.23889e+06
3675,-880430,2.11527e+06
3676,161491,-2.43879e+06
3677,145800,2.25274e+06
3678,-2.06505e+06,286297
3679,2.65236e+06,232809
3680,-1.20141e+06,-1.86733e+06
3681,1.33862e+06,1.88181e+06
3682,2.26283e+06,8749.63
3683,-1.30797e+06,1.75576e+06
3684,-2.08427e+06,-806887
3685,-1.31004e+06,1.53286e+06
3686,-2.15843e+06,-557448
3687,1.78049e+06,2.21427e+06
3688,513399,689800
3689,1.88184e+06,1.20947e+06
3690,-2.36291e+06,-529218
3691,1.87398e+06,1.39304e+06
3692,6091.09,2.23306e+06
3693,-1.00604e+06,1.62426e+06
3694,-769604,-2.35249e+06
3695,350407,2.25747e+06
3696,2.09272e+06,582036
3697,-2.31049e+06,-450412
3698,-1.30449e+06,-1.64794e+06
3699,-247757,2.21461e+06
3700,73470.2,2.2464e+06
3701,-1.40969e+06,-911841
3702,-1.04745e+06,2.12189e+06
3703,1.05531e+06,-1.88883e+06
3704,772694,2.01473e+06
3705,-190210,-2.24338e+06
3706,1.32729e+06,-2.14176e+06
3707,-2.16675e+06,-427188
3708,-2.25374e+06,-326657
3709,-1.79651e+06,-482225
3710,-2.63453e+06,-129200
3711,-502687,2.24975e+06
3712,1.64194e+06,643367
3713,-2.40403e+06,-1.05663e+06
3714,-2.2253e+06,-735234
3715,1.36714e+06,-1.52349e+06
3716,227060,-2.22862e+06
3717,-2.10063e+06,580540
3718,-855725,2.02848e+06
3719,-1.90672e+06,-1.53554e+06
3720,1.87767e+06,-1.03355e+06
3721,2.15461e+06,576351
3722,676684,-2.10078e+06
3723,-1.17814e+06,1.80505e+06
3724,-1.02981e+06,2.1434e+06
3725,-1.93056e+06,1.14497e+06
3726,417767,-2.72134e+06
3727,-2.21665e+06,-1.19857e+06
3728,1.85116e+06,-1.03773e+06
3729,-60081.5,-2.07013e+06
3730,971070,1.61768e+06
3731,2.25566e+06,-1.1068e+06
3732,-2.47602e+06,-300464
3733,2.31969e+06,1.27491e+06
3734,2.1168e+06,-898199
3735,849498,2.04868e+06
3736,431549,-2.31745e+06
3737,-285706,-2.25247e+06
3738,1.00546e+06,1.26373e+06
3739,2.414e+06,300843
3740,-1.69036e+06,-1.45517e+06
3741,-260011,-2.22958e+06
3742,912910,-2.0679e+06
3743,2.00318e+06,791333
3744,2.51778e+06,1.4422e+06
3745,901734,-2.00826e+06
3746,-811802,-694473
3747,1.51039e+06,1.18141e+06
3748,1.00528e+06,-1.88065e+06
3749,243508,2.13344e+06
3750,-2.16357e+06,-501225
3751,1.46327e+06,1.89197e+06
3752,519345,2.1833e+06
3753,-1.49984e+06,-1.58123e+06
3754,-1.79092e+06,1.36674e+06
3755,-2.01326e+06,-1.02744e+06
3756,1.99316e+06,-997651
3757,-196158,-2.40585e+06
3758,2.24332e+06,37397.6
3759,1.5807e+06,1.60811e+06
3760,2.06174e+06,230307
3761,-743906,-2.35177e+06
3762,1.86629e+06,939579
3763,-664647,-2.07873e+06
3764,1.91496e+06,1.09626e+06
3765,1.03589e+06,-1.96678e+06
3766,-1.83848e+06,359606
3767,-1.51813e+06,1.66686e+06
3768,2.04193e+06,-663520
3769,-1.93556e+06,-1.29349e+06
3770,751660,-2.06015e+06
3771,1.9891e+06,321617
3772,-2.59658e+06,758906
3773,-629263,1.96079e+06
3774,-923928,-1.91411e+06
3775,-1.72202e+06,-1.39353e+06
3776,1.39654e+06,1.73164e+06
3777,-727248,1.71936e+06
3778,-1.89046e+06,1.16473e+06
3779,1.87297e+06,-943278
3780,1.39415e+06,2.47259e+06
3781,-1.91317e+06,1.0788e+06
3782,-1.86077e+06,1.05278e+06
3783,1.97051e+06,-568897
3784,363075,2.26019e+06
3785,-1.12005e+06,-2.41688e+06
3786,-2.64628e+06,81638
3787,1.51578e+06,-418582
3788,-1.17331e+06,-451918
3789,-2.06074e+06,-297134
3790,-2.01274e+06,202268
3791,-147976,2.3982e+06
3792,282815,-2.14436e+06
3793,1.83228e+06,1.87566e+06
3794,193235,1.98149e+06
3795,-39622.8,-2.27456e+06
3796,2.03279e+06,-991008
3797,724164,1.90468e+06
3798,-1.95956e+06,-1.08096e+06
3799,2.25805e+06,-95006.4
3800,2.53497e+06,-407121
3801,-738377,2.01358e+06
3802,1.64555e+06,426982
3803,-1.95155e+06,-1.1919e+06
3804,-1.39925e+06,-1.64623e+06
3805,-100138,2.18621e+06
3806,-1.39203e+06,1.62137e+06
3807,-2.11675e+06,194043
3808,-1.6143e+06,1.51942e+06
3809,2.15179e+06,-451714
3810,633306,-1.99671e+06
3811,1.9857e+06,-561757
3812,816201,-2.01135e+06
3813,736074,-1.8962e+06
3814,-7165.72,-2.15295e+06
3815,1.80583e+06,-1.3275e+06
3816,1.72282e+06,1.38514e+06
3817,-1.3809e+06,1.4416e+06
3818,1.4632e+06,1.56841e+06
3819,1.30117e+06,-1.87544e+06
3820,-368955,-2.11122e+06
3821,2.49485e+06,-99674
3822,-1.64984e+06,1.19544e+06
3823,-1.12811e+06,1.89347e+06
3824,456554,2.09903e+06
3825,-3390.96,-2.28235e+06
3826,79832.7,2.22172e+06
3827,1.62514e+06,1.53509e+06
3828,1.71096e+06,-1.75714e+06
3829,2.07689e+06,476201
3830,2.43587e+06,-1.34248e+06
3831,889894,-1.95105e+06
3832,-1.35191e+06,1.63406e+06
3833,-175550,2.17088e+06
3834,1.58675e+06,-1.44298e+06
3835,-338397,2.06886e+06
3836,2.2539e+06,780014
3837,-2.15516e+06,284573
3838,1.56701e+06,1.50573e+06
3839,517196,2.08849e+06
3840,-1.99759e+06,688899
3841,1.82421e+06,1.26519e+06
3842,1.35137e+06,-1.66179e+06
3843,289696,2.70447e+06
3844,-2.08523e+06,-802305
3845,1.8909e+06,-526412
3846,-1.98453e+06,269832
3847,1.02804e+06,-1.82362e+06
3848,-424974,2.09524e+06
3849,1.09332e+06,2.29819e+06
3850,-1.86432e+06,-1.41342e+06
3851,-1.90579e+06,-1.22349e+06
3852,790513,2.55395e+06
3853,193803,2.25358e+06
3854,-2.06392e+06,-1.37422e+06
3855,-1.30954e+06,1.73838e+06
3856,1.54792e+06,1.84234e+06
3857,-1.98726e+06,915154
3858,-1.61773e+06,1.41074e+06
3859,1.66968e+06,-1.73573e+06
3860,1.72401e+06,1.10267e+06
3861,1.33751e+06,-1.62063e+06
3862,1.67113e+06,1.28176e+06
3863,-2.1172e+06,528271
3864,-239264,2.17993e+06
3865,156850,2.2212e+06
3866,1.81609e+06,1.34064e+06
3867,-2.14193e+06,509798
3868,-468501,2.10883e+06
3869,1.89959e+06,-1.03213e+06
3870,1.92185e+06,69693.7
3871,-1.09036e+06,1.68578e+06
3872,1.7269e+06,1.15202e+06
3873,351043,2.08985e+06
3874,-1.24026e+06,-1.1495e+06
3875,-789994,2.37817e+06
3876,-887292,-1.92008e+06
3877,924570,1.72172e+06
3878,1.52672e+06,-1.37658e+06
3879,-1.59608e+06,-2.51928e+06
3880,-1.8591e+06,1.14527e+06
3881,918938,1.95398e+06
3882,367526,-1.77344e+06
3883,2.01112e+06,-361323
3884,-2.02501e+06,-924116
3885,2.54762e+06,-224364
3886,-1.90094e+06,533066
3887,565710,2.03166e+06
3888,2.066e+06,735191
3889,-2.10712e+06,482200
3890,-851321,1.9893e+06
3891,2.01081e+06,-232619
3892,-651254,-1.96501e+06
3893,-744264,-1.49667e+06
3894,-1.90397e+06,763834
3895,1.92434e+06,-716828
3896,-2.00061e+06,-782939
3897,-1.73084e+06,-1.31439e+06
3898,1.82682e+06,1.0878e+06
3899,-136236,2.20946e+06
3900,1.0434e+06,-1.92201e+06
3901,-1.33075e+06,1.62948e+06
3902,2.0407e+06,-483983
3903,-709427,-1.8778e+06
3904,-2.35718e+06,-168264
3905,-2.30128e+06,1.31309e+06
3906,-1.86789e+06,-720527
3907,-1.71571e+06,1.3139e+06
3908,-434123,2.13266e+06
3909,1.71041e+06,1.26325e+06
3910,-555648,-2.19717e+06
3911,1.32937e+06,-1.58939e+06
3912,1.76584e+06,1.28476e+06
3913,-613683,2.04616e+06
3914,1.18973e+06,-2.28868e+06
3915,1.17302e+06,-1.74629e+06
3916,2.03853e+06,315720
3917,854448,-2.1207e+06
3918,-739291,1.98374e+06
3919,1.74575e+06,1.05496e+06
3920,844162,2.01274e+06
3921,-1.96123e+06,-1.96844e+06
3922,290966,1.63087e+06
3923,188280,-2.04025e+06
3924,-1.46169e+06,-1.43842e+06
3925,1.15313e+06,-1.81797e+06
3926,-675117,-1.33307e+06
3927,-2.29464e+06,-727857
3928,2.10932e+06,549865
3929,-2.45847e+06,-1.6408e+06
3930,545158,1.98852e+06
3931,1.43376e+06,-1.36137e+06
3932,-408600,-1.97974e+06
3933,-468579,-1.69529e+06
3934,2.18598e+06,-330875
3935,-275178,-1.06634e+06
3936,-1.17007e+06,-1.73244e+06
3937,548975,1.90509e+06
3938,-1.02271e+06,-1.37471e+06
3939,1.96528e+06,-502404
3940,-1.73033e+06,-1.36672e+06
3941,961699,-1.98383e+06
3942,-984531,1.62014e+06
3943,-371392,1.78957e+06
3944,-1.67565e+06,-363780
3945,995408,1.34301e+06
3946,2.15937e+06,-1.14005e+06
3947,1.17021e+06,-1.90716e+06
3948,686778,1.50021e+06
3949,-58435.9,-2.05294e+06
3950,1.20318e+06,-1.71078e+06
3951,571330,-1.993e+06
3952,1.86301e+06,1.97205e+06
3953,323392,-2.0657e+06
3954,-441969,1.75809e+06
3955,1.25473e+06,-1.69484e+06
3956,2.11361e+06,1.32164e+06
3957,-968003,1.91781e+06
3958,1.29793e+06,-1.34901e+06
3959,2.01264e+06,-50143.7
3960,1.73069e+06,-1.29932e+06
3961,-2.03161e+06,-252009
3962,980610,1.76761e+06
3963,1.28351e+06,-1.60092e+06
3964,785344,-2.06114e+06
3965,154195,2.22893e+06
3966,1.0881e+06,-1.80714e+06
3967,-2.32932e+06,-182488
3968,1.7554e+06,1.78643e+06
3969,-1.06128e+06,1.96242e+06
3970,392125,2.04831e+06
3971,2.09716e+06,-21933.1
3972,-1.8582e+06,807568
3973,1.32343e+06,-1.57285e+06
3974,862242,-1.6969e+06
3975,1.79014e+06,1.02133e+06
3976,-2.36322e+06,423542
3977,-2.03134e+06,-375281
3978,1.50959e+06,1.97921e+06
3979,-1.23119e+06,-1.5949e+06
3980,-1.79976e+06,810565
3981,1.98867e+06,-528893
3982,-1.29742e+06,1.58346e+06
3983,738016,1.89242e+06
3984,-1.31916e+06,-954516
3985,2.00651e+06,-304271
3986,-2.04061e+06,154655
3987,1.10188e+06,-1.79444e+06
3988,-782465,1.93483e+06
3989,-9581.35,-2.09036e+06
3990,-816480,-1.87005e+06
3991,-338051,2.14294e+06
3992,-527756,2.21776e+06
3993,-1.68466e+06,-1.29807e+06
3994,-520816,1.57134e+06
3995,-1.82358e+06,1.58182e+06
3996,-1.26821e+06,2.10146e+06
3997,-1.27222e+06,-1.55603e+06
3998,1.34287e+06,297478
3999,-544691,-2.13834e+06
4000,846475,1.8862e+06
4001,1.6233e+06,1.58476e+06
4002,-1.50144e+06,-252137
4003,-2.08719e+06,446836
4004,2.09303e+06,664513
4005,-1.93854e+06,-938204
4006,528407,-2.01388e+06
4007,135233,-2.05557e+06
4008,-1.92055e+06,154819
4009,-772498,-1.151e+06
4010,1.27885e+06,-1.48813e+06
4011,-223623,-2.12207e+06
4012,887737,-1.95653e+06
4013,-2.03887e+06,-845589
4014,-1.73469e+06,1.09686e+06
4015,1.31921e+06,-434766
4016,-1.16688e+06,1.66587e+06
4017,-1.68579e+06,-1.22138e+06
4018,-1.65389e+06,-1.00576e+06
4019,-2.07262e+06,-91754.4
4020,-1.18473e+06,2.12386e+06
4021,1.63069e+06,-340548
4022,2.80954e+06,703170
4023,1.80199e+06,-977874
4024,132039,-1.85391e+06
4025,2.00632e+06,-680708
4026,1.19642e+06,1.67886e+06
4027,1.13324e+06,2.09771e+06
4028,-1.73674e+06,923164
4029,1.42252e+06,630931
4030,-2.48033e+06,588073
4031,-1.78838e+06,-1.3661e+06
4032,1.79945e+06,903263
4033,-1.62817e+06,1.2783e+06
4034,-572962,-2.57798e+06
4035,329179,-2.02961e+06
4036,1.51946e+06,938587
4037,2.08012e+06,471884
4038,1.93175e+06,-1.35629e+06
4039,-1.75505e+06,526559
4040,113299,1.73356e+06
4041,1.92033e+06,-492853
4042,-2.08805e+06,562756
4043,-2.22259e+06,-1.54885e+06
4044,907972,2.11906e+06
4045,-1.36385e+06,-1.3887e+06
4046,770660,1.94354e+06
4047,-1.23887e+06,-1.63757e+06
4048,-2.01367e+06,-303561
4049,1.42564e+06,33995.6
4050,1.04477e+06,-2.24711e+06
4051,1.8116e+06,-919598
4052,1.03919e+06,-1.89601e+06
4053,-1.35032e+06,1.57496e+06
4054,-991549,1.62532e+06
4055,-1.05331e+06,-2.36855e+06
4056,958255,1.81117e+06
4057,-734983,-2.16084e+06
4058,2.0011e+06,333824
4059,-2.2425e+06,-815571
4060,1.72248e+06,1.09352e+06
4061,1.00182e+06,-2.03214e+06
4062,-1.90187e+06,761400
4063,1.9211e+06,648574
4064,1.4913e+06,1.2596e+06
4065,-1.5462e+06,1.26807e+06
4066,-842471,-1.82726e+06
4067,853361,-1.78812e+06
4068,1.512e+06,918698
4069,-861200,-1.90742e+06
4070,1.33961e+06,-1.52017e+06
4071,-590121,2.00413e+06
4072,-1.90294e+06,-1.67571e+06
4073,-1.77507e+06,1.02887e+06
4074,288951,1.94863e+06
4075,1.21627e+06,1.67743e+06
4076,-1.70067e+06,737954
4077,-677493,-1.66644e+06
4078,1.98747e+06,345830
4079,2.05492e+06,-9294.6
4080,928029,1.7572e+06
4081,-1.84557e+06,900843
4082,2.24574e+06,-643609
4083,-1.989e+06,81103.4
4084,-1.04993e+06,1.59394e+06
4085,-2.40871e+06,1.06014e+06
4086,335474,2.03923e+06
4087,1.15447e+06,-1.5311e+06
4088,1.7093e+06,-1.65436e+06
4089,602977,-1.96996e+06
4090,44075.2,2.0324e+06
4091,554583,1.91996e+06
4092,-690927,1.39402e+06
4093,-1.48492e+06,1.3388e+06
4094,1.30236e+06,1.53076e+06
4095,847977,1.82356e+06
4096,784722,1.87679e+06
4097,-157697,2.00832e+06
4098,-1.70499e+06,1.09697e+06
4099,350421,-1.60148e+06
4100,-444772,2.00587e+06
4101,170506,2.00942e+06
4102,-168924,1.96865e+06
4103,-1.74088e+06,-548343
4104,1.98716e+06,-522505
4105,445603,1.86502e+06
4106,2.02715e+06,645554
4107,-933232,-2.01095e+06
4108,1.8844e+06,799579
4109,-674967,-1.67841e+06
4110,-1.05644e+06,-1.68247e+06
4111,-634196,-1.82068e+06
4112,-1.30034e+06,-1.48371e+06
4113,-267227,1.99844e+06
4114,1.93211e+06,414001
4115,2.14572e+06,-164643
4116,51393.1,-2.26644e+06
4117,-1.29595e+06,-1.30664e+06
4118,-1.07691e+06,1.61288e+06
4119,1.97747e+06,1.20778e+06
4120,-28572.1,1.8708e+06
4121,-86643.4,2.01052e+06
4122,1.3202e+06,-1.6133e+06
4123,-77834.6,2.01664e+06
4124,487137,1.76163e+06
4125,-1.67241e+06,-816275
4126,-2.05316e+06,462257
4127,1.01031e+06,1.78879e+06
4128,1.87686e+06,-406170
4129,-719013,-1.59411e+06
4130,1.91013e+06,714164
4131,747502,1.91214e+06
4132,292670,-1.99508e+06
4133,-791601,-1.79149e+06
4134,-1.27832e+06,-1.77605e+06
4135,1.80195e+06,836201
4136,12083.7,-2.058e+06
4137,-1.73538e+06,-1.04366e+06
4138,1.84065e+06,-839608
4139,-1.0437e+06,-2.24741e+06
4140,113003,2.00461e+06
4141,1.27542e+06,1.43844e+06
4142,-856583,1.89832e+06
4143,-756107,-1.64125e+06
4144,-784516,1.82069e+06
4145,2.02769e+06,696015
4146,1.94719e+06,297291
4147,1.85842e+06,-210940
4148,-825930,1.79841e+06
4149,-1.43155e+06,-1.21347e+06
4150,-1.6565e+06,1.13446e+06
4151,-1.70503e+06,-1.08235e+06
4152,1.69207e+06,-456197
4153,-1.08427e+06,2.44739e+06
4154,1.59214e+06,-1.87021e+06
4155,-1.92741e+06,-384617
4156,551902,-1.85293e+06
4157,1.45748e+06,-1.49327e+06
4158,1.97686e+06,10581.1
4159,2.04342e+06,1.54378e+06
4160,1.66468e+06,-843456
4161,1.96109e+06,-41692.2
4162,350175,-2.00848e+06
4163,-2.16413e+06,-1.21519e+06
4164,-1.52882e+06,1.52091e+06
4165,2.17802e+06,351462
4166,-172596,-2.00421e+06
4167,954539,-1.07085e+06
4168,-2.00032e+06,-43619.7
4169,493193,-1.93359e+06
4170,-1.5825e+06,796237
4171,-781665,-1.91977e+06
4172,-2.36148e+06,2.10604e+06
4173,1.9346e+06,225576
4174,-935061,-1.9704e+06
4175,616494,-1.87294e+06
4176,1.76477e+06,-966455
4177,1.01268e+06,-1.23623e+06
4178,-845514,1.66714e+06
4179,-1.91782e+06,277957
4180,-1.93242e+06,457588
4181,1.14703e+06,1.69989e+06
4182,1.94043e+06,-569167
4183,440095,-1.92729e+06
4184,1.7883e+06,969694
4185,-946482,1.54388e+06
4186,-92193.2,-1.73043e+06
4187,1.78406e+06,864844
4188,-1.87973e+06,-830960
4189,-1.15963e+06,-1.51766e+06
4190,1.49691e+06,1.22459e+06
4191,-968426,1.78027e+06
4192,-1.99145e+06,-537487
4193,-1.04306e+06,1.68941e+06
4194,110229,-2.00156e+06
4195,521531,2.36863e+06
4196,-1.78411e+06,426843
4197,-1.88279e+06,-705821
4198,1.96493e+06,-434940
4199,-16910.7,-2.19396e+06
4200,-1.23304e+06,-1.49752e+06
4201,-1.99409e+06,1.46646e+06
4202,1.38029e+06,1.78615e+06
4203,-1.85022e+06,-369656
4204,-1.16468e+06,1.66085e+06
4205,1.09104e+06,445876
4206,-1.22338e+06,-1.52858e+06
4207,1.09102e+06,1.39101e+06
4208,2.01486e+06,-259634
4209,-990128,-1.48566e+06
4210,-1.5809e+06,489451
4211,2.01331e+06,306164
4212,307605,2.00523e+06
4213,-1.861e+06,79767.2
4214,-1.76332e+06,-1.00192e+06
4215,-970119,-1.6363e+06
4216,1.81004e+06,-909137
4217,-691510,1.86944e+06
4218,-1.69619e+06,-1.01391e+06
4219,-902605,-1.82466e+06
4220,1.3608e+06,1.46511e+06
4221,-1.02833e+06,-399801
4222,-620988,2.17256e+06
4223,1.30821e+06,-617375
4224,-1.91877e+06,532688
4225,1.16781e+06,-1.25555e+06
4226,1.79546e+06,-437318
4227,-1.81436e+06,-888765
4228,-71574.9,1.89075e+06
4229,-126393,1.99394e+06
4230,1.25514e+06,1.58028e+06
4231,1.10908e+06,-1.46762e+06
4232,-861928,-2.13484e+06
4233,1.85913e+06,-296222
4234,1.24486e+06,-1.50271e+06
4235,-1.39236e+06,1.34785e+06
4236,-1.02655e+06,-1.74052e+06
4237,541513,-1.73296e+06
4238,-1.00977e+06,1.65241e+06
4239,-686811,-2.19866e+06
4240,1.81773e+06,-768878
4241,-1.42499e+06,-1.37862e+06
4242,1.87888e+06,-654017
4243,1.07322e+06,-1.48218e+06
4244,1.76412e+06,891736
4245,-1.96137e+06,59057.8
4246,226599,1.86608e+06
4247,1.80663e+06,1.46719e+06
4248,931030,1.313e+06
4249,-1.45607e+06,-1.16121e+06
4250,-1.65011e+06,-575213
4251,453988,1.76008e+06
4252,-1.70398e+06,887367
4253,1.66269e+06,988561
4254,-1.93899e+06,35737.5
4255,-139384,1.53002e+06
4256,-1.97324e+06,-245662
4257,-860642,1.79136e+06
4258,-1.6775e+06,-1.20839e+06
4259,-590534,1.86218e+06
4260,-1.8297e+06,681616
4261,446490,-1.9594e+06
4262,-1.60591e+06,1.01873e+06
4263,-1.92487e+06,-287922
4264,-789642,1.80171e+06
4265,-1.85938e+06,655186
4266,-1.65773e+06,220652
4267,1.58372e+06,756946
4268,325745,1.99512e+06
4269,-2.16019e+06,-726244
4270,15003.3,-1.49586e+06
4271,339288,-1.96195e+06
4272,-1.24212e+06,-1.34841e+06
4273,-1.38849e+06,1.30318e+06
4274,-1.92205e+06,238829
4275,1.80098e+06,851755
4276,309695,2.50262e+06
4277,-730841,-1.86026e+06
4278,832360,1.79196e+06
4279,-990002,2.4099e+06
4280,96911.9,2.03162e+06
4281,1.85267e+06,126732
4282,-1.28468e+06,651179
4283,-1.69468e+06,825533
4284,771861,-1.78771e+06
4285,-1.93292e+06,-15615
4286,-1.61368e+06,1.28478e+06
4287,-1.81019e+06,-773268
4288,-1.30029e+06,556796
4289,-1.37862e+06,1.376e+06
4290,218124,-2.08444e+06
4291,-275247,2.08077e+06
4292,1.8847e+06,-697353
4293,-1.31705e+06,-1.40034e+06
4294,575789,-1.95721e+06
4295,1.27453e+06,-1.71637e+06
4296,1.74525e+06,-1.0407e+06
4297,-1.53582e+06,-1.30232e+06
4298,1.7551e+06,142056
4299,-499904,1.26069e+06
4300,1.26981e+06,-502114
4301,1.81846e+06,-1.63429e+06
4302,1.85111e+06,106994
4303,1.11573e+06,-1.6302e+06
4304,732884,1.75254e+06
4305,-1.15513e+06,-1.32232e+06
4306,-1.86596e+06,-750554
4307,-1.08185e+06,1.65635e+06
4308,204319,2.42995e+06
4309,38843,2.04011e+06
4310,-92413.7,-1.87878e+06
4311,-1.29649e+06,1.47677e+06
4312,1.98907e+06,-92100.5
4313,2.41193e+06,-351089
4314,1.96037e+06,57735
4315,1.04511e+06,-1.61294e+06
4316,-546811,-1.45435e+06
4317,-1.28006e+06,-1.25598e+06
4318,-284687,1.72532e+06
4319,-1.91101e+06,10562.6
4320,1.65604e+06,-937195
4321,1.48079e+06,1.51362e+06
4322,-1.16519e+06,1.16345e+06
4323,-1.88062e+06,903122
4324,-1.91545e+06,-155871
4325,-1.46215e+06,-1.39308e+06
4326,709161,1.79978e+06
4327,-1.36981e+06,1.45832e+06
4328,1.85603e+06,454859
4329,2.13191e+06,-252551
4330,-2.38572e+06,927063
4331,1.35012e+06,1.32701e+06
4332,2.22841e+06,685743
4333,-1.79959e+06,1.19664e+06
4334,1.662e+06,-937460
4335,844090,1.5263e+06
4336,1.52448e+06,276534
4337,56125,1.89418e+06
4338,2.15096e+06,518808
4339,1.18047e+06,1.33931e+06
4340,-1.96431e+06,-241632
4341,-1.88569e+06,182734
4342,1.33497e+06,1.05962e+06
4343,317843,1.45721e+06
4344,-1.46258e+06,-1.79922e+06
4345,2.25542e+06,-602916
4346,1.71453e+06,1.16021e+06
4347,2.16046e+06,-372722
4348,-2.05606e+06,1.07785e+06
4349,-326794,-1.88158e+06
4350,1.62589e+06,1.92513e+06
4351,803684,-1.55269e+06
4352,894720,1.68944e+06
4353,1.7344e+06,931859
4354,1.79794e+06,-435537
4355,-1.85108e+06,-333720
4356,-109799,1.70451e+06
4357,-1.54388e+06,-1.37504e+06
4358,-852648,1.714e+06
4359,-1.54047e+06,76013.3
4360,629398,1.92585e+06
4361,-476858,1.85509e+06
4362,-689638,1.6973e+06
4363,1.14213e+06,1.60897e+06
4364,768582,-1.84444e+06
4365,-1.68656e+06,830630
4366,984465,1.47205e+06
4367,-1.51713e+06,-1.13437e+06
4368,-1.30896e+06,1.36014e+06
4369,-1.20926e+06,-1.68651e+06
4370,-1.89029e+06,714213
4371,-739147,-1.7585e+06
4372,2.19931e+06,-821096
4373,-1.76286e+06,-425724
4374,-2.34084e+06,-1.89175e+06
4375,1.90793e+06,-50219.8
4376,1.84923e+06,195813
4377,1.0366e+06,710757
4378,-665867,1.77872e+06
4379,-1.35068e+06,-1.43351e+06
4380,1.92154e+06,547528
4381,-479038,-2.00516e+06
4382,1.3502e+06,1.96309e+06
4383,-537204,-2.06146e+06
4384,-1.43196e+06,-1.32451e+06
4385,175633,2.07031e+06
4386,632303,1.8576e+06
4387,876362,-1.12115e+06
4388,-1.87776e+06,687324
4389,1.69272e+06,889831
4390,1.37431e+06,-1.20423e+06
4391,1.38288e+06,1.52697e+06
4392,1.60305e+06,830771
4393,74390.7,-1.92875e+06
4394,1.74129e+06,-743944
4395,849138,-1.37354e+06
4396,-1.46317e+06,700678
4397,-1.65536e+06,-816450
4398,871909,1.69586e+06
4399,1.88995e+06,970516
4400,593772,1.86861e+06
4401,-593931,1.58561e+06
4402,-1.70688e+06,272335
4403,2.15406e+06,928495
4404,-816609,-1.87823e+06
4405,1.05037e+06,1.61199e+06
4406,-1.82765e+06,413757
4407,-117421,1.56855e+06
4408,1.36918e+06,-490512
4409,-945837,-1.6984e+06
4410,1.5164e+06,-1.29156e+06
4411,-377215,1.8723e+06
4412,-625028,1.63285e+06
4413,-1.13721e+06,-1.38926e+06
4414,614286,-1.79119e+06
4415,-1.01695e+06,-1.71802e+06
4416,1.75714e+06,1.04134e+06
4417,1.64022e+06,885445
4418,-1.8172e+06,309783
4419,-2.32947e+06,-126784
4420,1.3762e+06,1.42909e+06
4421,26330.2,1.336e+06
4422,1.9289e+06,235568
4423,1.19022e+06,-1.43098e+06
4424,-782610,-1.65693e+06
4425,-608022,1.74276e+06
4426,-235045,-2.08077e+06
4427,1.1203e+06,1.45779e+06
4428,-967640,-1.81077e+06
4429,1.14973e+06,-1.59365e+06
4430,-120399,-1.80609e+06
4431,-2.04166e+06,158614
4432,876440,-2.19267e+06
4433,-1.70241e+06,399924
4434,1.15005e+06,-1.46509e+06
4435,-891060,1.62865e+06
4436,1.7946e+06,-60552.2
4437,942685,947625
4438,-1.84204e+06,449043
4439,536108,-1.84281e+06
4440,1.64329e+06,417775
4441,898548,1.61613e+06
4442,-1.2995e+06,875508
4443,1.61106e+06,987280
4444,1.16064e+06,-1.13584e+06
4445,-366681,2.06433e+06
4446,-967478,1.55456e+06
4447,1.80754e+06,19481.1
4448,-1.66407e+06,814823
4449,-1.54339e+06,1.02223e+06
4450,1.59323e+06,901276
4451,1.2492e+06,1.42206e+06
4452,1.61383e+06,-979795
4453,-2.08008e+06,-972211
4454,1.25947e+06,1.38348e+06
4455,-1.49101e+06,1.20173e+06
4456,-1.02999e+06,1.53513e+06
4457,1.73058e+06,880533
4458,-1.38976e+06,1.23681e+06
4459,-1.10411e+06,1.64372e+06
4460,-1.77761e+06,-715420
4461,-37126.7,-1.88793e+06
4462,-773778,1.73418e+06
4463,-1.4711e+06,1.19606e+06
4464,1.71145e+06,1.35214e+06
4465,200563,1.91476e+06
4466,252404,-1.84216e+06
4467,1.48981e+06,473970
4468,1.65165e+06,733715
4469,733774,2.33622e+06
4470,1.79093e+06,355175
4471,1.75646e+06,-714600
4472,-1.51213e+06,1.26837e+06
4473,898191,-1.0401e+06
4474,973675,1.66924e+06
4475,2.06705e+06,-704540
4476,-845551,1.67219e+06
4477,-415176,-1.61e+06
4478,-2.31064e+06,1.22484e+06
4479,-1.78835e+06,-258841
4480,-62240.1,1.89684e+06
4481,-298806,1.84248e+06
4482,800574,1.72956e+06
4483,-818491,1.82707e+06
4484,-857526,562193
4485,1.88949e+06,-591959
4486,1.91884e+06,-363540
4487,1.43481e+06,-208526
4488,271249,-1.74979e+06
4489,-1.05202e+06,-1.56925e+06
4490,22393.3,1.91361e+06
4491,1.8736e+06,-398040
4492,-967620,-1.63076e+06
4493,-713490,-1.92443e+06
4494,209091,-1.87288e+06
4495,-1.94126e+06,461214
4496,-118064,1.88082e+06
4497,1.6536e+06,-849854
4498,1.56844e+06,25398.3
4499,1.74917e+06,545559
4500,1.25307e+06,-1.32328e+06
4501,-433117,1.81966e+06
4502,-444039,1.76723e+06
4503,1.26344e+06,-1.38132e+06
4504,-1.62623e+06,-874575
4505,-1.31035e+06,-1.43726e+06
4506,-1.88231e+06,-163688
4507,-1.61495e+06,929825
4508,-1.80986e+06,-240624
4509,-1.56954e+06,-1.03725e+06
4510,1.67723e+06,-825218
4511,-1.27309e+06,1.43836e+06
4512,-1.15585e+06,-1.47379e+06
4513,-1.39353e+06,1.0267e+06
4514,-265070,1.84965e+06
4515,-1.35656e+06,1.65424e+06
4516,1.73061e+06,1.29767e+06
4517,1.76492e+06,1.16453e+06
4518,-1.55777e+06,-356890
4519,148538,-1.8321e+06
4520,1.45742e+06,1.31441e+06
4521,1.71374e+06,-759322
4522,907174,-1.57166e+06
4523,-2.70183e+06,31497.5
4524,-763815,1.52289e+06
4525,1.40033e+06,892180
4526,1.70945e+06,-717879
4527,-1.21195e+06,1.25402e+06
4528,-694955,-1.74145e+06
4529,559155,-2.02883e+06
4530,28802.6,-1.85352e+06
4531,1.69291e+06,-632710
4532,1.4949e+06,-1.50611e+06
4533,-1.60286e+06,943970
4534,-1.59728e+06,981774
4535,-1.67484e+06,-764132
4536,246003,-1.68574e+06
4537,-1.47563e+06,1.10883e+06
4538,1.46598e+06,1.33899e+06
4539,-1.24529e+06,-1.36711e+06
4540,-688804,-1.78355e+06
4541,1.695e+06,696265
4542,684901,-1.72403e+06
4543,-564731,-1.65142e+06
4544,-469689,1.68322e+06
4545,-1.85564e+06,5300.55
4546,-118807,-1.89386e+06
4547,-1.39866e+06,-189134
4548,-1.03064e+06,1.55783e+06
4549,-1.80415e+06,452338
4550,1.20321e+06,-1.28112e+06
4551,660778,1.67914e+06
4552,-593336,1.74055e+06
4553,1.45324e+06,1.03772e+06
4554,-1.49091e+06,1.0781e+06
4555,-1.53117e+06,-1.17729e+06
4556,-166503,1.61947e+06
4557,448624,1.78729e+06
4558,-108332,1.70395e+06
4559,-998336,1.53769e+06
4560,-507471,1.63406e+06
4561,-1.38887e+06,873082
4562,1.77686e+06,272743
4563,-810350,1.21871e+06
4564,-1.78428e+06,-300366
4565,2.02525e+06,-163385
4566,-1.56412e+06,-978742
4567,-2.08848e+06,773040
4568,481735,1.9184e+06
4569,-1.8528e+06,61502.5
4570,-891163,1.68595e+06
4571,81020.3,1.87154e+06
4572,-640014,-2.05869e+06
4573,624736,-1.49007e+06
4574,603230,-1.61648e+06
4575,512693,-1.74594e+06
4576,1.69882e+06,384617
4577,1.28751e+06,-195669
4578,-474776,-1.7712e+06
4579,487335,-1.57711e+06
4580,1.04527e+06,1.54006e+06
4581,975046,-1.4267e+06
4582,2.33396e+06,-116578
4583,-1.45836e+06,-1.08156e+06
4584,1.43142e+06,-1.96772e+06
4585,-1.0613e+06,1.67106e+06
4586,-637513,-1.68009e+06
4587,1.46914e+06,1.08676e+06
4588,-1.27506e+06,-1.20262e+06
4589,-1.75858e+06,1.7019e+06
4590,-1.39384e+06,1.10949e+06
4591,-921691,1.65753e+06
4592,-1.17544e+06,1.20003e+06
4593,1.60469e+06,-1.17288e+06
4594,-1.92033e+06,-545045
4595,1.52123e+06,1.11433e+06
4596,-674905,1.73905e+06
4597,1.39956e+06,-1.06181e+06
4598,775553,1.31309e+06
4599,1.78642e+06,306650
4600,-1.25563e+06,1.31894e+06
4601,-201286,-1.63017e+06
4602,1.52113e+06,-1.3628e+06
4603,-671224,-1.70939e+06
4604,-1.78622e+06,11496.1
4605,1.81473e+06,566087
4606,-1.02144e+06,-1.58992e+06
4607,818948,-1.47885e+06
4608,-97379.1,-1.32551e+06
4609,105816,-2.00524e+06
4610,-301820,-1.76978e+06
4611,579011,-2.03059e+06
4612,1.5187e+06,1.08616e+06
4613,169611,-1.67041e+06
4614,-560955,-1.3693e+06
4615,-1.46427e+06,-1.02451e+06
4616,1.38007e+06,-660948
4617,954492,-1.68162e+06
4618,-1.76549e+06,-69860.5
4619,1.82846e+06,-135257
4620,219495,-1.80335e+06
4621,1.08492e+06,1.50877e+06
4622,1.98838e+06,137904
4623,1.58433e+06,950717
4624,-600067,-1.96931e+06
4625,-981455,-1.69455e+06
4626,942921,-2.02142e+06
4627,-1.12001e+06,-18919.3
4628,-893831,1.24602e+06
4629,-1.38304e+06,922169
4630,1.86339e+06,253246
4631,-445090,1.74873e+06
4632,-1.60516e+06,1.42043e+06
4633,1.86817e+06,836199
4634,-142017,1.6834e+06
4635,1.12897e+06,-1.16664e+06
4636,1.20421e+06,-1.34468e+06
4637,-913104,-1.56696e+06
4638,-21095.2,2.00352e+06
4639,-652841,2.0586e+06
4640,-1.55991e+06,1.01144e+06
4641,1.65191e+06,783988
4642,-363757,-1.75449e+06
4643,645308,1.66374e+06
4644,-2.01153e+06,980590
4645,-507738,1.76881e+06
4646,-1.79303e+06,-362424
4647,1.8178e+06,-102458
4648,1.41993e+06,811153
4649,1.05491e+06,-1.28732e+06
4650,1.5842e+06,-516641
4651,-1.55202e+06,-862183
4652,1.27526e+06,1.33117e+06
4653,-1.2115e+06,1.26442e+06
4654,237778,-1.77914e+06
4655,1.31893e+06,-405923
4656,-775570,-1.64967e+06
4657,1.76647e+06,-1.34149e+06
4658,-1.26748e+06,-1.52433e+06
4659,198107,1.16425e+06
4660,-764875,1.89897e+06
4661,-668264,1.5021e+06
4662,-1.99195e+06,-631594
4663,-187778,1.68557e+06
4664,-1.6104e+06,-811539
4665,-866402,-1.65518e+06
4666,-766309,1.88921e+06
4667,-1.85236e+06,-285644
4668,-1.06963e+06,-1.14734e+06
4669,585385,1.64171e+06
4670,-1.92603e+06,-872428
4671,1.46686e+06,1.08506e+06
4672,-1.29922e+06,-921739
4673,994368,1.52548e+06
4674,-1.74683e+06,352877
4675,556633,-1.70009e+06
4676,-1.76906e+06,142577
4677,1.41832e+06,-1.00238e+06
4678,-1.3803e+06,-534314
4679,1.37198e+06,-71750.7
4680,-505195,1.78896e+06
4681,559229,-1.74509e+06
4682,863841,-1.65295e+06
4683,-2.10513e+06,773158
4684,-1.69635e+06,406341
4685,1.30599e+06,1.44567e+06
4686,-1.28637e+06,1.3164e+06
4687,-422922,1.80293e+06
4688,-178038,-1.75119e+06
4689,1.6011e+06,-606110
4690,1.58977e+06,1.17489e+06
4691,1.61256e+06,-22413
4692,-269020,1.81656e+06
4693,-389573,1.74453e+06
4694,1.81236e+06,-360089
4695,176700,-1.76625e+06
4696,-1.39874e+06,1.11724e+06
4697,-979856,1.45175e+06
4698,1.72723e+06,963748
4699,1.70109e+06,355867
4700,991479,-1.31506e+06
4701,240542,-1.82866e+06
4702,-1.77092e+06,-25873.7
4703,-431339,1.66973e+06
4704,269284,1.71356e+06
4705,557390,1.69127e+06
4706,-1.58865e+06,-230030
4707,1.14076e+06,-1.51462e+06
4708,2.72959e+06,-359765
4709,415085,-1.60947e+06
4710,693351,-1.65169e+06
4711,1.5919e+06,-545174
4712,-71690.4,1.81473e+06
4713,133513,-1.39224e+06
4714,-1.56266e+06,841602
4715,-1.09775e+06,1.28216e+06
4716,-1.18202e+06,1.40531e+06
4717,-550566,1.75372e+06
4718,-1.13853e+06,-1.17012e+06
4719,-255020,-1.57601e+06
4720,684948,1.01498e+06
4721,-1.5728e+06,-638082
4722,1.67803e+06,-700156
4723,-1.49523e+06,-634742
4724,929737,990454
4725,-2.13121e+06,252763
4726,273114,2.17553e+06
4727,1.97236e+06,-1.09199e+06
4728,1.95012e+06,1.3639e+06
4729,-1.31992e+06,-1.48575e+06
4730,-1.64918e+06,-647225
4731,-1.82407e+06,-62492.9
4732,620774,-1.65082e+06
4733,969936,1.39558e+06
4734,1.73814e+06,89879.4
4735,630508,1.68432e+06
4736,866978,-1.53688e+06
4737,-1.88688e+06,785545
4738,-691209,1.68522e+06
4739,1.50978e+06,877114
4740,-2.35527e+06,236760
4741,-1.51358e+06,439860
4742,856204,-2.00269e+06
4743,-2.1151e+06,924368
4744,1.64335e+06,587941
4745,1.21581e+06,1.53513e+06
4746,-1.31237e+06,1.44331e+06
4747,1.35861e+06,-1.1659e+06
4748,-277196,1.57207e+06
4749,678150,1.5251e+06
4750,-217849,1.53154e+06
4751,1.04706e+06,-1.4852e+06
4752,-1.68624e+06,51339.2
4753,-1.19526e+06,1.41188e+06
4754,-1.54801e+06,898058
4755,-1.56824e+06,-555967
4756,-1.18766e+06,2.08105e+06
4757,164320,1.7797e+06
4758,-1.3534e+06,736297
4759,-1.12198e+06,-1.29761e+06
4760,-863003,-1.71545e+06
4761,-1.79967e+06,53894.7
4762,1.50958e+06,787291
4763,-2.04277e+06,522445
4764,1.81458e+06,-605454
4765,-1.50011e+06,-873964
4766,-1.86444e+06,-349308
4767,1.52438e+06,814285
4768,-89395.7,-1.62947e+06
4769,-320797,1.75549e+06
4770,821374,-1.61715e+06
4771,-1.8042e+06,-383849
4772,-1.48374e+06,-767870
4773,-345580,-1.6165e+06
4774,-959589,710422
4775,-1.84293e+06,-489546
4776,262811,-1.71305e+06
4777,-1.62276e+06,-756408
4778,1.56759e+06,708998
4779,815897,1.45132e+06
4780,-1.21539e+06,-1.45707e+06
4781,1.49871e+06,-1.70626e+06
4782,1.63505e+06,-634152
4783,-954577,-592257
4784,-1.03339e+06,-1.32363e+06
4785,1.45336e+06,-949211
4786,1.75562e+06,-154775
4787,-616517,-1.75443e+06
4788,951200,1.43546e+06
4789,-349453,-1.783e+06
4790,1.18714e+06,-1.56582e+06
4791,-1.20383e+06,1.36936e+06
4792,-138885,2.00665e+06
4793,322729,1.7322e+06
4794,315414,1.73632e+06
4795,767010,1.47248e+06
4796,-11225.1,1.78649e+06
4797,-871580,-1.47093e+06
4798,-374301,1.71849e+06
4799,-1.01151e+06,1.13705e+06
4800,1.43534e+06,567118
4801,-1.77147e+06,507415
4802,-1.29106e+06,252540
4803,-416075,1.70756e+06
4804,-2.01098e+06,-323853
4805,-1.71576e+06,420852
4806,540003,-1.7151e+06
4807,-80075.8,1.80593e+06
4808,-129863,-1.8784e+06
4809,196331,1.78116e+06
4810,-1.40847e+06,-1.63998e+06
4811,732020,-1.63829e+06
4812,873193,2.35132e+06
4813,-1.73106e+06,-637628
4814,-1.84664e+06,846156
4815,1.12506e+06,1.27662e+06
4816,203142,1.82974e+06
4817,-645190,-1.64449e+06
4818,-896185,-1.95588e+06
4819,1.4893e+06,-1.0975e+06
4820,1.7759e+06,-632480
4821,233282,-1.88414e+06
4822,1.58499e+06,-808512
4823,-1.21441e+06,1.28682e+06
4824,-44086.6,1.8097e+06
4825,-69358.9,1.97498e+06
4826,-764808,1.10355e+06
4827,1.76711e+06,-110238
4828,2.14399e+06,238467
4829,-43906.2,-1.76769e+06
4830,-2.87766e+06,646775
4831,1.03252e+06,-1.3767e+06
4832,-163992,-1.68403e+06
4833,-1.50075e+06,885319
4834,-1.7848e+06,-435250
4835,1.48725e+06,1.75084e+06
4836,1.3079e+06,1.62681e+06
4837,-1.29505e+06,579679
4838,120569,-1.74518e+06
4839,918627,1.98871e+06
4840,888179,-1.58175e+06
4841,1.22805e+06,-963063
4842,1.11926e+06,38623.8
4843,1.67662e+06,920203
4844,517726,-1.72624e+06
4845,-768450,-1.59142e+06
4846,-1.51682e+06,-676008
4847,-1.25147e+06,1.37906e+06
4848,1.53903e+06,-1.06225e+06
4849,564617,1.57012e+06
4850,-1.44904e+06,-983971
4851,2.06504e+06,-548425
4852,-1.2319e+06,-671013
4853,-1.57839e+06,-827906
4854,-208367,-1.83563e+06
4855,-1.0291e+06,-1.49781e+06
4856,1.9558e+06,-687513
4857,1.48203e+06,-809190
4858,-664533,-1.62861e+06
4859,-1.39381e+06,1.21027e+06
4860,1.32688e+06,-1.1066e+06
4861,1.66679e+06,-621472
4862,-1.36873e+06,736848
4863,1.20463e+06,-1.38512e+06
4864,-1.0815e+06,490195
4865,-471404,1.71206e+06
4866,359947,2.32065e+06
4867,-1.65326e+06,538963
4868,1.40911e+06,1.89361e+06
4869,-1.63095e+06,-603535
4870,219101,2.66794e+06
4871,946080,1.2138e+06
4872,1.10831e+06,551153
4873,-1.12218e+06,-60653.8
4874,556212,-1.66292e+06
4875,1.41182e+06,1.06318e+06
4876,-1.56508e+06,-1.62013e+06
4877,1.31693e+06,-373418
4878,1.65982e+06,-1.40768e+06
4879,-567586,-1.32642e+06
4880,589151,1.69798e+06
4881,429448,2.17813e+06
4882,1.29588e+06,1.11444e+06
4883,-626246,1.96967e+06
4884,972538,1.4092e+06
4885,1.4097e+06,-1.02389e+06
4886,801837,-1.65143e+06
4887,1.51482e+06,893088
4888,1.2976e+06,-1.16918e+06
4889,-1.40413e+06,-1.54286e+06
4890,-1.5788e+06,-1.33756e+06
4891,-638226,1.6623e+06
4892,970132,1.43543e+06
4893,1.73805e+06,279490
4894,69856.1,1.4188e+06
4895,-1.40951e+06,-1.02509e+06
4896,-769762,-1.59751e+06
4897,457785,-1.9111e+06
4898,-689938,1.63849e+06
4899,-1.48079e+06,951165
4900,1.3351e+06,-928840
4901,-1.53659e+06,836185
4902,1.69136e+06,278547
4903,1.7538e+06,-230353
4904,-1.10683e+06,-594203
4905,-449235,-1.71255e+06
4906,-1.73875e+06,413560
4907,221328,-1.72095e+06
4908,-1.68182e+06,562790
4909,1.55739e+06,-762457
4910,-1.52514e+06,-825477
4911,877502,1.70366e+06
4912,1.61246e+06,768646
4913,1.68698e+06,625188
4914,1.73109e+06,-274791
4915,-1.31931e+06,-1.36283e+06
4916,1.97131e+06,-1.26409e+06
4917,-1.34894e+06,1.30058e+06
4918,-2.03174e+06,121596
4919,-1.76671e+06,-2.21211e+06
4920,1.54557e+06,871561
4921,439648,1.1902e+06
4922,-1.08529e+06,-1.41442e+06
4923,1.7159e+06,-62992.3
4924,1.10609e+06,-1.48293e+06
4925,-499097,1.74891e+06
4926,1.31995e+06,1.3721e+06
4927,-143868,-1.70517e+06
4928,1.089e+06,-1.3424e+06
4929,716809,1.47259e+06
4930,1.81223e+06,-474956
4931,1.74494e+06,103091
4932,1.95858e+06,-93977.4
4933,1.45395e+06,1.28782e+06
4934,1.13208e+06,1.01404e+06
4935,640034,-1.10855e+06
4936,1.62926e+06,607276
4937,-876730,1.50476e+06
4938,-1.78015e+06,500554
4939,-1.71956e+06,296024
4940,229039,-1.69818e+06
4941,1.51094e+06,-454157
4942,-503073,-1.44458e+06
4943,-959484,1.53373e+06
4944,1.69005e+06,461133
4945,1.15947e+06,-19704.7
4946,832306,842701
4947,-542023,1.70901e+06
4948,-355796,-1.83851e+06
4949,-56708.2,-1.89292e+06
4950,831070,1.57937e+06
4951,739658,1.63315e+06
4952,-2.05673e+06,-589391
4953,-1.33643e+06,-1.83722e+06
4954,-1.10212e+06,-1.31222e+06
4955,-1.43936e+06,1.06608e+06
4956,-673603,1.64209e+06
4957,1.40538e+06,1.00177e+06
4958,-343479,1.74617e+06
4959,1.29376e+06,-1.15629e+06
4960,1.5963e+06,-1.00022e+06
4961,-446102,1.86295e+06
4962,-1.63126e+06,566889
4963,-1.80269e+06,-790385
4964,1.1645e+06,1.44498e+06
4965,-958376,1.22049e+06
4966,1.8319e+06,-443632
4967,-1.23842e+06,-723412
4968,-126977,1.79897e+06
4969,1.1812e+06,1.28819e+06
4970,-1.04697e+06,-1.4674e+06
4971,1.62376e+06,818563
4972,492831,1.3071e+06
4973,1.67334e+06,515853
4974,317775,-1.70968e+06
4975,858995,-1.52877e+06
4976,-445762,-1.69076e+06
4977,-1.18757e+06,-1.25911e+06
4978,1.77493e+06,522981
4979,1.21416e+06,1.67315e+06
4980,2.20851e+06,-213632
4981,603230,-1.61078e+06
4982,-1.46758e+06,981512
4983,545669,1.65395e+06
4984,-1.48205e+06,-842982
4985,-200332,-1.73138e+06
4986,-1.71352e+06,-540843
4987,-1.71542e+06,48244.3
4988,-1.53737e+06,-736121
4989,2.64744e+06,604318
4990,-1.07006e+06,1.40559e+06
4991,998261,-1.45199e+06
4992,1.59741e+06,492856
4993,-1.43411e+06,-902843
4994,155260,-1.70153e+06
4995,-63357.8,1.73122e+06
4996,-1.72299e+06,235840
4997,383841,1.81574e+06
4998,-1.70429e+06,357734
4999,-1.00631e+06,1.40817e+06
