body_index,force_x,force_y
0,4602.64,-3127.47
1,-1.10343e+08,1.13929e+08
2,3.56111e+07,1.33719e+08
3,-6.16478e+06,1.50571e+08
4,9.16091e+07,1.16807e+08
5,6.23175e+07,-1.31242e+08
6,-1.10062e+08,-9.44712e+07
7,1.30191e+08,-1.14858e+07
8,-1.41153e+08,7.31402e+06
9,8.65019e+07,-1.24528e+08
10,9.62093e+07,-9.8481e+07
11,1.36511e+08,1.07256e+07
12,4.0304e+07,1.26575e+08
13,-1.29333e+08,-337011
14,8.71973e+07,-9.99547e+07
15,-1.30454e+08,-1.18233e+07
16,1.32469e+08,4.75106e+06
17,-1.20899e+08,-1.12413e+07
18,-9.14961e+07,7.63063e+07
19,-5.76744e+06,-1.17538e+08
20,1.19406e+08,1.07821e+07
21,9.03951e+06,1.12427e+08
22,5.75826e+07,9.54704e+07
23,9.72778e+07,-4.33719e+07
24,2.54074e+07,-1.03398e+08
25,-4.73879e+07,-9.10831e+07
26,-9.60097e+07,3.23151e+07
27,-7.11397e+07,7.8931e+07
28,-9.86526e+07,2.55679e+07
29,-3.50688e+07,9.37243e+07
30,-7.47111e+07,-6.91108e+07
31,4.95025e+07,8.53635e+07
32,-1.03159e+08,-1.97994e+06
33,-6.13185e+07,-6.1969e+07
34,-5.23747e+07,8.11596e+07
35,-4.73062e+06,-9.37567e+07
36,-9.18141e+07,-7.97513e+06
37,5.28475e+07,7.52864e+07
38,-8.4519e+07,-3.6406e+07
39,-4.53571e+07,-8.5923e+07
40,8.33416e+07,-4.0905e+07
41,4.06133e+07,-8.06309e+07
42,-8.57989e+07,-2.85877e+07
43,8.59867e+07,2.60738e+07
44,-4.69446e+07,-7.65314e+07
45,-6.98413e+06,8.4808e+07
46,-8.12664e+07,-2.33238e+07
47,4.4906e+07,6.06282e+07
48,7.69308e+07,2.98228e+07
49,-3.53467e+07,-6.90918e+07
50,-1.10892e+07,8.17958e+07
51,5.50798e+07,-5.96166e+07
52,-2.63993e+07,7.96492e+07
53,-7.48022e+07,1.7672e+07
54,-3.09769e+07,-7.57663e+07
55,-7.97046e+07,-1.81445e+07
56,2.59412e+07,7.23344e+07
57,4.61167e+07,7.43597e+07
58,-5.64757e+07,-5.46831e+07
59,-1.53857e+07,-7.46623e+07
60,-6.77503e+07,-2.96432e+07
61,-7.0904e+07,2.09868e+07
62,-4.89772e+07,-4.51534e+07
63,-4.16579e+07,-5.75107e+07
64,-1.75042e+07,-7.27746e+07
65,-5.45557e+07,4.12065e+07
66,3.46908e+07,6.34128e+07
67,-6.99444e+07,2.17895e+07
68,-6.95233e+07,1.09777e+07
69,-3.92197e+07,-6.21483e+07
70,5.22852e+07,-4.2918e+07
71,6.41546e+07,-2.62258e+07
72,-6.60753e+07,-1.59033e+07
73,-2.05723e+06,-6.47237e+07
74,-6.49206e+07,-3.23397e+07
75,-3.94554e+07,-5.18653e+07
76,4.00903e+07,4.96482e+07
77,3.4451e+07,-4.681e+07
78,2.78534e+07,5.60772e+07
79,1.43784e+07,-6.18907e+07
80,5.34945e+07,2.29475e+07
81,-6.05938e+07,3.89984e+06
82,-3.9863e+07,-4.49074e+07
83,3.92467e+07,-4.66944e+07
84,1.08688e+07,-5.71679e+07
85,4.32391e+07,3.82961e+07
86,4.46316e+07,-3.98137e+07
87,5.4054e+07,2.43734e+07
88,-3.58824e+07,-4.77411e+07
89,-1.41481e+07,-5.55352e+07
90,3.80775e+07,-4.94399e+07
91,-9.20548e+06,-5.20605e+07
92,-2.39216e+07,-5.07676e+07
93,1.81341e+07,5.45795e+07
94,1.30841e+07,-5.32968e+07
95,4.02351e+06,5.5837e+07
96,-4.72635e+07,2.11659e+07
97,-5.20851e+07,-1.98648e+07
98,3.68646e+07,4.13131e+07
99,-5.51188e+07,1.04496e+07
100,-6.98749e+06,-5.82029e+07
101,5.21017e+07,-5.60269e+06
102,2.66433e+07,-4.73167e+07
103,-1.9347e+07,4.85643e+07
104,-2.48738e+07,4.65088e+07
105,-4.42993e+07,-3.96186e+07
106,4.50869e+07,2.36701e+07
107,3.37699e+07,-3.91938e+07
108,4.96763e+07,2.53384e+06
109,-2.60855e+07,4.37138e+07
110,-4.3314e+07,-2.7093e+07
111,4.38745e+07,-2.01233e+07
112,3.22941e+06,4.96418e+07
113,-3.85045e+07,2.85627e+07
114,4.6226e+07,-1.2098e+07
115,-4.79431e+07,1.51604e+07
116,-8.95375e+06,-4.78029e+07
117,-1.86459e+06,-4.58049e+07
118,4.64948e+07,-954543
119,-4.56128e+07,-7.18387e+06
120,-1.92911e+07,4.54509e+07
121,4.76715e+07,526996
122,-3.31564e+07,-3.1235e+07
123,2.79161e+07,-3.67777e+07
124,-3.16385e+07,3.12516e+07
125,4.29319e+07,1.53983e+07
126,3.96185e+07,2.29346e+07
127,3.674e+07,2.77809e+07
128,-1.19561e+07,4.22349e+07
129,-3.42865e+07,2.92367e+07
130,1.71948e+07,4.0133e+07
131,4.11018e+07,-1.62117e+07
132,-1.88658e+07,3.92692e+07
133,-1.67461e+07,-4.25078e+07
134,-3.88775e+07,2.0101e+07
135,1.20352e+07,4.17448e+07
136,-2.43094e+07,-3.42611e+07
137,-1.30359e+07,-3.71418e+07
138,3.97932e+07,6.27334e+06
139,-1.2657e+07,-3.49486e+07
140,392572,-4.59906e+07
141,3.82992e+07,2.41715e+07
142,-1.4373e+07,-3.37247e+07
143,-1.84754e+06,-4.10254e+07
144,7.68844e+06,3.84153e+07
145,-3.46182e+07,1.00776e+07
146,-6.43792e+06,3.60497e+07
147,-3.25701e+07,2.24648e+07
148,-4.49331e+07,-3.9867e+06
149,2.7013e+07,-2.51023e+07
150,3.67823e+07,-9.10013e+06
151,2.92689e+06,-4.35015e+07
152,3.47273e+07,1.30432e+07
153,-4.57201e+07,-4.51227e+06
154,-1.51819e+07,4.02796e+07
155,-3.53394e+07,-1.48833e+07
156,1.62263e+07,-3.30624e+07
157,-3.67863e+07,7.49768e+06
158,-2.07947e+07,3.18381e+07
159,-2.98601e+07,1.63197e+07
160,3.74261e+07,-2.11674e+07
161,-3.82789e+07,1.04679e+07
162,3.62512e+07,-9.69168e+06
163,2.92792e+07,-2.43366e+07
164,2.1133e+07,-2.88331e+07
165,1.49709e+07,-3.38319e+07
166,-3.83789e+07,4.85647e+06
167,3.42535e+07,-1.56227e+07
168,3.63443e+07,2.03994e+07
169,1.17023e+07,3.45536e+07
170,-1.18212e+07,3.33219e+07
171,-3.93225e+07,3.40615e+06
172,-2.69172e+07,2.01587e+07
173,3.42857e+07,6.84791e+06
174,3.39295e+07,-6.7642e+06
175,-1.48611e+07,-3.2246e+07
176,1.33724e+07,-3.15773e+07
177,-3.02018e+07,-1.46764e+07
178,3.58511e+07,1.94352e+06
179,2.52596e+07,-2.2377e+07
180,-1.162e+06,-3.43707e+07
181,-2.3096e+07,2.60788e+07
182,3.0754e+07,-1.51213e+07
183,3.36267e+07,-6.07895e+06
184,-2.8394e+07,-2.07853e+07
185,-1.35622e+07,-3.34323e+07
186,-2.85138e+07,-1.28831e+07
187,3.18483e+07,-5.0776e+06
188,3.31785e+07,1.17736e+06
189,1.62366e+07,3.00809e+07
190,2.57987e+07,2.11235e+07
191,1.9024e+07,2.42223e+07
192,9.05926e+06,2.9615e+07
193,6.48064e+06,3.32996e+07
194,1.76395e+07,2.3421e+07
195,2.863e+07,1.53893e+07
196,-9.00382e+06,2.63838e+07
197,4.37465e+06,-3.05081e+07
198,-5.72093e+06,3.21239e+07
199,-3.17858e+07,1.15908e+06
200,-2.47922e+07,-1.88314e+07
201,1.73956e+07,2.66511e+07
202,1.87673e+06,-2.96378e+07
203,1.26535e+07,2.76396e+07
204,-1.00934e+07,2.76811e+07
205,-1.56261e+07,2.88449e+07
206,-1.49824e+07,2.70348e+07
207,2.86697e+07,8.13528e+06
208,-2.83068e+07,-1.24853e+07
209,-2.03695e+07,-2.16061e+07
210,7.63105e+06,-3.05796e+07
211,-8.8048e+06,-2.83836e+07
212,-3.94676e+06,2.80827e+07
213,-2.38807e+07,-1.83165e+07
214,1.69205e+07,-2.48102e+07
215,-2.00291e+07,-2.34355e+07
216,2.52261e+07,-1.65437e+07
217,9.96023e+06,2.75417e+07
218,-2.79216e+07,-851781
219,2.06339e+07,1.90904e+07
220,782595,-2.67364e+07
221,2.42e+07,1.51357e+07
222,-2.82757e+07,-1.08339e+07
223,-1.95434e+07,2.04423e+07
224,2.81809e+07,8.95739e+06
225,2.89102e+07,-6.75968e+06
226,-2.74632e+07,8.17012e+06
227,2.66277e+07,-1.01134e+07
228,9.74152e+06,-2.49626e+07
229,-7.07276e+06,2.68782e+07
230,-1.14666e+07,2.62038e+07
231,-2.70659e+07,-1.4314e+06
232,2.38997e+07,1.36391e+07
233,1.05658e+07,2.70801e+07
234,1.07151e+07,-2.43931e+07
235,-1.07763e+07,-2.5875e+07
236,-1.80897e+07,2.06246e+07
237,1.52577e+07,-1.99526e+07
238,5.33392e+06,-2.60069e+07
239,-1.81961e+07,-2.13546e+07
240,4.51397e+06,2.57232e+07
241,2.4489e+06,-2.96493e+07
242,-2.55454e+07,-7.89086e+06
243,-1.09949e+06,-2.46652e+07
244,1.75022e+07,1.80606e+07
245,2.58256e+07,4.02585e+06
246,1.63547e+07,-2.01567e+07
247,-1.80914e+07,2.06208e+07
248,2.35255e+07,-1.22565e+07
249,1.66861e+07,1.91521e+07
250,8.96424e+06,2.41745e+07
251,-3.83014e+06,2.56882e+07
252,-2.51977e+07,5.23386e+06
253,1.1894e+07,-2.37658e+07
254,-2.38135e+07,6.87606e+06
255,7.57927e+06,-2.30249e+07
256,1.66813e+07,-1.91125e+07
257,2.58885e+07,335669
258,2.07868e+07,1.32839e+07
259,1.28336e+07,-2.50179e+07
260,-2.05685e+07,-1.70529e+07
261,-1.40277e+07,-2.02646e+07
262,3.34199e+06,-2.47393e+07
263,2.56366e+07,4.95395e+06
264,1.83533e+07,-1.76197e+07
265,1.76199e+07,1.62793e+07
266,-2.29826e+07,-8.87386e+06
267,-9.16396e+06,2.39241e+07
268,-2.46004e+07,-6.02209e+06
269,-2.255e+07,-8.10239e+06
270,-2.66669e+07,-2.92871e+06
271,1.68642e+07,1.92159e+07
272,2.34521e+07,-5.26668e+06
273,-1.17589e+07,2.12092e+07
274,3.23506e+06,2.35851e+07
275,-2.19398e+07,1.54206e+06
276,1.75076e+07,-1.76939e+07
277,-1.38384e+07,1.69709e+07
278,-2.17466e+07,-1.18614e+07
279,-2.02607e+07,1.85112e+07
280,1.68815e+07,-1.82649e+07
281,-2.13465e+07,-1.22201e+07
282,1.0556e+07,-2.29965e+07
283,2.05897e+07,-1.06027e+07
284,8.47516e+06,2.23738e+07
285,2.36229e+07,5.31448e+06
286,2.61131e+07,-4.59792e+06
287,-1.87689e+07,1.48808e+07
288,2.02573e+07,-1.08235e+07
289,-2.25827e+07,-9.93119e+06
290,5.238e+06,2.17372e+07
291,1.97553e+07,1.02395e+07
292,2.07449e+07,-8.95697e+06
293,1.44104e+07,1.91376e+07
294,1.79954e+07,1.24558e+07
295,1.20965e+07,-1.99784e+07
296,4.45203e+06,-2.2654e+07
297,-1.35609e+07,-1.83553e+07
298,1.77953e+07,1.61395e+07
299,1.94005e+07,-1.39007e+07
300,1.67147e+07,1.69508e+07
301,-1.08578e+07,-2.0487e+07
302,2.05124e+07,1.149e+07
303,-4.84034e+06,-2.02831e+07
304,2.38387e+07,-9.52524e+06
305,5.12706e+06,-2.31164e+07
306,4.71904e+06,2.15078e+07
307,1.71834e+07,-1.48841e+07
308,-2.06208e+07,8.78637e+06
309,-1.49819e+07,2.00276e+07
310,-8.28982e+06,-2.04724e+07
311,1.17528e+07,-1.76013e+07
312,1.96917e+07,8.92517e+06
313,1.6749e+07,1.61411e+07
314,1.04227e+07,-1.64996e+07
315,-2.25418e+07,-2.49025e+06
316,-1.07219e+07,1.89328e+07
317,-1.37547e+07,-1.80022e+07
318,-2.38913e+07,-3.67009e+06
319,1.48088e+06,2.02224e+07
320,-6.75241e+06,-1.93147e+07
321,-2.75914e+06,-2.17282e+07
322,-6.43476e+06,-1.92456e+07
323,7.24306e+06,1.96256e+07
324,1.45325e+07,-1.65838e+07
325,-808290,2.30431e+07
326,1.38933e+07,-1.89027e+07
327,1.80343e+07,1.29448e+07
328,4.48368e+06,2.19477e+07
329,2.38589e+06,1.90129e+07
330,-2.19928e+07,-14607.9
331,2.03081e+07,5.8196e+06
332,-1.60791e+07,-1.20387e+07
333,1.60642e+07,1.50013e+07
334,-407717,-2.14973e+07
335,3.60236e+06,-2.16093e+07
336,-7.10417e+06,1.98702e+07
337,-1.56512e+07,1.31214e+07
338,-2.36763e+07,-964719
339,-974120,2.05502e+07
340,310710,2.04955e+07
341,-1.67353e+07,-1.31069e+07
342,1.39085e+07,-1.82161e+07
343,2.08105e+07,-4.62215e+06
344,6.95884e+06,1.90452e+07
345,-1.99535e+07,4.35697e+06
346,-8.51073e+06,1.838e+07
347,-2.0367e+07,2.48615e+06
348,-1.57983e+07,-1.37084e+07
349,-2.06341e+07,3.0984e+06
350,1.30104e+07,1.57194e+07
351,1.09387e+07,1.69963e+07
352,-5.2481e+06,-1.92444e+07
353,-1.26977e+07,1.58937e+07
354,-1.75565e+07,-1.02472e+07
355,1.92302e+07,-7.87573e+06
356,-5.36384e+06,-1.99447e+07
357,1.40485e+06,2.01895e+07
358,-1.85383e+07,6.90138e+06
359,1.28813e+07,1.58992e+07
360,2.00153e+07,-7.43612e+06
361,1.24206e+07,-1.65991e+07
362,-4.45937e+06,1.86676e+07
363,-1.95053e+07,-5.15994e+06
364,1.53186e+07,-8.68279e+06
365,-1.70808e+07,-7.8227e+06
366,-3.56152e+06,-1.89871e+07
367,5.89863e+06,1.93822e+07
368,-1.99537e+07,1.18297e+06
369,-3.00702e+06,1.90552e+07
370,-9.03133e+06,1.74226e+07
371,-5.5825e+06,-1.88812e+07
372,1.46663e+06,1.79257e+07
373,7.65523e+06,1.82161e+07
374,-5.22356e+06,1.98339e+07
375,1.76499e+06,1.88998e+07
376,-1.33926e+07,1.32588e+07
377,-1.76226e+07,-1.03596e+06
378,1.87676e+07,3.84338e+06
379,392794,-1.97387e+07
380,1.43839e+07,1.31934e+07
381,-1.24527e+06,1.97959e+07
382,1.5993e+07,-8.37078e+06
383,1.83955e+07,-8.71185e+06
384,1.87592e+07,-1.5909e+06
385,5.06008e+06,-1.80362e+07
386,8.34162e+06,-1.67134e+07
387,-6.32454e+06,1.78454e+07
388,-1.9033e+07,-1.94498e+06
389,1.3984e+07,-1.31344e+07
390,1.71723e+07,8.43668e+06
391,-73367.9,1.98049e+07
392,1.02836e+06,-1.9077e+07
393,1.77673e+07,-4.84036e+06
394,-1.8897e+07,2.39506e+06
395,1.76278e+07,-9.47387e+06
396,-191859,1.8542e+07
397,1.42343e+07,1.07881e+07
398,1.6872e+07,6.88412e+06
399,-1.62803e+07,-8.99611e+06
400,-1.18367e+07,1.36238e+07
401,8.8361e+06,1.62704e+07
402,-1.00968e+07,1.48676e+07
403,-7.48146e+06,1.64837e+07
404,1.08717e+07,-1.35774e+07
405,-1.32182e+07,-1.18649e+07
406,-5.55744e+06,-1.7714e+07
407,9.46995e+06,1.48148e+07
408,8.74491e+06,-1.63319e+07
409,-1.16521e+07,-1.28449e+07
410,-9.23922e+06,1.51664e+07
411,7.17933e+06,-1.65206e+07
412,-3.60871e+06,-1.78674e+07
413,1.77582e+07,-1.00787e+06
414,1.63751e+07,-7.78559e+06
415,-1.14922e+07,-1.31974e+07
416,1.02453e+07,-1.39247e+07
417,-1.22767e+07,1.2102e+07
418,-4.67791e+06,1.71568e+07
419,1.44376e+07,8.46331e+06
420,-1.71702e+07,-250371
421,-1.26197e+07,1.275e+07
422,-1.61562e+07,-5.71599e+06
423,-4.94492e+06,-1.79053e+07
424,-1.69375e+07,6.82377e+06
425,-7.61585e+06,1.57694e+07
426,-1.68837e+07,-3.44986e+06
427,-3.61922e+06,-1.73262e+07
428,4.02894e+06,-1.5974e+07
429,-1.73569e+07,-101680
430,1.28148e+07,1.08453e+07
431,-1.44798e+07,7.12586e+06
432,1.11843e+06,1.8636e+07
433,1.67838e+07,-4.08133e+06
434,1.1778e+07,1.17418e+07
435,1.97606e+06,1.81128e+07
436,-1.23333e+07,-1.11608e+07
437,-1.72619e+07,-612764
438,-1.43878e+07,-8.35664e+06
439,4.81345e+06,-1.6403e+07
440,-3.86816e+06,-1.73564e+07
441,-636489,1.68907e+07
442,7.47416e+06,-1.48299e+07
443,-1.66591e+07,-2.25066e+06
444,-6.88571e+06,-1.40042e+07
445,-1.18241e+07,1.11194e+07
446,9.16904e+06,-1.43236e+07
447,-1.81933e+07,-1.45527e+06
448,-8.2801e+06,1.5072e+07
449,1.16175e+07,1.17484e+07
450,-1.68967e+07,-935958
451,1.09826e+07,1.24348e+07
452,1.44662e+07,5.74159e+06
453,-1.10659e+07,-1.17076e+07
454,1.0089e+07,-1.4759e+07
455,-798727,-1.65266e+07
456,3.55265e+06,1.59109e+07
457,1.34966e+07,-9.27767e+06
458,-8.41669e+06,1.24578e+07
459,1.28114e+06,-1.60758e+07
460,-1.0347e+07,1.34779e+07
461,1.27948e+07,9.8624e+06
462,-7.97173e+06,-1.46854e+07
463,9.29751e+06,1.32756e+07
464,-1.61066e+06,1.61365e+07
465,-6.93548e+06,-1.49398e+07
466,-1.20075e+07,9.19115e+06
467,-1.31651e+07,9.84488e+06
468,-3.86752e+06,-1.66414e+07
469,6.08832e+06,1.43539e+07
470,-1.09737e+07,-1.05075e+07
471,4.82089e+06,-1.56259e+07
472,-3.52554e+06,1.47737e+07
473,1.41749e+07,6.77401e+06
474,-1.58065e+07,-4.34764e+06
475,1.59022e+07,1.3544e+06
476,7.5606e+06,1.2316e+07
477,-1.48786e+07,6.35055e+06
478,-1.31622e+07,9.21264e+06
479,-7.58352e+06,-1.42166e+07
480,1.41209e+07,-5.77812e+06
481,-1.06195e+07,1.13566e+07
482,-6.25483e+06,1.46442e+07
483,-8.94364e+06,-1.16962e+07
484,-4.3126e+06,1.50756e+07
485,1.5064e+07,-3.16264e+06
486,-1.2957e+07,-8.08097e+06
487,-1.485e+07,-2.77195e+06
488,1.42119e+07,5.26316e+06
489,-1.0301e+07,-1.2359e+07
490,7.67699e+06,1.41732e+07
491,-1.07997e+07,-1.08934e+07
492,1.31945e+07,-8.00457e+06
493,1.68019e+07,-2.99659e+06
494,-1.35847e+07,-7.20425e+06
495,-1.52368e+07,2.35263e+06
496,1.01893e+07,-1.16723e+07
497,2.90357e+06,1.56163e+07
498,1.12475e+06,1.60623e+07
499,1.52972e+07,-377437
500,1.50072e+07,-6.10507e+06
501,-1.08868e+07,1.05748e+07
502,1.22994e+06,1.54612e+07
503,1.24166e+07,-9.14235e+06
504,-7.05911e+06,-1.54704e+07
505,-7.8496e+06,-1.27537e+07
506,-2.58772e+06,1.44921e+07
507,5.94547e+06,-1.42621e+07
508,1.36922e+07,6.15893e+06
509,-3.78155e+06,1.53846e+07
510,1.52367e+07,-5.60338e+06
511,-8.56431e+06,-1.21426e+07
512,-1.5124e+07,1.12955e+06
513,1.36374e+07,-7.43228e+06
514,1.32703e+07,6.68693e+06
515,1.46639e+07,-2.00445e+06
516,-250892,1.53185e+07
517,-9.83395e+06,1.14751e+07
518,1.47201e+07,833863
519,319446,1.45539e+07
520,1.21501e+07,7.37789e+06
521,-1.48192e+07,-3.19571e+06
522,-1.43981e+07,-26007
523,107971,-1.39801e+07
524,-1.38544e+07,-4.6449e+06
525,-1.18368e+07,-8.52006e+06
526,6.1343e+06,1.22229e+07
527,1.30519e+07,-7.04618e+06
528,-1.36103e+07,4.59541e+06
529,4.62174e+06,1.32101e+07
530,4.25733e+06,-1.37014e+07
531,-9.06696e+06,8.90656e+06
532,-1.2337e+07,-6.71768e+06
533,-1.10871e+07,-9.12318e+06
534,-1.98935e+06,-1.4239e+07
535,-8.77293e+06,1.09665e+07
536,7.14073e+06,1.17931e+07
537,1.11672e+07,6.52316e+06
538,-7.33277e+06,1.21757e+07
539,8.1978e+06,-1.17547e+07
540,8.95172e+06,1.09994e+07
541,-1.33354e+07,-5.02279e+06
542,1.39908e+07,2.11036e+06
543,4.33795e+06,1.3542e+07
544,-1.43901e+07,-669210
545,1.32547e+07,-3.81057e+06
546,1.05065e+06,-1.42047e+07
547,2.81549e+06,-1.34227e+07
548,-1.13265e+07,9.47059e+06
549,-1.22809e+07,-7.39319e+06
550,-1.14797e+07,9.97884e+06
551,6.65313e+06,1.21972e+07
552,-1.23349e+07,7.07438e+06
553,1.33281e+07,4.2436e+06
554,-1.19851e+07,5.08807e+06
555,-3.89872e+06,-1.32501e+07
556,-1.39151e+07,1.77403e+06
557,1.0451e+07,-8.91595e+06
558,1.42225e+07,-3.72796e+06
559,-1.09239e+07,-8.45513e+06
560,9.68309e+06,-9.5906e+06
561,-1.12542e+07,8.2888e+06
562,-2.1453e+06,1.36551e+07
563,1.26672e+07,2.40878e+06
564,-1.31367e+07,3.75355e+06
565,1.35556e+07,740383
566,4.28382e+06,1.37006e+07
567,1.24249e+07,-5.21694e+06
568,1.03363e+07,9.04118e+06
569,1.29516e+07,3.03718e+06
570,-9.20515e+06,1.02099e+07
571,-1.18907e+07,-5.6038e+06
572,2.77222e+06,1.34883e+07
573,-1.29392e+07,5.34942e+06
574,6.63187e+06,1.26641e+07
575,1.15321e+07,7.78669e+06
576,-7.9438e+06,1.08468e+07
577,-1.04635e+07,8.63584e+06
578,1.00675e+07,8.64848e+06
579,-1.36159e+07,-912264
580,1.322e+07,-854618
581,170873,1.34892e+07
582,4.85448e+06,-1.25134e+07
583,7.25385e+06,1.05433e+07
584,1.22313e+07,6.07678e+06
585,77160.7,-1.31483e+07
586,5.36134e+06,1.14283e+07
587,5.02346e+06,-1.20009e+07
588,-8.26004e+06,1.09184e+07
589,-9.80584e+06,-8.18522e+06
590,-1.64378e+06,1.34838e+07
591,9.66214e+06,-9.05118e+06
592,-1.09083e+07,8.75206e+06
593,-8.93383e+06,-9.76056e+06
594,5.59002e+06,-1.1895e+07
595,-5.57741e+06,1.17e+07
596,-8.61178e+06,1.03072e+07
597,-2.25015e+06,1.28259e+07
598,9.34143e+06,9.18297e+06
599,-258335,1.24549e+07
600,1.21943e+07,-4.29964e+06
601,1.0603e+07,7.48927e+06
602,1.01158e+07,8.86891e+06
603,1.16561e+07,-5.50726e+06
604,-9.53586e+06,9.75449e+06
605,7.41695e+06,-1.02435e+07
606,1.26369e+06,-1.26152e+07
607,2.48625e+06,-1.22477e+07
608,1.21184e+07,-1.15625e+06
609,-510946,1.26307e+07
610,1.0938e+07,6.7653e+06
611,8.20277e+06,9.6046e+06
612,1.73365e+06,-1.24768e+07
613,5.157e+06,1.18749e+07
614,-8.77486e+06,-8.50076e+06
615,-2.74943e+06,1.22278e+07
616,9.01696e+06,9.68126e+06
617,-357373,-1.32087e+07
618,-4.01987e+06,-1.18596e+07
619,4.47789e+06,1.21645e+07
620,-8.42415e+06,-9.8894e+06
621,-4.02586e+06,1.23856e+07
622,1.18209e+07,2.88324e+06
623,-9.81809e+06,9.0402e+06
624,-2.11656e+06,1.27676e+07
625,-5.6981e+06,1.08092e+07
626,6.72492e+06,1.10687e+07
627,3.00488e+06,-1.24362e+07
628,-3.80718e+06,-1.14871e+07
629,-3.29999e+06,1.1732e+07
630,5.91627e+06,-1.04931e+07
631,-5.87759e+06,1.07788e+07
632,5.12651e+06,1.21117e+07
633,-3.52563e+06,1.20192e+07
634,1.18882e+07,-3.69534e+06
635,7.12924e+06,1.01929e+07
636,7.26127e+06,1.06071e+07
637,-6.69649e+06,-9.95125e+06
638,-867341,1.25857e+07
639,-6.2329e+06,1.12361e+07
640,1.17431e+07,1.78031e+06
641,-1.11581e+07,3.7139e+06
642,5.5325e+06,1.0599e+07
643,-1.21104e+07,197910
644,-1.11269e+07,-3.41475e+06
645,-1.19565e+07,3.88479e+06
646,1.8993e+06,1.17259e+07
647,-1.0568e+07,-5.65413e+06
648,-5.45603e+06,-1.08355e+07
649,-8.76671e+06,-8.79848e+06
650,-1.21951e+07,-854752
651,8.22512e+06,-9.01782e+06
652,-9.31678e+06,-8.02101e+06
653,-1.00323e+07,-7.1128e+06
654,1.0974e+07,-4.5621e+06
655,1.90004e+06,-1.17694e+07
656,-1.10737e+07,-4.64078e+06
657,6.85991e+06,-1.02466e+07
658,-3.58304e+06,-1.19388e+07
659,1.12167e+07,-1.81744e+06
660,-9.53105e+06,-5.5127e+06
661,-1.16683e+07,3.27682e+06
662,1.17461e+07,-1.21109e+06
663,-8.45793e+06,-8.60607e+06
664,1.15083e+07,2.36237e+06
665,-1.13234e+07,2.47209e+06
666,1.1375e+07,-2.73439e+06
667,1.20499e+07,-2.1248e+06
668,-8.45336e+06,-8.68246e+06
669,-1.15963e+07,1.53549e+06
670,-8.95654e+06,7.99791e+06
671,-9.88851e+06,-5.3653e+06
672,3.21171e+06,1.09017e+07
673,4.17212e+06,1.11688e+07
674,1.14817e+07,772020
675,-7.4314e+06,-9.28603e+06
676,-1.05035e+07,4.82647e+06
677,9.71322e+06,-5.28868e+06
678,9.32424e+06,4.08569e+06
679,8.16872e+06,8.84574e+06
680,8.51693e+06,8.22863e+06
681,-1.15441e+07,-1.48525e+06
682,3.33953e+06,1.16344e+07
683,1.04633e+07,5.41186e+06
684,-1.01677e+07,-4.79554e+06
685,-1.11821e+07,-2.31841e+06
686,6.01937e+06,-9.72209e+06
687,5.34638e+06,-1.02658e+07
688,4.23413e+06,-1.03213e+07
689,-4.27887e+06,-1.0886e+07
690,-7.58178e+06,-9.50672e+06
691,5.44781e+06,1.02683e+07
692,-2.99725e+06,1.10982e+07
693,8.22647e+06,8.05777e+06
694,-1.11318e+07,-4.38696e+06
695,-1.95586e+06,-1.11182e+07
696,-4.9034e+06,1.06367e+07
697,1.229e+07,-867355
698,-1.10563e+07,-2.41787e+06
699,1.02441e+07,-4.20317e+06
700,7.22727e+06,8.74832e+06
701,-1.15373e+07,498742
702,1.00759e+07,4.35201e+06
703,-9.86651e+06,4.60148e+06
704,-2.48021e+06,1.11677e+07
705,-9.35392e+06,5.70944e+06
706,9.96268e+06,2.68055e+06
707,-1.07457e+07,4.12352e+06
708,-8.71601e+06,7.49819e+06
709,1.22924e+06,1.13375e+07
710,-3.45101e+06,1.08352e+07
711,9.31968e+06,-5.49762e+06
712,-9.83602e+06,-6.76376e+06
713,-8.33704e+06,-6.4603e+06
714,8.04286e+06,-7.28806e+06
715,-4.65145e+06,-1.00852e+07
716,-6.0476e+06,9.37136e+06
717,1.07335e+07,1.15844e+06
718,1.06184e+07,3.46079e+06
719,-1.06214e+07,-2.4364e+06
720,4.70355e+06,-1.03905e+07
721,686161,-1.08773e+07
722,-1.0783e+07,2.22461e+06
723,-5.03239e+06,9.765e+06
724,1.06352e+07,2.69154e+06
725,9.60556e+06,1.82767e+06
726,-1.11245e+07,-3.64592e+06
727,2.39228e+06,1.09588e+07
728,-1.81847e+06,1.08385e+07
729,5.56143e+06,-1.00035e+07
730,9.92142e+06,5.18838e+06
731,6.79913e+06,-8.30081e+06
732,2.34052e+06,1.03627e+07
733,-6.3828e+06,8.60396e+06
734,-1.12861e+06,-1.05145e+07
735,1.00566e+06,-1.0872e+07
736,5.60042e+06,9.50016e+06
737,-5.09988e+06,9.73398e+06
738,-8.26972e+06,-7.27208e+06
739,1.02174e+07,4.28214e+06
740,9.10922e+06,-5.19153e+06
741,1.43948e+06,-9.87017e+06
742,4.85416e+06,9.64067e+06
743,-8.74805e+06,-6.92672e+06
744,203276,-1.06264e+07
745,-6.45974e+06,8.29156e+06
746,-5.12265e+06,-9.45714e+06
747,4.77175e+06,-9.74789e+06
748,-8.87532e+06,6.34079e+06
749,-8.48747e+06,-6.22392e+06
750,1.04009e+07,761403
751,5.71617e+06,9.68089e+06
752,5.99553e+06,8.5341e+06
753,-7.63003e+06,-7.76848e+06
754,-2.4629e+06,-1.02678e+07
755,-9.47058e+06,5.38576e+06
756,-6.15563e+06,-8.30898e+06
757,968040,-1.02383e+07
758,-9.64357e+06,4.54175e+06
759,-1.02227e+07,2.82463e+06
760,-8.47726e+06,6.07521e+06
761,1.02148e+07,-4.38187e+06
762,9.3332e+06,-4.80235e+06
763,-9.68752e+06,4.43522e+06
764,-9.1811e+06,-5.45899e+06
765,-1.0588e+07,2.04992e+06
766,9.44545e+06,-4.88315e+06
767,6.96669e+06,-7.47937e+06
768,-5.32514e+06,9.26695e+06
769,4.03964e+06,9.99478e+06
770,-9.20643e+06,5.8198e+06
771,9.22962e+06,5.60908e+06
772,1.03856e+07,1.55419e+06
773,5.07411e+06,-9.27308e+06
774,7.62928e+06,-7.24074e+06
775,9.41453e+06,-4.47386e+06
776,7.01872e+06,7.59575e+06
777,-923045,9.61988e+06
778,8.54336e+06,-5.41678e+06
779,9.84611e+06,2.42252e+06
780,1.0376e+07,1.47636e+06
781,5.12068e+06,-9.29259e+06
782,1.01668e+07,2.91182e+06
783,-6.72383e+06,8.18079e+06
784,9.93968e+06,5.27037e+06
785,1.13086e+06,-1.02627e+07
786,8.05765e+06,6.38156e+06
787,1.0192e+07,-35456.3
788,-9.15032e+06,3.95513e+06
789,1.03314e+07,1.46814e+06
790,3.65515e+06,-9.65353e+06
791,-8.77899e+06,-5.86383e+06
792,6.30974e+06,-7.64236e+06
793,-7.84924e+06,6.43907e+06
794,2.13623e+06,1.1003e+07
795,-5.59456e+06,-8.6546e+06
796,-1.02524e+07,2.3186e+06
797,1.04571e+07,2.75544e+06
798,-5.97794e+06,-8.36709e+06
799,1.02424e+07,1.28193e+06
800,1.06331e+07,4.6621e+06
801,-8.3924e+06,6.28767e+06
802,-8.17876e+06,-7.04023e+06
803,-8.35041e+06,-6.46795e+06
804,6.26251e+06,7.20489e+06
805,5.70587e+06,-7.50538e+06
806,8.55663e+06,-4.16939e+06
807,-5.27209e+06,-8.7444e+06
808,-1.30257e+06,-9.01054e+06
809,974943,9.78428e+06
810,-3.14892e+06,8.8463e+06
811,8.95678e+06,4.71364e+06
812,2.61647e+06,9.86645e+06
813,-6.53828e+06,-7.37373e+06
814,-8.93056e+06,2.91848e+06
815,1.77709e+06,-1.03014e+07
816,-923169,9.78524e+06
817,-8.54764e+06,-5.55736e+06
818,6.53649e+06,-7.36145e+06
819,-8.82335e+06,-4.52053e+06
820,-8.63515e+06,4.49033e+06
821,-9.4856e+06,3.7143e+06
822,5.91154e+06,7.64535e+06
823,6.11915e+06,8.00637e+06
824,-1.25025e+06,-9.03794e+06
825,9.53277e+06,-1.60316e+06
826,-9.70902e+06,821145
827,-383408,-9.76629e+06
828,-6.75685e+06,7.67975e+06
829,7.07195e+06,6.73847e+06
830,-5.71485e+06,7.29125e+06
831,403022,9.73156e+06
832,-3.36099e+06,-9.03652e+06
833,3.41788e+06,9.21976e+06
834,-1.05486e+06,-9.59022e+06
835,-9.50654e+06,-640149
836,3.2939e+06,8.69388e+06
837,-1.90887e+06,-9.03076e+06
838,3.33245e+06,8.86149e+06
839,-2.89929e+06,9.25038e+06
840,-2.84591e+06,8.94804e+06
841,5.34337e+06,-7.89624e+06
842,-8.90947e+06,-3.03334e+06
843,-500620,9.4787e+06
844,8.32886e+06,-3.62843e+06
845,7.68893e+06,5.40602e+06
846,2.85908e+06,-8.97154e+06
847,4.27136e+06,-8.48035e+06
848,-1.95626e+06,-9.5032e+06
849,-5.02246e+06,7.53706e+06
850,5.77993e+06,7.39263e+06
851,-7.49439e+06,-5.95939e+06
852,5.66956e+06,-7.43148e+06
853,9.60507e+06,1.49431e+06
854,1.24116e+06,8.85101e+06
855,7.56173e+06,-5.68745e+06
856,6.65121e+06,-6.18766e+06
857,8.89458e+06,2.03512e+06
858,6.21113e+06,6.73733e+06
859,1.1854e+06,8.80757e+06
860,9.31767e+06,96633.2
861,-1.14011e+06,9.29501e+06
862,5.90378e+06,-6.78729e+06
863,-7.4275e+06,5.09923e+06
864,-9.13873e+06,-1.07419e+06
865,9.01151e+06,-1.23372e+06
866,-8.12251e+06,4.31172e+06
867,8.75996e+06,-2.41096e+06
868,7.77416e+06,4.14781e+06
869,-8.89806e+06,-872613
870,-7.7632e+06,4.85295e+06
871,2.42774e+06,-9.43869e+06
872,1.93279e+06,-9.07578e+06
873,-6.29741e+06,-6.44866e+06
874,2.67385e+06,-9.12074e+06
875,-8.39908e+06,-3.18457e+06
876,9.08302e+06,550041
877,8.30351e+06,3.79883e+06
878,5.7461e+06,7.06167e+06
879,416049,8.8245e+06
880,-1.44222e+06,-8.9108e+06
881,7.61181e+06,-4.87734e+06
882,5.23096e+06,7.85687e+06
883,-2.47286e+06,9.09232e+06
884,-344147,-9.12715e+06
885,9.01239e+06,2.12856e+06
886,-8.52403e+06,3.19603e+06
887,-8.6119e+06,-2.18298e+06
888,5.79443e+06,-6.14373e+06
889,8.97343e+06,-746745
890,7.70929e+06,-4.94396e+06
891,-4.91096e+06,-7.51619e+06
892,4.36461e+06,7.85692e+06
893,3.00494e+06,-8.17205e+06
894,6.64332e+06,-5.77101e+06
895,7.19763e+06,5.45012e+06
896,8.66162e+06,-2.64732e+06
897,8.0043e+06,-4.17594e+06
898,-4.51067e+06,8.04435e+06
899,-6.06196e+06,6.34761e+06
900,-3.10976e+06,8.77033e+06
901,7.08481e+06,-5.12682e+06
902,1.85516e+06,8.61952e+06
903,9.03293e+06,710580
904,6.57068e+06,5.99913e+06
905,8.22477e+06,-3.34463e+06
906,-8.41554e+06,-2.51391e+06
907,8.34944e+06,-3.63932e+06
908,7.4751e+06,-5.04744e+06
909,-5.9796e+06,6.46681e+06
910,8.51816e+06,-1.70571e+06
911,2.43305e+06,8.3915e+06
912,-5.9565e+06,-6.6543e+06
913,5.59512e+06,-6.89914e+06
914,6.03857e+06,-6.28373e+06
915,-7.24659e+06,4.88622e+06
916,7.89687e+06,3.81672e+06
917,-8.57348e+06,936715
918,3.22649e+06,-8.42137e+06
919,2.7832e+06,-7.96487e+06
920,1.39006e+06,-8.71758e+06
921,8.09723e+06,2.34827e+06
922,-8.48938e+06,1.93453e+06
923,-245003,8.90352e+06
924,1.86084e+06,-8.19199e+06
925,511673,-8.2767e+06
926,-6.10027e+06,6.54228e+06
927,-4.42625e+06,-7.48117e+06
928,-6.23463e+06,-5.80942e+06
929,-7.02027e+06,-4.76622e+06
930,7.56928e+06,3.55832e+06
931,3.278e+06,8.01089e+06
932,3.51501e+06,-8.12724e+06
933,885940,8.32068e+06
934,-8.24049e+06,2.61169e+06
935,8.17707e+06,-2.64789e+06
936,-1.91822e+06,-7.92385e+06
937,8.4491e+06,-1.38775e+06
938,-8.55485e+06,973458
939,-5.52803e+06,6.31079e+06
940,-8.17578e+06,-2.75834e+06
941,7.76303e+06,3.54791e+06
942,1.14185e+06,-8.10485e+06
943,-7.96666e+06,-1.35987e+06
944,-3.24782e+06,-7.67438e+06
945,1.59036e+06,-8.49185e+06
946,-7.96182e+06,-3.24741e+06
947,573885,8.64394e+06
948,-8.43046e+06,-477251
949,5.67808e+06,6.55192e+06
950,-7.24789e+06,4.20281e+06
951,-6.18703e+06,-6.01627e+06
952,3.53607e+06,-7.69662e+06
953,7.8744e+06,2.83074e+06
954,-7.41205e+06,3.92991e+06
955,8.24511e+06,2.59986e+06
956,5.85849e+06,6.50189e+06
957,4.28009e+06,-6.68135e+06
958,5.98196e+06,6.85263e+06
959,-4.79867e+06,6.60674e+06
960,-5.68124e+06,6.56593e+06
961,2.99091e+06,7.75335e+06
962,6.10502e+06,-6.07833e+06
963,-1.7621e+06,-7.61499e+06
964,-8.2715e+06,111177
965,7.1214e+06,-4.29347e+06
966,7.51875e+06,3.22464e+06
967,-2.67555e+06,7.60084e+06
968,8.32596e+06,-515721
969,7.49685e+06,4.3615e+06
970,4.18972e+06,-7.57748e+06
971,-7.30691e+06,-3.96722e+06
972,4.72565e+06,-7.37991e+06
973,-1.95224e+06,-8.60601e+06
974,6.83328e+06,4.77414e+06
975,5.0964e+06,-6.88691e+06
976,5.56041e+06,-6.42564e+06
977,2.01455e+06,8.01425e+06
978,-7.50831e+06,3.34588e+06
979,3.56576e+06,7.32567e+06
980,1.0634e+06,8.2763e+06
981,-6.69077e+06,-4.74156e+06
982,8.17996e+06,587628
983,-4.49776e+06,6.79171e+06
984,1.47978e+06,8.11622e+06
985,-5.2479e+06,6.8377e+06
986,-362654,-8.11901e+06
987,-3.30406e+06,7.32151e+06
988,256172,8.33815e+06
989,-1.73123e+06,7.87393e+06
990,-7.30878e+06,-3.55596e+06
991,-2.45319e+06,-7.82366e+06
992,7.86964e+06,1.17725e+06
993,-7.18104e+06,-4.38326e+06
994,8.19172e+06,-1.48156e+06
995,2.62598e+06,7.86846e+06
996,40091.1,-8.01096e+06
997,1.22746e+06,8.14905e+06
998,-7.37284e+06,-3.32089e+06
999,-5.69582e+06,5.59341e+06
1000,673461,-8.46584e+06
1001,7.11399e+06,-3.83342e+06
1002,6.5666e+06,-4.77429e+06
1003,-3.02443e+06,-7.46399e+06
1004,7.7988e+06,-2.28183e+06
1005,5.83271e+06,-5.61538e+06
1006,-2.57359e+06,-7.45683e+06
1007,4.79218e+06,-6.68338e+06
1008,-7.24183e+06,-3.72565e+06
1009,-3.2367e+06,-7.29054e+06
1010,5.01519e+06,-6.3631e+06
1011,7.75315e+06,1.67781e+06
1012,-906596,-8.48176e+06
1013,7.64433e+06,-2.43621e+06
1014,-4.93966e+06,6.13284e+06
1015,-7.81702e+06,1.65821e+06
1016,4.6649e+06,-6.69097e+06
1017,5.65894e+06,-6.1397e+06
1018,-1.90138e+06,-7.88214e+06
1019,7.62848e+06,1.85727e+06
1020,4.55592e+06,6.51761e+06
1021,3.58024e+06,6.80235e+06
1022,-7.79412e+06,-1.95473e+06
1023,-3.28699e+06,6.76325e+06
1024,7.71273e+06,722026
1025,-3.42436e+06,7.16288e+06
1026,-6.00334e+06,-5.2674e+06
1027,-7.8776e+06,-1.68245e+06
1028,6.27581e+06,-4.80784e+06
1029,-6.37145e+06,3.60464e+06
1030,-3.59422e+06,6.55966e+06
1031,-7.8134e+06,-662297
1032,7.66932e+06,2.33772e+06
1033,-7.6211e+06,-717305
1034,2.85028e+06,-7.29392e+06
1035,-5.77754e+06,5.47613e+06
1036,-7.352e+06,-2.39351e+06
1037,6.2316e+06,-5.07616e+06
1038,-7.62149e+06,-375639
1039,782537,-7.75795e+06
1040,-4.81439e+06,-6.03933e+06
1041,-6.43497e+06,3.69128e+06
1042,3.54339e+06,-6.84516e+06
1043,10944.7,7.80572e+06
1044,-2.49417e+06,-7.45431e+06
1045,3.49197e+06,-6.92696e+06
1046,586464,-7.97613e+06
1047,7.69296e+06,922954
1048,-6.91331e+06,-4.27925e+06
1049,-3.5646e+06,-6.72486e+06
1050,-7.70984e+06,-1.72786e+06
1051,6.93181e+06,-4.18691e+06
1052,-6.12418e+06,-4.71846e+06
1053,155635,-7.85287e+06
1054,-6.75706e+06,3.39687e+06
1055,-7.13646e+06,2.76299e+06
1056,-5.16326e+06,5.61771e+06
1057,-4.35261e+06,-6.12853e+06
1058,-7.06744e+06,3.22374e+06
1059,-7.8366e+06,-1.11845e+06
1060,6.15258e+06,4.56014e+06
1061,7.36965e+06,2.00831e+06
1062,-3.43379e+06,6.66012e+06
1063,-7.64584e+06,-377628
1064,-7.71326e+06,-1.642e+06
1065,-7.44254e+06,384690
1066,3.12751e+06,6.95543e+06
1067,-597674,7.42225e+06
1068,571545,7.69907e+06
1069,-2.16994e+06,-7.63817e+06
1070,1.99665e+06,7.33709e+06
1071,-3.54319e+06,-6.38344e+06
1072,3.96763e+06,6.59943e+06
1073,2.25712e+06,7.16611e+06
1074,3.31672e+06,6.68286e+06
1075,-4.34564e+06,6.05403e+06
1076,-7.24346e+06,2.10399e+06
1077,2.80304e+06,-6.91022e+06
1078,-2.6293e+06,-7.20783e+06
1079,-2.37048e+06,6.93494e+06
1080,-153212,-7.74076e+06
1081,6.31968e+06,4.02884e+06
1082,-7.01989e+06,2.38066e+06
1083,-1.15251e+06,7.25083e+06
1084,-1.87626e+06,7.18885e+06
1085,-7.23969e+06,-2.17765e+06
1086,7.28175e+06,-330690
1087,-4.1849e+06,-6.11963e+06
1088,6.78379e+06,-3.2186e+06
1089,5.76799e+06,-4.83568e+06
1090,3.02454e+06,-6.80938e+06
1091,-6.04358e+06,4.04693e+06
1092,-5.28337e+06,4.7506e+06
1093,6.14392e+06,-4.02638e+06
1094,-1.38628e+06,-7.41781e+06
1095,-5.20618e+06,-5.91647e+06
1096,7.08691e+06,2.58376e+06
1097,6.97992e+06,2.41412e+06
1098,-2.78548e+06,7.12984e+06
1099,127222,-7.58703e+06
1100,7.42141e+06,1.75158e+06
1101,-5.05163e+06,5.43612e+06
1102,-1.53511e+06,7.12214e+06
1103,-1.90087e+06,-7.1967e+06
1104,6.35637e+06,-3.91016e+06
1105,-2.47159e+06,6.92447e+06
1106,-5.29927e+06,-5.10884e+06
1107,1.71431e+06,7.15004e+06
1108,-6.34159e+06,4.18819e+06
1109,604997,-7.83969e+06
1110,5.63207e+06,4.71791e+06
1111,4.39422e+06,-6.17199e+06
1112,-791647,-7.27498e+06
1113,-7.22957e+06,-1511.34
1114,6.29539e+06,3.6978e+06
1115,-5.94541e+06,4.14722e+06
1116,5.69753e+06,4.65416e+06
1117,-6.60978e+06,2.88616e+06
1118,-412550,7.0292e+06
1119,-6.13519e+06,4.84338e+06
1120,-6.67892e+06,-2.56738e+06
1121,-4.92879e+06,-5.32556e+06
1122,7.0863e+06,-1.24434e+06
1123,-1.36923e+06,7.27313e+06
1124,6.47539e+06,-3.37126e+06
1125,-7.0792e+06,1.61688e+06
1126,-4.19023e+06,5.70779e+06
1127,4.91857e+06,5.18982e+06
1128,4.05823e+06,5.93284e+06
1129,6.82311e+06,2.80386e+06
1130,1.42114e+06,7.16661e+06
1131,5.19112e+06,-5.13424e+06
1132,7.1779e+06,-301908
1133,-7.19333e+06,-210029
1134,4.49471e+06,5.48454e+06
1135,7.22324e+06,-917467
1136,3.95257e+06,6.05678e+06
1137,-2.58242e+06,6.30924e+06
1138,-7.14082e+06,727038
1139,-6.38186e+06,3.71525e+06
1140,-1.8685e+06,-6.8812e+06
1141,3.49559e+06,-6.45268e+06
1142,-503839,-7.24897e+06
1143,-1.67389e+06,-7.05988e+06
1144,-6.71716e+06,-2.5786e+06
1145,-6.60544e+06,2.45415e+06
1146,6.97554e+06,1.91693e+06
1147,-3.69283e+06,-6.34135e+06
1148,1.61442e+06,7.00722e+06
1149,892846,-7.11031e+06
1150,7.39554e+06,2.76117e+06
1151,636790,-7.10683e+06
1152,-2.24134e+06,6.82863e+06
1153,-1.98082e+06,6.79349e+06
1154,6.91823e+06,1.32593e+06
1155,-2.71261e+06,6.63355e+06
1156,-6.69675e+06,2.5947e+06
1157,4.16993e+06,5.74853e+06
1158,-5.30162e+06,-4.69867e+06
1159,-81669.6,7.02594e+06
1160,4.44135e+06,-5.60065e+06
1161,-3.77446e+06,-5.97913e+06
1162,3.84243e+06,6.07436e+06
1163,3.57311e+06,6.18388e+06
1164,-3.21219e+06,6.38515e+06
1165,-7.01132e+06,463328
1166,4.93468e+06,4.57508e+06
1167,6.88543e+06,115073
1168,6.30967e+06,2.5565e+06
1169,4.83851e+06,-5.15502e+06
1170,4.85033e+06,5.08952e+06
1171,71704.8,6.73193e+06
1172,-660810,6.88799e+06
1173,6.89851e+06,696302
1174,-6.62338e+06,2.48245e+06
1175,6.99092e+06,1.18102e+06
1176,-6.70374e+06,-2.30677e+06
1177,-284919,-7.00622e+06
1178,-3.89986e+06,-5.69972e+06
1179,-6.79529e+06,-791166
1180,6.41644e+06,3.4648e+06
1181,-3.30526e+06,6.44563e+06
1182,-3.56994e+06,5.88297e+06
1183,-5.6533e+06,265296
1184,3.36545e+06,6.05526e+06
1185,-5.24456e+06,4.25581e+06
1186,-2.36846e+06,-6.37113e+06
1187,-2.63642e+06,6.28676e+06
1188,361749,-6.93152e+06
1189,-1.00088e+06,6.67368e+06
1190,-6.04141e+06,3.35516e+06
1191,-377463,-6.86011e+06
1192,5.52297e+06,-3.93853e+06
1193,5.04835e+06,4.70035e+06
1194,4.55183e+06,-4.4368e+06
1195,5.55047e+06,3.94845e+06
1196,6.74245e+06,330746
1197,913976,-6.83211e+06
1198,-1.92719e+06,-6.62818e+06
1199,-3.07501e+06,-6.01834e+06
1200,-6.78901e+06,103401
1201,5.63785e+06,-3.71634e+06
1202,-6.50738e+06,1.32925e+06
1203,4.07802e+06,5.55098e+06
1204,2.14593e+06,6.34026e+06
1205,-6.95959e+06,-1.3403e+06
1206,-3.76367e+06,5.71142e+06
1207,5.81795e+06,3.32762e+06
1208,-4.10284e+06,5.6137e+06
1209,-837190,6.63922e+06
1210,2.15917e+06,-6.35677e+06
1211,2.81508e+06,5.88657e+06
1212,2.92384e+06,5.95167e+06
1213,5.59375e+06,-4.08072e+06
1214,3.44029e+06,-5.85979e+06
1215,-1.05247e+06,6.529e+06
1216,3.08526e+06,6.45326e+06
1217,1.09913e+06,6.58554e+06
1218,6.61261e+06,1.6964e+06
1219,5.63949e+06,3.52656e+06
1220,2.42421e+06,-6.21448e+06
1221,4.87934e+06,-4.52984e+06
1222,-5.79307e+06,3.02792e+06
1223,2.34764e+06,-6.26052e+06
1224,5.14926e+06,4.19966e+06
1225,6.0253e+06,2.09915e+06
1226,4.83799e+06,4.27508e+06
1227,-3.05181e+06,5.96777e+06
1228,-6.01696e+06,2.61469e+06
1229,1.7693e+06,6.02897e+06
1230,-6.36824e+06,-1.33314e+06
1231,6.03978e+06,-2.60822e+06
1232,-7.28604e+06,337414
1233,6.0671e+06,-2.49931e+06
1234,-6.43351e+06,-1.7325e+06
1235,-5.96808e+06,-2.74948e+06
1236,5.70144e+06,-2.43942e+06
1237,5.6139e+06,3.08136e+06
1238,-6.5607e+06,-3.27774e+06
1239,-5.34135e+06,3.72985e+06
1240,4.47533e+06,4.74212e+06
1241,-5.09946e+06,3.83396e+06
1242,4.26458e+06,5.01769e+06
1243,-4.22567e+06,-4.90489e+06
1244,1.26414e+06,-6.35405e+06
1245,6.52066e+06,-2.03241e+06
1246,316702,6.45056e+06
1247,-2.2047e+06,6.14429e+06
1248,-6.23474e+06,-448230
1249,5.3648e+06,-3.95394e+06
1250,-1.95856e+06,-6.07895e+06
1251,-1.18479e+06,6.36036e+06
1252,5.87912e+06,2.07536e+06
1253,510928,6.33712e+06
1254,5.44707e+06,3.72094e+06
1255,-5.92958e+06,2.58849e+06
1256,-6.09137e+06,-1.45326e+06
1257,6.02669e+06,2.34893e+06
1258,6.30193e+06,1.19611e+06
1259,-6.71179e+06,-1.20673e+06
1260,-5.2987e+06,2.95154e+06
1261,-5.04483e+06,-3.11598e+06
1262,5.41139e+06,-3.59989e+06
1263,6.26217e+06,162851
1264,5.39921e+06,-2.94801e+06
1265,-4.26994e+06,-4.6096e+06
1266,-1.35161e+06,-6.19782e+06
1267,6.23645e+06,-1.69012e+06
1268,-2.191e+06,-5.49278e+06
1269,1.81212e+06,6.60062e+06
1270,690863,6.13573e+06
1271,-5.62632e+06,-2.4855e+06
1272,2.33959e+06,5.80917e+06
1273,2.38249e+06,-5.90515e+06
1274,5.06912e+06,4.31556e+06
1275,-118323,6.12944e+06
1276,70175.9,6.29609e+06
1277,3.7807e+06,-5.06421e+06
1278,-5.92978e+06,1.97494e+06
1279,-3.89007e+06,-4.76454e+06
1280,-348492,6.09517e+06
1281,-4.53351e+06,-4.01254e+06
1282,-4.74302e+06,-2.33199e+06
1283,-2.80931e+06,5.6487e+06
1284,4.16782e+06,-4.60871e+06
1285,6.19176e+06,692804
1286,-6.03076e+06,1.18248e+06
1287,-5.82616e+06,2.35008e+06
1288,3.56949e+06,5.17148e+06
1289,-167515,-6.15239e+06
1290,5.84752e+06,-434696
1291,-3.95094e+06,4.64447e+06
1292,-995625,-5.96999e+06
1293,5.89216e+06,-724531
1294,-2.39858e+06,-5.64946e+06
1295,5.6723e+06,-1.04656e+06
1296,4.52121e+06,4.5649e+06
1297,-1.22401e+06,6.14032e+06
1298,-5.58364e+06,2.80146e+06
1299,-5.8763e+06,1.40673e+06
1300,5.26344e+06,3.18337e+06
1301,4.11101e+06,-4.58755e+06
1302,5.61026e+06,2.64498e+06
1303,5.38682e+06,-2.93386e+06
1304,-299989,-6.10756e+06
1305,5.46031e+06,-2.88427e+06
1306,6.31715e+06,1.97514e+06
1307,5.16728e+06,3.46452e+06
1308,5.5598e+06,2.67599e+06
1309,1.87856e+06,5.89829e+06
1310,-4.59697e+06,4.00381e+06
1311,-2.1217e+06,-5.86105e+06
1312,2.67621e+06,-5.48119e+06
1313,3.8479e+06,4.81586e+06
1314,4.69996e+06,-3.58961e+06
1315,5.6524e+06,1.76646e+06
1316,-4.67261e+06,-3.76706e+06
1317,2.03041e+06,5.77791e+06
1318,-6.08404e+06,369931
1319,5.83548e+06,-1.14308e+06
1320,4.66793e+06,-3.71878e+06
1321,-5.97818e+06,-262770
1322,6.13828e+06,1.12924e+06
1323,821194,5.77953e+06
1324,6.14065e+06,-1.35577e+06
1325,-5.78851e+06,-2.52344e+06
1326,111452,-6.08903e+06
1327,2.44612e+06,4.94724e+06
1328,-5.72557e+06,-2.45737e+06
1329,-5.24689e+06,-2.83011e+06
1330,1.65064e+06,-5.7522e+06
1331,-4.79243e+06,-2.70109e+06
1332,-5.93369e+06,-1.33787e+06
1333,-6.3865e+06,540771
1334,5.877e+06,-1.97553e+06
1335,-5.48855e+06,-3.37539e+06
1336,5.84768e+06,-581257
1337,-4.63149e+06,3.74105e+06
1338,4.27037e+06,-4.24522e+06
1339,6.32777e+06,-15429.3
1340,5.18692e+06,3.17808e+06
1341,5.84292e+06,-2.06878e+06
1342,-5.14035e+06,-2.7972e+06
1343,-4.54563e+06,-3.308e+06
1344,2.33543e+06,5.07289e+06
1345,-5.8493e+06,-1.20443e+06
1346,5.12717e+06,2.39021e+06
1347,-535591,-5.85989e+06
1348,-5.6937e+06,1.58787e+06
1349,-815761,-5.90411e+06
1350,5.56634e+06,482652
1351,3.95843e+06,4.51779e+06
1352,-3.63384e+06,-4.66767e+06
1353,-5.55548e+06,665038
1354,-5.5815e+06,-882796
1355,-3.8834e+06,4.21425e+06
1356,-3.35666e+06,-5.23058e+06
1357,4.13349e+06,4.28369e+06
1358,1.44782e+06,-5.74058e+06
1359,5.30818e+06,3.01358e+06
1360,4.57074e+06,-4.15465e+06
1361,-5.6401e+06,-1.84034e+06
1362,-233233,5.64869e+06
1363,-4.61835e+06,-3.67066e+06
1364,-1.45582e+06,5.78911e+06
1365,-5.2567e+06,2.61008e+06
1366,5.45602e+06,-1.03905e+06
1367,5.64387e+06,2.05078e+06
1368,5.26881e+06,-2.59139e+06
1369,894694,-5.7222e+06
1370,-999503,5.57303e+06
1371,-5.70685e+06,-430960
1372,-4.52065e+06,3.15982e+06
1373,-628220,6.00223e+06
1374,504621,-5.70274e+06
1375,1.3357e+06,5.21401e+06
1376,5.49891e+06,2.16744e+06
1377,261532,-5.69085e+06
1378,-5.55338e+06,-1.54112e+06
1379,-2.68672e+06,-6.69063e+06
1380,-5.3631e+06,1.99165e+06
1381,5.40147e+06,-919816
1382,-434904,5.47594e+06
1383,-5.41788e+06,1.73049e+06
1384,-5.71399e+06,-579850
1385,-4.91975e+06,-3.0858e+06
1386,2.10647e+06,4.9199e+06
1387,196173,5.65015e+06
1388,5.54203e+06,593021
1389,-3.83851e+06,3.98441e+06
1390,2.27645e+06,5.33074e+06
1391,5.48296e+06,-1.25379e+06
1392,764168,-5.61867e+06
1393,1.30709e+06,-5.56398e+06
1394,-4.8291e+06,-2.95667e+06
1395,-2.28415e+06,-5.70095e+06
1396,-3.32926e+06,4.75726e+06
1397,-5.7868e+06,414083
1398,-937143,-4.03236e+06
1399,-3.28106e+06,4.58207e+06
1400,4.32616e+06,-3.52649e+06
1401,-5.6605e+06,723687
1402,603045,5.6191e+06
1403,3.21938e+06,4.73653e+06
1404,-1.08344e+06,-5.61205e+06
1405,-741272,5.19453e+06
1406,-4.22545e+06,-3.73295e+06
1407,4.98315e+06,-3.42062e+06
1408,-4.96448e+06,2.64765e+06
1409,1.69613e+06,4.8611e+06
1410,1.24076e+06,-5.56034e+06
1411,-3.74044e+06,-4.16249e+06
1412,5.43772e+06,1.36457e+06
1413,-3.7616e+06,4.58085e+06
1414,-4.32566e+06,3.57423e+06
1415,3.39762e+06,4.56954e+06
1416,-899426,5.4687e+06
1417,-4.38434e+06,3.46392e+06
1418,1.71904e+06,-5.38018e+06
1419,5.1962e+06,-2.33724e+06
1420,306713,5.77466e+06
1421,2.45862e+06,-4.97815e+06
1422,4.46864e+06,-2.87919e+06
1423,-2.74778e+06,-4.16584e+06
1424,2.19711e+06,4.97602e+06
1425,5.23121e+06,-565929
1426,3.40297e+06,-4.44371e+06
1427,-3.17192e+06,-4.21041e+06
1428,-1.39865e+06,5.31838e+06
1429,-1.82527e+06,5.39614e+06
1430,-3.94709e+06,-3.19732e+06
1431,-5.39039e+06,1.73481e+06
1432,-4.78335e+06,-3.32584e+06
1433,-1.97648e+06,4.74727e+06
1434,-4.51968e+06,3.23352e+06
1435,-352964,-5.55363e+06
1436,4.83921e+06,-3.10925e+06
1437,3.5658e+06,-4.32422e+06
1438,471777,5.38493e+06
1439,4.68825e+06,3.08273e+06
1440,4.80501e+06,-2.9778e+06
1441,4.09566e+06,3.94904e+06
1442,-2.98934e+06,4.51791e+06
1443,5.54864e+06,-392040
1444,-4.91957e+06,2.65514e+06
1445,4.5609e+06,-3.29902e+06
1446,-2.31793e+06,5.06821e+06
1447,-2.6675e+06,-4.69203e+06
1448,-5.29667e+06,-2.06953e+06
1449,-4.11172e+06,3.78032e+06
1450,-5.62923e+06,138987
1451,5.24939e+06,-1.10319e+06
1452,-5.42952e+06,-1.29461e+06
1453,5.49758e+06,203059
1454,5.81082e+06,-975440
1455,4.4522e+06,3.22352e+06
1456,-5.27598e+06,-2.56618e+06
1457,-118319,5.43231e+06
1458,4.38772e+06,3.34772e+06
1459,-579321,-5.43144e+06
1460,387530,4.72162e+06
1461,-2.57578e+06,-4.83305e+06
1462,-3.19696e+06,4.95133e+06
1463,-618986,-6.01014e+06
1464,-1.1464e+06,-5.46757e+06
1465,5.53388e+06,-144719
1466,-3.71742e+06,-4.05331e+06
1467,1.45204e+06,-5.3504e+06
1468,-1.51964e+06,5.32873e+06
1469,-5.18069e+06,-2.62245e+06
1470,-297637,-5.31622e+06
1471,1.75108e+06,5.17179e+06
1472,3.9944e+06,-4.08468e+06
1473,-4.66878e+06,-2.88584e+06
1474,-3.84051e+06,-3.93275e+06
1475,4.20038e+06,3.59477e+06
1476,2.94488e+06,4.61393e+06
1477,-5.19627e+06,-2.19382e+06
1478,-5.41281e+06,-856382
1479,-1.57118e+06,5.29016e+06
1480,-866611,5.3789e+06
1481,-1.24512e+06,-5.49182e+06
1482,-2.03341e+06,4.95637e+06
1483,-3.75215e+06,-4.03563e+06
1484,-3.47644e+06,4.10126e+06
1485,-1.4124e+06,-5.45895e+06
1486,-2.90938e+06,4.77734e+06
1487,-5.08141e+06,2.24598e+06
1488,-4.55973e+06,3.11542e+06
1489,-3.84998e+06,-3.53019e+06
1490,-4.93945e+06,2.50262e+06
1491,5.39298e+06,1.3513e+06
1492,-122001,5.52472e+06
1493,-5.11081e+06,1.99128e+06
1494,5.3348e+06,708942
1495,-652623,5.43332e+06
1496,-5.22381e+06,986611
1497,-3.06789e+06,3.96535e+06
1498,-231953,5.15797e+06
1499,2.14236e+06,5.06513e+06
1500,612020,-5.53951e+06
1501,2.74173e+06,5.21297e+06
1502,-3.80318e+06,3.94035e+06
1503,5.40959e+06,719665
1504,-5.02519e+06,-2.28952e+06
1505,-1.45306e+06,4.81494e+06
1506,5.51278e+06,652394
1507,-3.17673e+06,-4.2875e+06
1508,-3.36936e+06,4.03331e+06
1509,-2.18326e+06,-4.94356e+06
1510,-5.31515e+06,1.0676e+06
1511,3.18122e+06,-4.27488e+06
1512,-411207,-5.46373e+06
1513,-2.00632e+06,4.78622e+06
1514,-2.29925e+06,-4.78694e+06
1515,5.22696e+06,-905436
1516,5.06894e+06,1.79197e+06
1517,2.87493e+06,-4.46806e+06
1518,12575.2,6.38516e+06
1519,5.02773e+06,-1.42199e+06
1520,26517.9,-5.32253e+06
1521,-382546,5.82691e+06
1522,-3.00706e+06,-4.86187e+06
1523,1.22358e+06,6.01936e+06
1524,3.77487e+06,3.81232e+06
1525,-4.31652e+06,-3.03344e+06
1526,2.28234e+06,5.20461e+06
1527,-4.31303e+06,3.17824e+06
1528,-1.78176e+06,5.05249e+06
1529,-2.90109e+06,-4.29434e+06
1530,-4.97357e+06,1.10251e+06
1531,-2.4987e+06,4.62995e+06
1532,1.05308e+06,-4.94556e+06
1533,4.66453e+06,2.06141e+06
1534,-98410.4,-5.27355e+06
1535,5.0914e+06,1.66795e+06
1536,1.31903e+06,5.0291e+06
1537,-4.01419e+06,-3.79769e+06
1538,315849,5.2716e+06
1539,5.05143e+06,-871312
1540,-3.68745e+06,3.24557e+06
1541,1.50722e+06,-5.01965e+06
1542,-5.22216e+06,-250688
1543,2.37647e+06,-4.55839e+06
1544,-4.27022e+06,2.83696e+06
1545,-5.22186e+06,-469465
1546,5.15849e+06,-2.07241e+06
1547,-4.06702e+06,-3.33479e+06
1548,5.16536e+06,152164
1549,-443596,-4.71051e+06
1550,-3.61641e+06,3.69164e+06
1551,-3.36991e+06,3.91624e+06
1552,3.35249e+06,3.99314e+06
1553,-2.8909e+06,4.32572e+06
1554,-1.12664e+06,5.7316e+06
1555,-5.20359e+06,-45542.9
1556,-4.58947e+06,1.9215e+06
1557,4.95852e+06,-1.35726e+06
1558,-1.10814e+06,-4.97564e+06
1559,2.69082e+06,4.50415e+06
1560,-1.8778e+06,5.52531e+06
1561,-533315,5.19169e+06
1562,5.03075e+06,954528
1563,1.96992e+06,4.74851e+06
1564,-2.03558e+06,4.6992e+06
1565,-3.59811e+06,3.94375e+06
1566,-4.63008e+06,-2.41523e+06
1567,2.11052e+06,-4.5554e+06
1568,-4.98878e+06,903483
1569,1.71686e+06,4.85832e+06
1570,-5.42713e+06,2.34476e+06
1571,-5.09394e+06,537482
1572,-4.77857e+06,1.73781e+06
1573,5.04008e+06,358768
1574,-4.99944e+06,-703014
1575,4.95676e+06,-419618
1576,-883699,-4.97367e+06
1577,-2.54738e+06,-4.53576e+06
1578,-4.63802e+06,2.72354e+06
1579,-4.9596e+06,-1.00706e+06
1580,2.47198e+06,4.6509e+06
1581,4.64674e+06,-1.64087e+06
1582,-5.00308e+06,722165
1583,289509,-5.04306e+06
1584,3.29711e+06,-3.67608e+06
1585,-5.0863e+06,202984
1586,4.87764e+06,-1.22757e+06
1587,1.17111e+06,-4.89352e+06
1588,-661285,4.92206e+06
1589,3.39006e+06,-3.52701e+06
1590,4.81555e+06,1.84273e+06
1591,2.56682e+06,-4.45164e+06
1592,-3.32758e+06,-3.78879e+06
1593,4.11601e+06,2.77916e+06
1594,4.44537e+06,-1.91103e+06
1595,10427.5,4.95602e+06
1596,650688,-4.69753e+06
1597,-2.16509e+06,4.57922e+06
1598,-2.47828e+06,-4.27356e+06
1599,-3.9128e+06,3.60129e+06
1600,4.89283e+06,-1.03542e+06
1601,-2.88355e+06,-4.3661e+06
1602,4.7007e+06,-1.92531e+06
1603,4.60424e+06,2.08503e+06
1604,299063,4.55519e+06
1605,-2.8897e+06,-3.36805e+06
1606,4.76757e+06,-1.58893e+06
1607,-3.31561e+06,3.64015e+06
1608,4.31022e+06,2.49157e+06
1609,-219802,-4.49705e+06
1610,3.02113e+06,-3.92385e+06
1611,-223984,5.05168e+06
1612,2.84285e+06,-4.01291e+06
1613,4.35808e+06,410229
1614,133155,5.21918e+06
1615,-4.2122e+06,3.00974e+06
1616,-4.73977e+06,-1.37914e+06
1617,4.59677e+06,-1.47416e+06
1618,-1.41787e+06,4.86058e+06
1619,-963249,5.28929e+06
1620,3.95979e+06,2.97427e+06
1621,4.21842e+06,-2.61237e+06
1622,-2.51789e+06,-4.41644e+06
1623,2.21917e+06,-4.01397e+06
1624,-2.59424e+06,-3.84353e+06
1625,-3.45061e+06,-2.84083e+06
1626,1.57512e+06,-4.66134e+06
1627,-276407,-5.5808e+06
1628,-2.15916e+06,-4.37493e+06
1629,4.20859e+06,-1.18346e+06
1630,-2.35037e+06,-4.50043e+06
1631,4.42247e+06,-1.76555e+06
1632,-4.02774e+06,2.11352e+06
1633,5.25583e+06,-921607
1634,-946942,-4.67013e+06
1635,1.47066e+06,4.68771e+06
1636,-4.72971e+06,2.04878e+06
1637,-4.29572e+06,-2.68122e+06
1638,-1.87981e+06,4.76439e+06
1639,4.4543e+06,-108577
1640,-3.91457e+06,3.17347e+06
1641,-3.94039e+06,3.01805e+06
1642,4.00242e+06,-2.64721e+06
1643,-3.57897e+06,3.48481e+06
1644,1.52631e+06,4.55471e+06
1645,1.89176e+06,-4.45134e+06
1646,-4.82289e+06,1.09757e+06
1647,-766777,-4.8828e+06
1648,876982,-5.29539e+06
1649,3.88332e+06,-2.97025e+06
1650,4.53392e+06,1.53186e+06
1651,3.34549e+06,-3.52919e+06
1652,-2.58554e+06,-4.51618e+06
1653,5.45438e+06,267744
1654,2.03963e+06,-4.34977e+06
1655,4.70792e+06,-1.35484e+06
1656,4.84888e+06,-571456
1657,-202003,-4.8562e+06
1658,2.10577e+06,4.38508e+06
1659,3.84054e+06,2.9226e+06
1660,4.45077e+06,-146660
1661,2.80162e+06,3.98197e+06
1662,-3.33203e+06,3.76186e+06
1663,-1.65163e+06,-4.63084e+06
1664,4.55046e+06,1.13659e+06
1665,229339,4.65685e+06
1666,3.79139e+06,-3.36674e+06
1667,3.3737e+06,3.45923e+06
1668,-1.66557e+06,4.6408e+06
1669,-4.68397e+06,-1.09005e+06
1670,4.7567e+06,704211
1671,-2.39058e+06,3.96116e+06
1672,1.03389e+06,4.58362e+06
1673,4.62345e+06,1.26831e+06
1674,-3.96504e+06,-3.17714e+06
1675,-4.47901e+06,-999000
1676,-3.03681e+06,3.80881e+06
1677,-1.45997e+06,4.63436e+06
1678,-3.23399e+06,-4.02332e+06
1679,4.59205e+06,1.37896e+06
1680,746366,4.74939e+06
1681,873807,-5.18202e+06
1682,3.64229e+06,-3.09905e+06
1683,4.38139e+06,-725978
1684,3.06513e+06,3.53401e+06
1685,-2.93179e+06,-3.89897e+06
1686,-3.93875e+06,-2.96542e+06
1687,-612798,4.25973e+06
1688,-3.17774e+06,-3.02682e+06
1689,3.66065e+06,-2.72717e+06
1690,-2.77827e+06,-4.26873e+06
1691,-3.11089e+06,-3.68252e+06
1692,937622,-5.17979e+06
1693,-482331,4.70701e+06
1694,166353,-4.94039e+06
1695,-2.81375e+06,-4.01452e+06
1696,-3.01331e+06,-3.56899e+06
1697,-4.33269e+06,1.43183e+06
1698,4.79469e+06,-1.11027e+06
1699,4.13623e+06,1.6058e+06
1700,2.80932e+06,3.87918e+06
1701,5.37978e+06,-440378
1702,185428,4.90655e+06
1703,-147018,-4.75839e+06
1704,3.96666e+06,-1.92345e+06
1705,-1.99235e+06,-4.28796e+06
1706,338353,-4.86986e+06
1707,4.93331e+06,-577138
1708,-4.05898e+06,-3.4625e+06
1709,3.02039e+06,-3.58977e+06
1710,1.77803e+06,4.40206e+06
1711,-4.18417e+06,-1.20823e+06
1712,-8620.52,4.75298e+06
1713,1.78291e+06,-4.48592e+06
1714,-1.06112e+06,4.7203e+06
1715,4.19386e+06,1.68184e+06
1716,-3.56881e+06,-2.85818e+06
1717,-4.29035e+06,-1.82471e+06
1718,3.11536e+06,-3.36154e+06
1719,-2.0166e+06,4.26108e+06
1720,-3.59943e+06,-2.32788e+06
1721,-2.64939e+06,-4.19023e+06
1722,4.06897e+06,2.21775e+06
1723,3.30891e+06,2.92384e+06
1724,109018,-4.74795e+06
1725,3.96235e+06,-2.78611e+06
1726,2.94338e+06,-3.87433e+06
1727,-2.26325e+06,3.81905e+06
1728,2.26994e+06,-3.6965e+06
1729,1.35327e+06,-4.48522e+06
1730,2.06988e+06,-4.16635e+06
1731,4.41594e+06,-2.52574e+06
1732,4.68418e+06,519035
1733,-4.97423e+06,-188830
1734,858457,4.60353e+06
1735,-4.54019e+06,741877
1736,-400005,-4.67337e+06
1737,-4.39313e+06,1.1583e+06
1738,3.53271e+06,3.01206e+06
1739,3.90496e+06,2.49322e+06
1740,-4.0652e+06,-2.05477e+06
1741,-4.27894e+06,-1.64298e+06
1742,-4.21094e+06,-1.50271e+06
1743,-316143,-4.32175e+06
1744,4.48222e+06,1.1583e+06
1745,-4.24458e+06,1.76752e+06
1746,-97639.7,4.9417e+06
1747,-4.31155e+06,-660197
1748,-1.94688e+06,-4.26629e+06
1749,-4.58849e+06,-256412
1750,-1.00706e+06,-4.77418e+06
1751,1.37199e+06,4.23523e+06
1752,-104133,4.67761e+06
1753,3.18002e+06,3.45573e+06
1754,4.05387e+06,-2.01219e+06
1755,217669,-4.63799e+06
1756,460518,4.91655e+06
1757,2.07968e+06,-4.04127e+06
1758,-2.15838e+06,-4.07651e+06
1759,-3.78884e+06,-2.51344e+06
1760,4.47601e+06,1.5186e+06
1761,3.73698e+06,-2.20512e+06
1762,3.83819e+06,-2.46692e+06
1763,741575,4.59611e+06
1764,513680,4.63589e+06
1765,-1.71807e+06,-4.20098e+06
1766,-343038,-4.5518e+06
1767,978577,-4.30199e+06
1768,-3.11529e+06,-3.40131e+06
1769,-938216,-5.02081e+06
1770,3.38613e+06,-3.124e+06
1771,-2.22358e+06,4.35581e+06
1772,4.25789e+06,-2.07642e+06
1773,-2.54631e+06,-3.97476e+06
1774,4.28836e+06,-1.3261e+06
1775,-4.51266e+06,542539
1776,4.35033e+06,277337
1777,-2.23494e+06,3.99183e+06
1778,-936149,4.24508e+06
1779,3.36363e+06,3.11332e+06
1780,-4.32442e+06,-885644
1781,4.15326e+06,1.34859e+06
1782,-4.33417e+06,1.13037e+06
1783,4.3735e+06,-1.05682e+06
1784,2.81072e+06,-3.29004e+06
1785,3.64569e+06,2.88226e+06
1786,1.60911e+06,-4.19841e+06
1787,-66713.2,4.50627e+06
1788,-4.13851e+06,1.61475e+06
1789,2.07286e+06,4.33135e+06
1790,-828453,-4.53667e+06
1791,2.18443e+06,3.6197e+06
1792,-2.43217e+06,3.27194e+06
1793,-1.97615e+06,3.84338e+06
1794,-2.2987e+06,3.29935e+06
1795,2.6456e+06,-3.61709e+06
1796,820941,-4.46036e+06
1797,-160488,4.59874e+06
1798,-2.81806e+06,3.97651e+06
1799,4.33823e+06,542833
1800,2.45651e+06,-3.69573e+06
1801,3.71825e+06,-2.41099e+06
1802,-4.37825e+06,1.06519e+06
1803,3.64936e+06,2.58074e+06
1804,2.05726e+06,-4.33119e+06
1805,1.25266e+06,4.55377e+06
1806,1.89428e+06,4.36133e+06
1807,2.97733e+06,3.22437e+06
1808,5.02182e+06,-907741
1809,-3.00754e+06,-3.60554e+06
1810,-2.98685e+06,3.39881e+06
1811,-2.30223e+06,4.054e+06
1812,2.84446e+06,3.42457e+06
1813,-3.63331e+06,-2.60031e+06
1814,-1.05381e+06,4.64316e+06
1815,4.21866e+06,-1.53704e+06
1816,4.22405e+06,-1.06957e+06
1817,-3.34856e+06,2.67792e+06
1818,-1.00867e+06,-3.82582e+06
1819,-1.98731e+06,3.89282e+06
1820,-2.71674e+06,-3.65851e+06
1821,1.81972e+06,4.09098e+06
1822,-4.37929e+06,-395622
1823,-880497,-4.3547e+06
1824,892682,4.41049e+06
1825,-4.20223e+06,1.22062e+06
1826,-3.65303e+06,2.37815e+06
1827,4.27403e+06,693266
1828,4.37889e+06,-285806
1829,-2.01207e+06,-4.12062e+06
1830,2.80991e+06,-3.25038e+06
1831,-133133,-4.0849e+06
1832,-542407,3.84838e+06
1833,3.62179e+06,-2.77709e+06
1834,-3.75551e+06,2.22522e+06
1835,3.15653e+06,-3.39393e+06
1836,-1.88199e+06,3.87706e+06
1837,3.937e+06,2.11625e+06
1838,-3.15582e+06,2.84854e+06
1839,4.16701e+06,-2.04579e+06
1840,-1.90548e+06,-3.98635e+06
1841,-3.81412e+06,2.09702e+06
1842,3.05818e+06,-2.65376e+06
1843,3.98057e+06,1.71442e+06
1844,4.18623e+06,-1.56401e+06
1845,-3.36316e+06,-2.90453e+06
1846,1.28447e+06,-4.06331e+06
1847,-1.76086e+06,-4.12063e+06
1848,-447207,-4.3543e+06
1849,1.19781e+06,4.0035e+06
1850,4.30519e+06,-715148
1851,-3.05879e+06,-3.09829e+06
1852,4.30086e+06,-1.24171e+06
1853,-3.59285e+06,-2.13344e+06
1854,-4.18229e+06,-1.53185e+06
1855,-4.20158e+06,-1.06679e+06
1856,-1.25352e+06,4.02912e+06
1857,928051,4.42191e+06
1858,-978991,-4.24682e+06
1859,4.3518e+06,17171.8
1860,-2.61761e+06,3.42136e+06
1861,-4.42656e+06,516661
1862,2.77192e+06,3.39183e+06
1863,165415,-4.41602e+06
1864,-4.16479e+06,-1.10102e+06
1865,-3.86934e+06,1.97028e+06
1866,3.83014e+06,-1.2719e+06
1867,-4.32522e+06,-698432
1868,4.17257e+06,1.24214e+06
1869,4.36071e+06,-130952
1870,613919,-4.27667e+06
1871,3.44334e+06,-2.59746e+06
1872,2.28607e+06,3.39071e+06
1873,1.34971e+06,4.13033e+06
1874,-3.80622e+06,1.82138e+06
1875,3.66373e+06,-2.43836e+06
1876,-1.14566e+06,4.17655e+06
1877,-3.97018e+06,-1.47281e+06
1878,4.17482e+06,422195
1879,-4.1978e+06,296141
1880,-3.79006e+06,1.29561e+06
1881,-4.13504e+06,-1.01897e+06
1882,1.79068e+06,-3.94234e+06
1883,4.30101e+06,-434089
1884,-1.40107e+06,-4.30697e+06
1885,-4.19039e+06,-504845
1886,2.38325e+06,3.33222e+06
1887,4.17407e+06,555902
1888,-3.60782e+06,-1.90265e+06
1889,-3.3138e+06,-2.6511e+06
1890,4.24149e+06,633360
1891,2.38726e+06,3.52769e+06
1892,-3.7939e+06,-1.79386e+06
1893,-1.51684e+06,4.09826e+06
1894,-3.18069e+06,2.81476e+06
1895,-1.97262e+06,-3.79071e+06
1896,257563,-4.93012e+06
1897,-2.98664e+06,2.75281e+06
1898,-2.46229e+06,3.4753e+06
1899,-3.78277e+06,486626
1900,-484690,4.49688e+06
1901,-4.17144e+06,-887368
1902,1.33407e+06,-3.84485e+06
1903,3.51103e+06,2.43219e+06
1904,-2.31619e+06,3.64572e+06
1905,4.32907e+06,35498.1
1906,-4.21001e+06,43420.5
1907,224036,-4.58547e+06
1908,-3.42857e+06,2.443e+06
1909,2.35744e+06,-3.49926e+06
1910,3.78053e+06,-2.20504e+06
1911,728407,4.1592e+06
1912,-750510,-4.22098e+06
1913,-3.70675e+06,-1.61941e+06
1914,4.07412e+06,-1.14796e+06
1915,554031,-3.94367e+06
1916,3.61015e+06,888690
1917,-3.74702e+06,2.69411e+06
1918,2.10716e+06,4.11532e+06
1919,3.31285e+06,-2.50495e+06
1920,-2.08465e+06,3.66834e+06
1921,-1.48276e+06,4.1777e+06
1922,4.33189e+06,-1.54723e+06
1923,2.26093e+06,3.34412e+06
1924,-3.82002e+06,-2.012e+06
1925,3.56129e+06,-2.26007e+06
1926,1.95612e+06,-3.7602e+06
1927,3.38272e+06,2.13106e+06
1928,4.07401e+06,-953108
1929,3.22639e+06,-2.68677e+06
1930,919492,-3.50472e+06
1931,2.11552e+06,3.42955e+06
1932,-3.55414e+06,-1.39458e+06
1933,3.9055e+06,179741
1934,3.91736e+06,-876822
1935,-3.48164e+06,2.27084e+06
1936,2.03758e+06,-3.55248e+06
1937,4.46622e+06,-352687
1938,-1.11254e+06,-4.10097e+06
1939,-3.85796e+06,-1.50034e+06
1940,1.17987e+06,-3.93273e+06
1941,-1.85356e+06,3.61897e+06
1942,1.49984e+06,-4.09944e+06
1943,4.08392e+06,496510
1944,434986,4.03992e+06
1945,-1.03851e+06,4.00577e+06
1946,374800,4.00618e+06
1947,-2.87716e+06,2.72001e+06
1948,4.18197e+06,-286076
1949,-2.28835e+06,-3.33185e+06
1950,1.58354e+06,-3.8025e+06
1951,4.16873e+06,585679
1952,-4.20569e+06,-481420
1953,-3.75838e+06,1.46986e+06
1954,-4.11747e+06,2.50533e+06
1955,124159,4.06868e+06
1956,-4.41108e+06,1.24159e+06
1957,-3.66352e+06,2.03588e+06
1958,4.31763e+06,413033
1959,1.64584e+06,-4.16615e+06
1960,-3.58181e+06,1.77188e+06
1961,-342525,-4.02723e+06
1962,-2.32965e+06,2.51077e+06
1963,-1.79045e+06,3.9301e+06
1964,3.17907e+06,-1.65082e+06
1965,-3.26912e+06,-2.04371e+06
1966,3.90734e+06,-1.38258e+06
1967,-3.81961e+06,-184391
1968,-2.41662e+06,-3.1001e+06
1969,4.059e+06,-805979
1970,-208579,4.40785e+06
1971,2.90362e+06,-2.78138e+06
1972,1.23202e+06,-4.77324e+06
1973,3.93661e+06,1.31513e+06
1974,-3.62944e+06,-1.61357e+06
1975,-1.32167e+06,3.61467e+06
1976,-703785,-3.90349e+06
1977,-3.92062e+06,-1.26769e+06
1978,-637692,4.14968e+06
1979,-3.8926e+06,-827765
1980,3.66372e+06,1.63384e+06
1981,1.30744e+06,-4.54413e+06
1982,-3.23739e+06,-2.28256e+06
1983,1.9322e+06,3.53032e+06
1984,-2.77531e+06,2.83818e+06
1985,881451,3.89229e+06
1986,-4.265e+06,196400
1987,-545805,4.22698e+06
1988,-4.34822e+06,1.00223e+06
1989,-216145,3.86191e+06
1990,1.13445e+06,3.84388e+06
1991,3.45663e+06,2.06755e+06
1992,-222192,3.97523e+06
1993,-2.22736e+06,3.16087e+06
1994,-1.89246e+06,3.5227e+06
1995,-3.15106e+06,-2.01984e+06
1996,-2.95763e+06,-2.38805e+06
1997,-3.58555e+06,-2.0217e+06
1998,-3.6739e+06,-1.39795e+06
1999,3.89157e+06,-1.09636e+06
2000,3.87395e+06,-1.17588e+06
2001,-3.55263e+06,1.22198e+06
2002,2.3152e+06,3.25721e+06
2003,177187,3.87936e+06
2004,-3.86465e+06,-710572
2005,1.53215e+06,3.5572e+06
2006,3.68924e+06,-1.2444e+06
2007,2.10042e+06,-3.40872e+06
2008,-2.27248e+06,3.07031e+06
2009,3.6085e+06,647461
2010,-241051,3.74171e+06
2011,-521460,3.94014e+06
2012,1.6103e+06,-3.66155e+06
2013,2.9091e+06,-2.56529e+06
2014,-3.83901e+06,-924017
2015,-4.23234e+06,-1.89389e+06
2016,3.19213e+06,2.37792e+06
2017,67826.3,-3.70327e+06
2018,-599381,3.82019e+06
2019,-3.78435e+06,777268
2020,2.11741e+06,3.38529e+06
2021,-3.13723e+06,-2.18783e+06
2022,-49278.6,3.61288e+06
2023,-3.4775e+06,1.32299e+06
2024,-3.39236e+06,-1.73649e+06
2025,4.11804e+06,287506
2026,1.21144e+06,-3.88046e+06
2027,-3.88858e+06,-551120
2028,-701322,3.80141e+06
2029,467187,-3.89755e+06
2030,-139429,4.24525e+06
2031,2.18363e+06,-3.15045e+06
2032,-1.03727e+06,-4.02886e+06
2033,-1.49763e+06,3.59401e+06
2034,1.18722e+06,3.74938e+06
2035,-2.61995e+06,-2.58995e+06
2036,-64606.4,-4.11274e+06
2037,-269946,-3.85126e+06
2038,-3.60394e+06,-1.58123e+06
2039,-1.41257e+06,3.47936e+06
2040,1.44498e+06,-3.25808e+06
2041,2.36083e+06,-2.93893e+06
2042,2.66709e+06,2.97875e+06
2043,1.91753e+06,-3.48798e+06
2044,-2.35447e+06,-3.17272e+06
2045,-3.26106e+06,-1.942e+06
2046,-3.11968e+06,2.19682e+06
2047,-1.18108e+06,3.84813e+06
2048,-2.49244e+06,-3.41594e+06
2049,-2.13081e+06,3.45348e+06
2050,2.0752e+06,3.39407e+06
2051,-765696,3.7849e+06
2052,2.90875e+06,2.69277e+06
2053,-2.11112e+06,3.53389e+06
2054,3.40286e+06,1.23937e+06
2055,3.66072e+06,1.00957e+06
2056,-3.97092e+06,-185020
2057,3.27004e+06,2.16857e+06
2058,-3.83093e+06,-27665.6
2059,-3.47624e+06,443266
2060,-2.71456e+06,-2.27846e+06
2061,713864,-4.82414e+06
2062,2.51389e+06,-2.85251e+06
2063,-2.64319e+06,-2.76651e+06
2064,3.62734e+06,560699
2065,-3.21851e+06,2.1281e+06
2066,-3.28922e+06,1.77579e+06
2067,-3.32254e+06,1.85443e+06
2068,2.94997e+06,2.28813e+06
2069,-2.68414e+06,-2.62904e+06
2070,-3.70806e+06,955916
2071,-3.37228e+06,1.03002e+06
2072,-538144,-3.78735e+06
2073,-1.52357e+06,-3.22761e+06
2074,3.13527e+06,-2.14165e+06
2075,3.73435e+06,768887
2076,-3.0691e+06,-2.07755e+06
2077,3.47398e+06,-1.6787e+06
2078,-3.41099e+06,-1.7679e+06
2079,-3.23118e+06,1.91218e+06
2080,-1.20849e+06,-3.58769e+06
2081,-1.3685e+06,3.55113e+06
2082,1.15864e+06,3.56761e+06
2083,1.79197e+06,3.38273e+06
2084,-2.36933e+06,-3.18712e+06
2085,-3.50567e+06,1.49027e+06
2086,2.67464e+06,2.65591e+06
2087,3.51461e+06,-1.36e+06
2088,2.43149e+06,2.82703e+06
2089,-2.75576e+06,2.04854e+06
2090,3.32516e+06,-1.76913e+06
2091,-3.43902e+06,368275
2092,879194,3.91347e+06
2093,-1.68201e+06,3.52735e+06
2094,3.39177e+06,-1.61505e+06
2095,-1.82529e+06,4.0612e+06
2096,-850855,3.67525e+06
2097,372029,3.88402e+06
2098,3.71316e+06,47000.9
2099,-2.1323e+06,3.05113e+06
2100,1.21196e+06,-3.60361e+06
2101,-2.36029e+06,2.7643e+06
2102,-3.44042e+06,-1.66329e+06
2103,2.8599e+06,-2.47924e+06
2104,2.27738e+06,2.83347e+06
2105,-2.47696e+06,-2.9763e+06
2106,951630,-3.65264e+06
2107,-2.69088e+06,2.55764e+06
2108,1.6364e+06,3.4049e+06
2109,-3.18891e+06,-2.85571e+06
2110,-2.7273e+06,-2.90212e+06
2111,-2.58877e+06,-2.72746e+06
2112,-3.25127e+06,-2.21398e+06
2113,-2.40619e+06,2.82859e+06
2114,1.39258e+06,-3.55923e+06
2115,1.29672e+06,3.43928e+06
2116,-3.12844e+06,-1.59517e+06
2117,-1.95579e+06,-3.51057e+06
2118,-3.63025e+06,-701428
2119,-3.53442e+06,853044
2120,1.9093e+06,-3.11076e+06
2121,910939,3.67331e+06
2122,-3.36459e+06,1.79976e+06
2123,-3.56561e+06,-2.38035e+06
2124,-3.4644e+06,275833
2125,-2.08497e+06,2.55058e+06
2126,2.74436e+06,-2.58292e+06
2127,-1.28998e+06,-3.4406e+06
2128,2.2914e+06,-2.91397e+06
2129,3.0507e+06,-2.12859e+06
2130,-3.50411e+06,1.3073e+06
2131,767123,3.68256e+06
2132,-3.53996e+06,-805671
2133,-3.46503e+06,-1.01991e+06
2134,646424,-3.96854e+06
2135,-3.19965e+06,1.79053e+06
2136,3.33079e+06,454230
2137,-734842,3.0296e+06
2138,-3.44488e+06,1.44585e+06
2139,2.25902e+06,-3.00242e+06
2140,3.7452e+06,-751992
2141,3.58897e+06,-984116
2142,2.55281e+06,2.59338e+06
2143,-3.24548e+06,-2.14759e+06
2144,2.08954e+06,3.06166e+06
2145,3.80492e+06,243124
2146,3.57247e+06,1.24947e+06
2147,-2.68902e+06,2.37852e+06
2148,3.52663e+06,-1.02691e+06
2149,-2.87165e+06,-2.93808e+06
2150,1.06488e+06,-3.56079e+06
2151,-4.0522e+06,819881
2152,3.42891e+06,1.2617e+06
2153,-1.68463e+06,3.33078e+06
2154,2.86674e+06,-2.99456e+06
2155,-3.63143e+06,981707
2156,3.20962e+06,1.79729e+06
2157,-3.59403e+06,1.03193e+06
2158,-1.86681e+06,-3.34255e+06
2159,-3.66247e+06,100852
2160,-3.51442e+06,925198
2161,3.6386e+06,-592377
2162,-3.63802e+06,-85964.3
2163,-534236,3.8412e+06
2164,2.4488e+06,2.7378e+06
2165,-2.98095e+06,-2.14593e+06
2166,1.16079e+06,3.45623e+06
2167,2.60901e+06,2.51587e+06
2168,-2.72241e+06,1.91281e+06
2169,2.48123e+06,-2.40646e+06
2170,1.66318e+06,-3.26987e+06
2171,3.49772e+06,-1.29966e+06
2172,-2.83968e+06,-2.67736e+06
2173,-1.11219e+06,-2.60152e+06
2174,-3.66569e+06,46660.8
2175,-3.57479e+06,-1.05125e+06
2176,636493,3.6345e+06
2177,-2.85535e+06,2.54879e+06
2178,-2.26392e+06,-2.73992e+06
2179,560797,3.79059e+06
2180,-865472,-3.50974e+06
2181,2.50374e+06,-2.61861e+06
2182,3.05938e+06,-1.72644e+06
2183,3.51934e+06,-1.109e+06
2184,-2.23559e+06,2.60829e+06
2185,2.84811e+06,1.77144e+06
2186,2.81994e+06,2.03948e+06
2187,-3.03805e+06,1.84821e+06
2188,-3.47733e+06,1.40855e+06
2189,-2.67589e+06,2.08159e+06
2190,-3.37356e+06,-1.56186e+06
2191,-356273,-3.58787e+06
2192,-2.19377e+06,-2.9763e+06
2193,3.35511e+06,-1.53019e+06
2194,3.76004e+06,-243531
2195,-851168,-3.36052e+06
2196,1.97603e+06,3.05701e+06
2197,-3.44445e+06,320290
2198,3.79068e+06,-390028
2199,-3.84741e+06,-199069
2200,3.43756e+06,-2.41665e+06
2201,2.26119e+06,-2.35057e+06
2202,3.257e+06,807187
2203,-2.15257e+06,3.04864e+06
2204,-1.82158e+06,3.06261e+06
2205,-142620,3.86001e+06
2206,3.01254e+06,-2.149e+06
2207,-4.18742e+06,687196
2208,-3.61605e+06,931866
2209,1.07851e+06,3.41917e+06
2210,1.70232e+06,2.9917e+06
2211,-2.46087e+06,3.18669e+06
2212,49766,3.67673e+06
2213,-481027,4.05816e+06
2214,3.12263e+06,-1.69738e+06
2215,3.61357e+06,64127.3
2216,1.95682e+06,-3.11932e+06
2217,-1.02578e+06,3.35179e+06
2218,-1.82181e+06,2.99812e+06
2219,-4.17234e+06,-485658
2220,-1.80793e+06,-3.69582e+06
2221,-3.07887e+06,-47810.4
2222,-3.16067e+06,618805
2223,502290,3.62635e+06
2224,-3.22484e+06,485418
2225,-1.73896e+06,3.50459e+06
2226,1.99366e+06,-2.40563e+06
2227,1.15333e+06,3.2651e+06
2228,3.30723e+06,-137739
2229,2.05054e+06,-3.09009e+06
2230,2.27851e+06,-2.76559e+06
2231,-2.33782e+06,3.1395e+06
2232,-2.55011e+06,-2.35473e+06
2233,2.66335e+06,-2.802e+06
2234,2.36866e+06,2.72358e+06
2235,-3.62787e+06,421479
2236,-3.31443e+06,868624
2237,3.25908e+06,1.28433e+06
2238,771878,-3.47305e+06
2239,-2.21672e+06,-2.77429e+06
2240,2.38901e+06,3.02164e+06
2241,-1.26543e+06,-3.253e+06
2242,194291,3.60935e+06
2243,1.95009e+06,-2.88964e+06
2244,378257,3.58936e+06
2245,-2.39264e+06,2.48109e+06
2246,3.41132e+06,757542
2247,2.87486e+06,-1.97808e+06
2248,-837751,-3.53144e+06
2249,472084,-3.41515e+06
2250,900611,3.51903e+06
2251,-3.50145e+06,-193941
2252,3.2632e+06,990461
2253,2.49556e+06,2.42412e+06
2254,1.1729e+06,3.85329e+06
2255,3.24341e+06,-2.6513e+06
2256,3.10411e+06,-49626.4
2257,-3.66128e+06,64873.2
2258,3.52857e+06,-3927.55
2259,-2.06329e+06,2.91021e+06
2260,-2.68673e+06,-2.35858e+06
2261,-3.05673e+06,-2.04277e+06
2262,-286881,-3.75043e+06
2263,-2.62668e+06,2.90432e+06
2264,-3.14136e+06,2.48837e+06
2265,-3.04191e+06,2.20239e+06
2266,3.39739e+06,-335364
2267,-3.80157e+06,-1.18232e+06
2268,13766.5,-3.5081e+06
2269,71596.7,3.35108e+06
2270,-2.37968e+06,2.31097e+06
2271,3.82245e+06,817652
2272,-2.82949e+06,2.23265e+06
2273,2.06358e+06,3.38423e+06
2274,3.49251e+06,1.39023e+06
2275,-2.52203e+06,-2.56861e+06
2276,3.5879e+06,256075
2277,-3.25049e+06,-2.0121e+06
2278,2.75418e+06,-2.66016e+06
2279,-3.10719e+06,1.59307e+06
2280,3.37574e+06,-1.37292e+06
2281,932291,3.621e+06
2282,3.42854e+06,810856
2283,-3.35332e+06,-719182
2284,3.31694e+06,2.51578e+06
2285,3.6027e+06,198828
2286,3.00009e+06,-1.80368e+06
2287,-3.29871e+06,481528
2288,2.55652e+06,2.36287e+06
2289,-3.46157e+06,-315568
2290,-2.67287e+06,-2.30302e+06
2291,-2.65925e+06,-1.09919e+06
2292,-3.22683e+06,1.34935e+06
2293,2.03323e+06,-2.76157e+06
2294,214433,3.51031e+06
2295,-3.15914e+06,-1.66549e+06
2296,3.37011e+06,852657
2297,-3.2254e+06,2.34434e+06
2298,4.5519e+06,314134
2299,1.69545e+06,2.96009e+06
2300,3.2682e+06,1.57066e+06
2301,-3.75464e+06,-395952
2302,-3.56189e+06,15647.2
2303,-2.88586e+06,-1.3967e+06
2304,-805978,-3.56736e+06
2305,-1.44267e+06,-3.14761e+06
2306,-845033,3.44181e+06
2307,2.43786e+06,2.53452e+06
2308,-64746.5,3.71116e+06
2309,-1.38638e+06,-2.83323e+06
2310,3.26199e+06,1.16466e+06
2311,-750835,-3.42219e+06
2312,-482530,-3.48119e+06
2313,1.85811e+06,-3.25632e+06
2314,-2.43933e+06,1.89172e+06
2315,-1.15533e+06,3.24892e+06
2316,-374430,-2.86595e+06
2317,-1.80611e+06,-3.0805e+06
2318,-2.68975e+06,2.29095e+06
2319,2.64242e+06,-2.37921e+06
2320,3.15135e+06,1.38944e+06
2321,3.61687e+06,-859666
2322,3.26173e+06,-1.09245e+06
2323,-3.45847e+06,802384
2324,-3.27742e+06,2.04886e+06
2325,-159578,3.54068e+06
2326,2.91097e+06,-1.89777e+06
2327,985171,3.75091e+06
2328,-3.3586e+06,1.10015e+06
2329,3.11832e+06,-1.59251e+06
2330,-351592,-3.41492e+06
2331,1.4846e+06,-3.0967e+06
2332,-2.82178e+06,-556364
2333,-2.74284e+06,2.15528e+06
2334,-675097,3.30191e+06
2335,-2.92689e+06,1.38178e+06
2336,-2.24577e+06,-2.13613e+06
2337,-3.35666e+06,845460
2338,3.04741e+06,1.11497e+06
2339,-909434,-3.18776e+06
2340,2.16806e+06,-3.04056e+06
2341,2.82458e+06,-1.97721e+06
2342,2.77159e+06,1.49243e+06
2343,-55005.4,3.47326e+06
2344,238034,-3.51504e+06
2345,2.5338e+06,-2.39906e+06
2346,312562,-3.57541e+06
2347,3.3718e+06,1.45533e+06
2348,2.31902e+06,-2.26164e+06
2349,-3.12452e+06,-1.56869e+06
2350,522458,-3.43648e+06
2351,3.24256e+06,-542270
2352,-1.61076e+06,-2.93521e+06
2353,-2.9135e+06,-1.79545e+06
2354,3.12003e+06,927276
2355,531558,-3.2034e+06
2356,3.46227e+06,503928
2357,-464421,3.37671e+06
2358,3.34453e+06,1.63937e+06
2359,2.47148e+06,2.33921e+06
2360,-2.86779e+06,-1.07849e+06
2361,-689858,3.34526e+06
2362,-3.22619e+06,1.21771e+06
2363,-2.23323e+06,2.81489e+06
2364,2.28366e+06,2.27703e+06
2365,-2.13099e+06,1.9718e+06
2366,3.16315e+06,-1.43608e+06
2367,-2.14983e+06,-2.52096e+06
2368,3.32426e+06,762269
2369,-2.56416e+06,-2.39236e+06
2370,2.06762e+06,2.84388e+06
2371,-1.69257e+06,-2.79532e+06
2372,-3.7926e+06,-81803.3
2373,-3.29908e+06,153951
2374,-3.08745e+06,1.49151e+06
2375,3.36718e+06,778769
2376,-273205,3.30558e+06
2377,1.53566e+06,3.23046e+06
2378,-1.16748e+06,-3.19438e+06
2379,-1.23868e+06,3.22154e+06
2380,3.29915e+06,-560094
2381,3.79368e+06,349887
2382,-3.45018e+06,-709887
2383,777111,-3.23504e+06
2384,-3.43515e+06,272163
2385,-2.86364e+06,2.27155e+06
2386,325746,3.46021e+06
2387,1.31854e+06,3.10108e+06
2388,2.78546e+06,1.87335e+06
2389,2.15161e+06,2.43624e+06
2390,-1.41628e+06,-3.0583e+06
2391,-3.63722e+06,1.4681e+06
2392,-1.04117e+06,3.17058e+06
2393,744471,3.04625e+06
2394,3.2114e+06,889124
2395,1.73714e+06,3.64468e+06
2396,2.95663e+06,-1.79944e+06
2397,2.83711e+06,1.77609e+06
2398,251689,-2.98313e+06
2399,2.44908e+06,2.16283e+06
2400,1.21634e+06,-2.78921e+06
2401,-2.2063e+06,2.51851e+06
2402,-3.24382e+06,-1.13937e+06
2403,-1.79481e+06,3.25384e+06
2404,-3.08469e+06,-1.87993e+06
2405,2.89763e+06,1.46712e+06
2406,-3.18986e+06,-761213
2407,-3.21589e+06,447913
2408,1.30844e+06,3.09426e+06
2409,-1.00506e+06,3.46462e+06
2410,3.24941e+06,-1.02271e+06
2411,-138228,3.44276e+06
2412,2.99607e+06,-538614
2413,1.56685e+06,2.85848e+06
2414,-3.37388e+06,435766
2415,-1.84355e+06,-2.65153e+06
2416,-2.89007e+06,591802
2417,944449,3.24504e+06
2418,1.35643e+06,2.84327e+06
2419,3.5683e+06,-210999
2420,-2.74918e+06,1.86187e+06
2421,1.12667e+06,2.46412e+06
2422,2.88922e+06,-1.66248e+06
2423,2.24271e+06,-2.68295e+06
2424,-3.26487e+06,1.79931e+06
2425,616028,-3.48406e+06
2426,-2.75274e+06,1.8413e+06
2427,-2.65194e+06,2.3361e+06
2428,-769661,3.2528e+06
2429,-2.1101e+06,-2.56224e+06
2430,-3.38996e+06,598762
2431,-3.28298e+06,1.42977e+06
2432,-2.98258e+06,-1.87367e+06
2433,3.41857e+06,998909
2434,3.24058e+06,-34645.2
2435,-3.03619e+06,-1.4377e+06
2436,-3.23211e+06,741827
2437,-3.9794e+06,-1.16645e+06
2438,-780932,-3.20524e+06
2439,1.47337e+06,-3.21407e+06
2440,847517,3.22813e+06
2441,-422381,-3.54111e+06
2442,-2.73621e+06,-2.52741e+06
2443,-3.1814e+06,-413949
2444,3.23159e+06,-483930
2445,3.2017e+06,-93538.8
2446,545792,-3.5089e+06
2447,-1.29617e+06,-2.90325e+06
2448,2.63148e+06,-2.11627e+06
2449,868927,-2.57738e+06
2450,-3.00207e+06,-1.0364e+06
2451,-3.35346e+06,300536
2452,-2.51443e+06,-1.7685e+06
2453,-824407,2.02647e+06
2454,-2.00324e+06,-2.67849e+06
2455,-1.28132e+06,-3.08521e+06
2456,878142,-3.28863e+06
2457,-2.11908e+06,2.11441e+06
2458,-2.7553e+06,-2.68682e+06
2459,3.10139e+06,1.26641e+06
2460,909168,-3.13458e+06
2461,3.31828e+06,1.13708e+06
2462,110394,-3.62545e+06
2463,-2.32315e+06,2.45194e+06
2464,3.08221e+06,-1.78999e+06
2465,2.86458e+06,1.86436e+06
2466,3.29263e+06,-714798
2467,-2.20587e+06,2.65877e+06
2468,2.28512e+06,2.59052e+06
2469,673611,3.78084e+06
2470,3.14472e+06,182877
2471,-1.20291e+06,-2.31766e+06
2472,-830617,-3.89401e+06
2473,-3.16284e+06,1.50525e+06
2474,-3.23806e+06,1.59313e+06
2475,2.65131e+06,1.91488e+06
2476,-868641,-3.198e+06
2477,2.97188e+06,1.34271e+06
2478,1.33902e+06,-3.04463e+06
2479,-3.37186e+06,-426164
2480,-1.58891e+06,2.80262e+06
2481,-1.92238e+06,2.69462e+06
2482,3.15307e+06,62236.4
2483,2.09457e+06,-2.54744e+06
2484,929898,3.56405e+06
2485,3.23025e+06,-1.0132e+06
2486,-3.69999e+06,-420600
2487,2.72645e+06,-1.95005e+06
2488,-3.21694e+06,821075
2489,3.07893e+06,622791
2490,2.84628e+06,1.28363e+06
2491,-1.60683e+06,-3.04504e+06
2492,-2.26624e+06,-2.22854e+06
2493,2.05282e+06,2.46036e+06
2494,-568561,-3.0058e+06
2495,3.10138e+06,1.02966e+06
2496,2.88932e+06,772395
2497,2.17836e+06,-2.05451e+06
2498,-3.01849e+06,-198140
2499,-74509,-3.49535e+06
2500,-636695,3.29086e+06
2501,-3.42575e+06,-371393
2502,2.97248e+06,-1.20588e+06
2503,287212,-3.10723e+06
2504,1.98994e+06,-2.52939e+06
2505,663053,-3.11267e+06
2506,-1.8957e+06,-2.90273e+06
2507,-1.76876e+06,-2.74435e+06
2508,-274296,-3.18437e+06
2509,391383,-2.24682e+06
2510,-2.93018e+06,1.26563e+06
2511,2.97557e+06,397377
2512,3.1358e+06,560582
2513,3.0475e+06,-977054
2514,-2.36429e+06,2.39777e+06
2515,2.68939e+06,-163867
2516,2.19961e+06,-2.46795e+06
2517,-3.10298e+06,221298
2518,-2.229e+06,2.54722e+06
2519,-582867,-3.30255e+06
2520,-3.24606e+06,-689997
2521,-3.2033e+06,632625
2522,-1.52015e+06,-2.85891e+06
2523,-3.15243e+06,855983
2524,-1.40867e+06,-2.92405e+06
2525,-3.14878e+06,-830235
2526,-3.73566e+06,-1.87935e+06
2527,-318712,3.07695e+06
2528,3.11354e+06,817852
2529,-784923,3.08903e+06
2530,3.29312e+06,-59515.2
2531,-2.07957e+06,2.52973e+06
2532,-2.9971e+06,1.05637e+06
2533,-2.10755e+06,-2.64203e+06
2534,2.13178e+06,-2.4946e+06
2535,-2.67497e+06,-1.63956e+06
2536,-193558,3.40639e+06
2537,-6941.59,3.28463e+06
2538,640685,2.91368e+06
2539,-60134.1,3.52304e+06
2540,819074,3.34926e+06
2541,1.40352e+06,2.39963e+06
2542,-2.29859e+06,-2.22447e+06
2543,2.41413e+06,2.02765e+06
2544,3.42112e+06,221789
2545,2.0349e+06,-2.37364e+06
2546,-1.5691e+06,-2.80019e+06
2547,3.15512e+06,293999
2548,-1.07864e+06,2.90845e+06
2549,-151497,3.15756e+06
2550,1.61121e+06,-2.59887e+06
2551,-3.1422e+06,6967.6
2552,3.42697e+06,-113524
2553,3.3673e+06,-357511
2554,1.28444e+06,2.9475e+06
2555,2.1434e+06,2.28076e+06
2556,3.10744e+06,-1.01049e+06
2557,-3.16422e+06,771490
2558,-1.30272e+06,2.87412e+06
2559,2.69516e+06,-1.17695e+06
2560,3.36352e+06,531773
2561,-2.978e+06,1.19482e+06
2562,135970,3.18412e+06
2563,-1.56688e+06,2.97007e+06
2564,3.0363e+06,840204
2565,3.14508e+06,-519428
2566,1.4946e+06,2.68976e+06
2567,-1.18566e+06,2.88675e+06
2568,-849377,3.19533e+06
2569,-2.41557e+06,-2.04872e+06
2570,1.31705e+06,-2.85179e+06
2571,3.00401e+06,1.00202e+06
2572,-2.17066e+06,-1.00252e+06
2573,-3.11869e+06,313016
2574,-2.34334e+06,-2.12174e+06
2575,788872,-3.05936e+06
2576,-3.27156e+06,-816163
2577,2.82628e+06,-1.64818e+06
2578,3.07021e+06,900476
2579,1.40031e+06,2.86674e+06
2580,-1.02761e+06,3.71836e+06
2581,1.70746e+06,2.95751e+06
2582,-2.6919e+06,-1.41923e+06
2583,-508276,-3.16644e+06
2584,3.01177e+06,1.04656e+06
2585,-238829,-3.34782e+06
2586,2.66785e+06,1.94399e+06
2587,-1.31355e+06,2.76364e+06
2588,-1.78148e+06,2.48719e+06
2589,1.17925e+06,3.00147e+06
2590,2.8465e+06,723800
2591,-2.27786e+06,1.59755e+06
2592,-1.6312e+06,-2.82316e+06
2593,-2.75495e+06,-1.55465e+06
2594,2.99337e+06,1.45789e+06
2595,3.85349e+06,-411407
2596,2.37181e+06,-2.5706e+06
2597,-1.28927e+06,-2.76696e+06
2598,-2.85124e+06,-2.51028e+06
2599,264791,2.76294e+06
2600,1.21481e+06,2.92622e+06
2601,-3.0031e+06,-566971
2602,-3.10583e+06,185018
2603,-2.82138e+06,1.2862e+06
2604,-3.06151e+06,-2.0107e+06
2605,-1.82625e+06,2.53251e+06
2606,-822937,-3.05063e+06
2607,-2.57598e+06,-1.89001e+06
2608,-1.68728e+06,-2.75389e+06
2609,1.04775e+06,-3.0511e+06
2610,978104,2.98486e+06
2611,-477119,-3.10937e+06
2612,-1.95942e+06,-2.44476e+06
2613,2.75035e+06,-1.19673e+06
2614,-2.13504e+06,2.10394e+06
2615,-2.76744e+06,1.44771e+06
2616,-3.58424e+06,-893963
2617,-690629,-2.77849e+06
2618,2.99275e+06,-7136.24
2619,1.41406e+06,2.80752e+06
2620,424372,-2.97567e+06
2621,-1.84891e+06,-2.25378e+06
2622,-3.07553e+06,1.09967e+06
2623,-914254,-2.56875e+06
2624,2.57728e+06,-1.64858e+06
2625,3.08884e+06,792549
2626,2.25294e+06,1.98175e+06
2627,2.80563e+06,1.50385e+06
2628,-1.69303e+06,2.67159e+06
2629,-83132.6,-3.01022e+06
2630,3.0051e+06,134628
2631,2.72185e+06,1.50513e+06
2632,620927,3.08248e+06
2633,2.05207e+06,-2.57328e+06
2634,-3.0726e+06,590914
2635,17251.1,3.06232e+06
2636,-829808,-2.62783e+06
2637,-3.03144e+06,-68540.6
2638,3.48226e+06,1.04964e+06
2639,288958,3.11478e+06
2640,-2.69114e+06,626612
2641,2.74196e+06,1.40275e+06
2642,-2.62025e+06,-1.98537e+06
2643,-2.0416e+06,2.43291e+06
2644,-2.27108e+06,-2.26135e+06
2645,-703018,-2.97798e+06
2646,3.03962e+06,-43297.3
2647,-1.75794e+06,2.57732e+06
2648,2.88312e+06,-1.12258e+06
2649,2.13019e+06,2.1965e+06
2650,-1.94687e+06,2.09487e+06
2651,-985262,2.8372e+06
2652,461591,-3.02814e+06
2653,1.95939e+06,-2.39401e+06
2654,-2.53982e+06,269735
2655,2.77862e+06,-1.56463e+06
2656,-2.38117e+06,1.89625e+06
2657,2.04713e+06,-2.1611e+06
2658,776152,-3.18054e+06
2659,-508652,-3.0203e+06
2660,-2.83341e+06,848434
2661,2.46496e+06,891335
2662,-2.52007e+06,1.64619e+06
2663,160955,-2.92703e+06
2664,-2.26964e+06,-2.15961e+06
2665,2.4197e+06,1.77616e+06
2666,-2.44391e+06,1.70857e+06
2667,-1.90674e+06,2.4912e+06
2668,613806,-2.82945e+06
2669,-2.28111e+06,1.5731e+06
2670,-2.34394e+06,-1.35804e+06
2671,2.5788e+06,598727
2672,3.31674e+06,830480
2673,2.14963e+06,2.06222e+06
2674,2.63198e+06,-1.5828e+06
2675,-2.78859e+06,1.18161e+06
2676,2.326e+06,-1.93496e+06
2677,2.6217e+06,1.14372e+06
2678,-2.9707e+06,-55281.7
2679,962463,-2.78075e+06
2680,-1.33109e+06,-2.6708e+06
2681,1.6306e+06,2.76884e+06
2682,746295,-2.98917e+06
2683,1.74233e+06,2.26813e+06
2684,1.91212e+06,-1.65008e+06
2685,-2.76084e+06,-1.27099e+06
2686,-1.01531e+06,2.82355e+06
2687,939120,3.2009e+06
2688,-89944.5,3.03748e+06
2689,-3.33629e+06,171775
2690,1.30185e+06,-2.49152e+06
2691,704907,3.02204e+06
2692,-2.51504e+06,-1.73669e+06
2693,-1.09144e+06,-2.84981e+06
2694,2.68274e+06,-552504
2695,-1.6293e+06,3.08481e+06
2696,2.44844e+06,-1.52939e+06
2697,3.05875e+06,-650356
2698,-2.04621e+06,-2.23328e+06
2699,-1.77437e+06,-2.43246e+06
2700,301097,-3.01039e+06
2701,2.99652e+06,-556737
2702,-818946,3.08499e+06
2703,-2.58275e+06,1.49795e+06
2704,367853,-2.96012e+06
2705,2.90347e+06,1.10959e+06
2706,2.51513e+06,1.55476e+06
2707,1.72501e+06,-2.44739e+06
2708,969688,-2.94425e+06
2709,2.75312e+06,-1.34141e+06
2710,-987513,2.71504e+06
2711,1.99794e+06,1.92839e+06
2712,-2.59764e+06,-493826
2713,1.58716e+06,-2.6981e+06
2714,-38178.7,-2.94578e+06
2715,-627873,2.72575e+06
2716,1.91025e+06,2.28964e+06
2717,-926870,2.78952e+06
2718,2.78721e+06,-1.22662e+06
2719,-3.2006e+06,-646849
2720,-1.28623e+06,-2.69159e+06
2721,-2.3477e+06,1.85733e+06
2722,-1.97555e+06,2.20478e+06
2723,-3.3599e+06,148381
2724,3.17443e+06,301316
2725,2.94975e+06,1.92445e+06
2726,2.83278e+06,-214282
2727,973445,-2.93739e+06
2728,2.88543e+06,-849352
2729,54189,3.47441e+06
2730,2.22564e+06,1.83376e+06
2731,-1.65365e+06,-3.37781e+06
2732,-2.30388e+06,1.92201e+06
2733,2.17468e+06,-2.08694e+06
2734,1.9675e+06,-1.96967e+06
2735,1.65094e+06,2.462e+06
2736,2.72832e+06,-1.47884e+06
2737,-2.8496e+06,-1.20187e+06
2738,51798.1,2.93781e+06
2739,1.62629e+06,-2.48696e+06
2740,-2.90985e+06,727523
2741,2.66906e+06,898420
2742,-3.06089e+06,-978330
2743,2.9223e+06,-443126
2744,1.48941e+06,-3.5002e+06
2745,-513260,2.93469e+06
2746,3.74455e+06,-418635
2747,-2.35528e+06,1.86292e+06
2748,-2.33802e+06,2.52121e+06
2749,2.18667e+06,-1.98462e+06
2750,1.873e+06,2.20997e+06
2751,-3.05138e+06,204662
2752,-2.54329e+06,367963
2753,-2.57017e+06,1.64853e+06
2754,-852627,-2.69935e+06
2755,2.38184e+06,-1.72531e+06
2756,-2.29314e+06,1.81649e+06
2757,1.02497e+06,-2.80196e+06
2758,-1.97672e+06,2.23095e+06
2759,-2.0808e+06,-1.85677e+06
2760,-167494,-3.33015e+06
2761,3.15692e+06,458745
2762,3.00899e+06,-456693
2763,-2.57283e+06,-1.18317e+06
2764,169543,2.92575e+06
2765,-3.02539e+06,-452422
2766,-2.22158e+06,2.04852e+06
2767,-2.92587e+06,538277
2768,779905,-2.86503e+06
2769,-378038,2.93595e+06
2770,-2.66023e+06,-23661.9
2771,-2.12699e+06,2.30773e+06
2772,2.36947e+06,2.27046e+06
2773,622539,-2.98149e+06
2774,-1.34023e+06,-2.1806e+06
2775,94212.7,-2.88906e+06
2776,739240,2.69105e+06
2777,-1.21313e+06,2.46288e+06
2778,-600134,2.79942e+06
2779,1.66452e+06,2.36029e+06
2780,2.19589e+06,1.885e+06
2781,-2.8649e+06,-332812
2782,-2.55094e+06,319207
2783,1.08475e+06,-2.69009e+06
2784,-2.33025e+06,-1.4095e+06
2785,-3.03023e+06,-328549
2786,3.54317e+06,454010
2787,-1.66028e+06,2.50535e+06
2788,-2.79052e+06,651201
2789,-2.02975e+06,-2.27518e+06
2790,-3.16311e+06,1.03989e+06
2791,-957612,-2.87e+06
2792,1.9643e+06,-2.1663e+06
2793,-2.99584e+06,522321
2794,135966,-3.14572e+06
2795,-1.01996e+06,2.69786e+06
2796,2.33145e+06,1.6004e+06
2797,2.27083e+06,2.39657e+06
2798,-2.44777e+06,806841
2799,2.90744e+06,-347447
2800,2.73691e+06,-1.14853e+06
2801,2.01147e+06,2.08779e+06
2802,-3.26836e+06,-354174
2803,-1.89177e+06,-2.37944e+06
2804,-430802,2.60184e+06
2805,-756986,-2.74401e+06
2806,3.6582e+06,-196838
2807,-1.52841e+06,-2.16017e+06
2808,1.20996e+06,-2.94494e+06
2809,2.70187e+06,-899916
2810,1.97047e+06,-2.50117e+06
2811,-1.9082e+06,2.2305e+06
2812,638668,2.85943e+06
2813,-2.44369e+06,-1.58738e+06
2814,-948552,-2.64575e+06
2815,1.49537e+06,2.43479e+06
2816,905116,2.7108e+06
2817,2.26525e+06,1.91331e+06
2818,-2.41756e+06,1.63888e+06
2819,-2.87241e+06,-603615
2820,-1.0597e+06,3.01051e+06
2821,2.78782e+06,1.40622e+06
2822,1.39912e+06,-2.5033e+06
2823,1.79406e+06,2.00627e+06
2824,-2.87945e+06,602390
2825,2.22028e+06,-1.88324e+06
2826,-583096,-3.14307e+06
2827,-2.63981e+06,1.33052e+06
2828,-2.85496e+06,-459391
2829,-2.19797e+06,2.12497e+06
2830,2.44208e+06,87253.6
2831,2.64763e+06,287115
2832,-2.8244e+06,77918.8
2833,-1.30668e+06,-2.59397e+06
2834,2.60965e+06,-1.29865e+06
2835,-2.36908e+06,-1.68942e+06
2836,2.71122e+06,1.08631e+06
2837,-1.39883e+06,-2.43712e+06
2838,-66266.6,2.75266e+06
2839,-2.4668e+06,786063
2840,-904016,-2.97496e+06
2841,-2.45042e+06,-105035
2842,2.55825e+06,1.24075e+06
2843,-2.22772e+06,-1.18444e+06
2844,-2.57064e+06,1.42954e+06
2845,2.7402e+06,-851091
2846,-765530,-2.30545e+06
2847,-2.86451e+06,-1.68313e+06
2848,-1.08904e+06,2.64713e+06
2849,2.1292e+06,1.81572e+06
2850,2.8183e+06,-523464
2851,-827761,2.58517e+06
2852,900195,-2.60219e+06
2853,666549,-2.82043e+06
2854,-2.01496e+06,2.24427e+06
2855,-198879,-2.83077e+06
2856,-2.52604e+06,-1.16427e+06
2857,-2.93075e+06,-747119
2858,-1.28195e+06,2.56402e+06
2859,2.41784e+06,1.63759e+06
2860,-2.93065e+06,1.0468e+06
2861,-527676,2.85259e+06
2862,-2.95515e+06,-106066
2863,-2.65491e+06,-111610
2864,-433746,-2.83449e+06
2865,2.6468e+06,-781486
2866,1.33137e+06,-2.5838e+06
2867,1.56413e+06,-2.35881e+06
2868,-2.4185e+06,-1.83432e+06
2869,2.23393e+06,-1.03299e+06
2870,845215,1.37161e+06
2871,-2.13046e+06,-1.31309e+06
2872,-2.28697e+06,1.70368e+06
2873,2.18847e+06,-1.78645e+06
2874,1.79502e+06,2.41877e+06
2875,3.41808e+06,430586
2876,-1.62121e+06,-2.84774e+06
2877,2.35511e+06,1.37862e+06
2878,-2.5473e+06,1.27017e+06
2879,-816428,-2.70622e+06
2880,-2.40978e+06,1.29742e+06
2881,-348992,2.94453e+06
2882,-2.46912e+06,559993
2883,-459077,2.8106e+06
2884,-3.0249e+06,1.05241e+06
2885,2.9763e+06,112338
2886,-1.31798e+06,-2.45714e+06
2887,748530,2.72733e+06
2888,-1.71515e+06,-2.20172e+06
2889,-2.46106e+06,-1.25125e+06
2890,1.78018e+06,2.17638e+06
2891,3.10857e+06,917550
2892,2.2985e+06,-1.61812e+06
2893,2.18858e+06,1.91975e+06
2894,1.24449e+06,2.45429e+06
2895,-166886,2.76119e+06
2896,-140140,-2.75302e+06
2897,430100,-2.7889e+06
2898,2.4046e+06,-1.10451e+06
2899,-478023,-3.11514e+06
2900,404598,-2.90756e+06
2901,1.69946e+06,1.15852e+06
2902,1.98394e+06,2.1134e+06
2903,398442,3.04332e+06
2904,171840,-2.72002e+06
2905,880506,2.68616e+06
2906,2.81743e+06,-852835
2907,1.14956e+06,-2.15698e+06
2908,-2.41882e+06,1.23847e+06
2909,2.40163e+06,1.26441e+06
2910,2.03896e+06,2.12074e+06
2911,179050,-2.63808e+06
2912,-2.65701e+06,-893349
2913,2.29314e+06,-1.54537e+06
2914,-1.48808e+06,2.38588e+06
2915,-2.64013e+06,-981801
2916,-1.03219e+06,-2.23439e+06
2917,-1.46828e+06,-2.48201e+06
2918,-813142,2.65306e+06
2919,1.48599e+06,-2.09938e+06
2920,-2.89767e+06,149924
2921,-2.71365e+06,774825
2922,2.87339e+06,-267985
2923,2.41659e+06,1.13713e+06
2924,3.03118e+06,273728
2925,1.83716e+06,2.17289e+06
2926,36181.2,-2.72493e+06
2927,-1.45753e+06,-1.59454e+06
2928,1.99151e+06,-1.06283e+06
2929,562178,2.79685e+06
2930,2.40451e+06,1.59482e+06
2931,-2.31023e+06,1.22763e+06
2932,-2.19199e+06,1.71538e+06
2933,1.38976e+06,2.28005e+06
2934,-2.55118e+06,1.6408e+06
2935,878489,2.88616e+06
2936,2.96844e+06,-92300.5
2937,-2.65491e+06,463219
2938,324031,2.85498e+06
2939,1.97984e+06,2.05699e+06
2940,560289,2.92534e+06
2941,-1.6956e+06,2.23097e+06
2942,-250416,-2.65576e+06
2943,-1.13216e+06,2.53077e+06
2944,2.69158e+06,620028
2945,-1.28776e+06,2.44787e+06
2946,2.64768e+06,-1.14132e+06
2947,-288704,2.74628e+06
2948,2.26845e+06,1.55321e+06
2949,897318,2.57323e+06
2950,-2.05467e+06,1.06783e+06
2951,2.63168e+06,-377761
2952,2.76678e+06,-540125
2953,1.0135e+06,-2.54842e+06
2954,-2.79056e+06,644254
2955,677349,-2.68076e+06
2956,-1.34817e+06,2.41436e+06
2957,2.3473e+06,2.11588e+06
2958,-2.09685e+06,-1.81125e+06
2959,1.30535e+06,1.94104e+06
2960,-2.67771e+06,442162
2961,1.2765e+06,2.36559e+06
2962,-2.78521e+06,7430.36
2963,-1.95694e+06,2.05259e+06
2964,812564,2.64223e+06
2965,470347,2.72066e+06
2966,-1.38063e+06,-2.24604e+06
2967,-2.57284e+06,-1.33242e+06
2968,-28311.3,2.74855e+06
2969,-2.66447e+06,-2870.8
2970,208237,2.49937e+06
2971,-858618,-2.54929e+06
2972,1.54752e+06,-2.09908e+06
2973,-501362,3.41637e+06
2974,2.32274e+06,1.41654e+06
2975,1.74624e+06,2.10548e+06
2976,2.5167e+06,1.44611e+06
2977,-2.56657e+06,-1.0243e+06
2978,1.67505e+06,2.28991e+06
2979,793167,-2.59931e+06
2980,2.69736e+06,791560
2981,465915,-3.16217e+06
2982,2.79713e+06,378328
2983,-26103.3,-2.65985e+06
2984,-497547,-2.76447e+06
2985,2.98272e+06,-1.47875e+06
2986,-668190,-2.75689e+06
2987,2.49853e+06,-671229
2988,-2.43644e+06,-1.28288e+06
2989,1.28433e+06,-2.36819e+06
2990,-2.09272e+06,-1.39108e+06
2991,-2.65412e+06,-88330.9
2992,1.25286e+06,2.47726e+06
2993,-2.44226e+06,1.22076e+06
2994,1.89507e+06,-2.07862e+06
2995,1.37119e+06,2.38936e+06
2996,-1.89542e+06,2.12258e+06
2997,-2.64315e+06,-735240
2998,2.64677e+06,245338
2999,703183,2.35975e+06
3000,1.29145e+06,2.34503e+06
3001,-1.13347e+06,2.73592e+06
3002,-2.72816e+06,408577
3003,-826037,2.88896e+06
3004,1.19548e+06,-2.33586e+06
3005,2.87608e+06,189494
3006,1.28555e+06,-2.43463e+06
3007,-1.91754e+06,1.44244e+06
3008,1.38408e+06,-2.37437e+06
3009,2.74983e+06,78148.7
3010,2.12517e+06,-1.66478e+06
3011,1.81041e+06,-1.98172e+06
3012,1.7471e+06,2.02354e+06
3013,995933,-2.55765e+06
3014,-2.43706e+06,-590340
3015,-453676,2.61467e+06
3016,1.86658e+06,1.84695e+06
3017,-582915,2.66716e+06
3018,-1.44082e+06,2.42017e+06
3019,-51672.5,2.71523e+06
3020,-2.54047e+06,1.0659e+06
3021,1.84416e+06,-1.94233e+06
3022,-2.68458e+06,-223574
3023,-2.69178e+06,327441
3024,2.66826e+06,-1.22091e+06
3025,-2.6191e+06,-540730
3026,2.27993e+06,-1.74335e+06
3027,2.47339e+06,-756022
3028,2.34778e+06,1.15355e+06
3029,2.78808e+06,453176
3030,-337230,2.60315e+06
3031,-2.16286e+06,-2.06221e+06
3032,-48578.4,2.73654e+06
3033,-2.99717e+06,62698.2
3034,-2.77478e+06,262522
3035,171424,2.66231e+06
3036,-2.48002e+06,1.88024e+06
3037,854916,2.51869e+06
3038,1.36202e+06,2.25411e+06
3039,2.38831e+06,-1.64056e+06
3040,-1.31987e+06,-2.32387e+06
3041,839352,2.60978e+06
3042,1.96078e+06,-2.14071e+06
3043,1.7056e+06,2.67326e+06
3044,2.88252e+06,-281093
3045,1.60451e+06,-1.92573e+06
3046,-1.18604e+06,1.97011e+06
3047,2.65838e+06,-674374
3048,-1.30767e+06,-2.03099e+06
3049,-1.62105e+06,1.8574e+06
3050,2.22736e+06,1.62782e+06
3051,-584056,2.78442e+06
3052,-2.65918e+06,-101281
3053,-101237,2.5765e+06
3054,-594052,-2.63579e+06
3055,-2.73502e+06,-1.05897e+06
3056,-2.5329e+06,488173
3057,1.19306e+06,-2.11577e+06
3058,-1.57744e+06,-2.49331e+06
3059,-1.44807e+06,-1.93158e+06
3060,2.58154e+06,-556498
3061,1.80157e+06,-802722
3062,1.86496e+06,1.86531e+06
3063,-1.25512e+06,-2.31632e+06
3064,1.28186e+06,-2.21179e+06
3065,-153913,-2.83736e+06
3066,-105005,-2.05936e+06
3067,-2.18082e+06,1.6552e+06
3068,293765,-2.88335e+06
3069,-1.95139e+06,-1.80004e+06
3070,-2.58847e+06,-596916
3071,-965691,-2.97415e+06
3072,-2.25371e+06,962475
3073,-2.20689e+06,-1.41282e+06
3074,-176782,-2.6836e+06
3075,2.76253e+06,304793
3076,2.11631e+06,-1.53336e+06
3077,-2.20009e+06,807600
3078,1.67099e+06,-1.83947e+06
3079,-2.32398e+06,1.61075e+06
3080,-2.15846e+06,-1.48739e+06
3081,215589,-2.69351e+06
3082,-2.48213e+06,1.10993e+06
3083,2.63089e+06,-410786
3084,2.43187e+06,-692902
3085,-2.49105e+06,941366
3086,2.50614e+06,173411
3087,-1.87688e+06,1.87742e+06
3088,-435630,-2.62524e+06
3089,-2.64831e+06,-280888
3090,-2.51369e+06,-484412
3091,2.58149e+06,-545020
3092,3.14191e+06,766268
3093,941172,-2.48201e+06
3094,-2.78325e+06,60393
3095,1.91373e+06,-1.78134e+06
3096,-966185,2.39718e+06
3097,331652,-2.79848e+06
3098,-2.60658e+06,822666
3099,754713,2.53108e+06
3100,2.10593e+06,-1.13317e+06
3101,999177,2.39068e+06
3102,2.45883e+06,999971
3103,2.46802e+06,-558409
3104,-2.6678e+06,-563450
3105,2.57649e+06,-571520
3106,1.6714e+06,-1.85229e+06
3107,-2.21144e+06,-126872
3108,-1.06759e+06,2.32969e+06
3109,1.99727e+06,-1.04124e+06
3110,-287522,2.56978e+06
3111,-19311.7,-2.60486e+06
3112,2.60678e+06,508283
3113,-2.06566e+06,-1.61348e+06
3114,-314893,2.41963e+06
3115,2.76445e+06,-473164
3116,213780,2.52195e+06
3117,-1.05202e+06,2.839e+06
3118,-397071,3.17951e+06
3119,1.94725e+06,1.7715e+06
3120,2.42401e+06,-1.11675e+06
3121,220948,-2.52328e+06
3122,-1.72996e+06,-2.13122e+06
3123,-2.39093e+06,-738387
3124,-2.22015e+06,-1.35476e+06
3125,-699709,2.68707e+06
3126,-2.45718e+06,4752.63
3127,1.25576e+06,-2.45839e+06
3128,2.3426e+06,-299318
3129,-2.2904e+06,1.49266e+06
3130,1.06515e+06,2.48798e+06
3131,-2.60012e+06,-758274
3132,670824,2.53074e+06
3133,894732,-2.3294e+06
3134,-792129,-2.88187e+06
3135,-1.99532e+06,1.65949e+06
3136,-1.19897e+06,2.14149e+06
3137,2.11957e+06,1.18311e+06
3138,-813948,2.46995e+06
3139,1.48737e+06,2.15218e+06
3140,-2.3682e+06,1.10852e+06
3141,2.26922e+06,1.22889e+06
3142,454037,-2.56078e+06
3143,311651,-2.74591e+06
3144,1.31762e+06,-2.29998e+06
3145,-1.62204e+06,-2.07014e+06
3146,-431446,2.51471e+06
3147,2.65793e+06,1.06835e+06
3148,-1.17522e+06,-2.23432e+06
3149,-1.01412e+06,-2.32919e+06
3150,2.52648e+06,1.76776e+06
3151,2.58667e+06,-604885
3152,2.24358e+06,-1.03136e+06
3153,-1.52957e+06,2.1232e+06
3154,286474,2.5339e+06
3155,-1.48175e+06,-1.51592e+06
3156,2.08374e+06,1.57974e+06
3157,-1.86007e+06,-1.77409e+06
3158,1.15058e+06,-2.34525e+06
3159,-1.01283e+06,2.01755e+06
3160,-1.30642e+06,2.34656e+06
3161,-307216,-3.14703e+06
3162,996804,-2.41505e+06
3163,-1.73208e+06,-1.79627e+06
3164,-700056,-1.91265e+06
3165,2.45647e+06,44387.1
3166,-1.38305e+06,2.20137e+06
3167,1.38901e+06,-2.13443e+06
3168,-3.30323e+06,405092
3169,-2.56091e+06,401276
3170,2.44575e+06,-413586
3171,2.33561e+06,-936111
3172,-1.40748e+06,-2.36301e+06
3173,1.40218e+06,2.71132e+06
3174,1.99581e+06,-1.61427e+06
3175,1.58189e+06,1.97068e+06
3176,-747989,-2.8149e+06
3177,-1.93034e+06,1.92393e+06
3178,743430,-2.19708e+06
3179,-2.31817e+06,-898415
3180,2.08282e+06,-2.17652e+06
3181,-1.63362e+06,1.3555e+06
3182,-2.54661e+06,1.13733e+06
3183,479056,-2.49926e+06
3184,1.60282e+06,-2.40519e+06
3185,2.10366e+06,-1.55369e+06
3186,2.13403e+06,-1.41768e+06
3187,1.10487e+06,-1.69216e+06
3188,-1.22672e+06,2.23254e+06
3189,-232473,-2.69711e+06
3190,1.28492e+06,2.65918e+06
3191,-1.51718e+06,-1.67019e+06
3192,2.44117e+06,-1.44062e+06
3193,-610989,-2.62933e+06
3194,-2.7598e+06,376360
3195,-1.60627e+06,1.69744e+06
3196,495805,2.45917e+06
3197,-2.97612e+06,392036
3198,1.85352e+06,424239
3199,-1.89888e+06,1.15264e+06
3200,1.07659e+06,2.40124e+06
3201,1.48409e+06,1.97361e+06
3202,-1.81588e+06,1.6702e+06
3203,3.02801e+06,167376
3204,2.53307e+06,-186914
3205,2.02657e+06,1.31744e+06
3206,2.20491e+06,1.1393e+06
3207,-2.45019e+06,744120
3208,-2.36171e+06,-1.46243e+06
3209,-1.78302e+06,-424678
3210,1.44544e+06,2.01279e+06
3211,2.65014e+06,-245078
3212,1.13461e+06,2.16133e+06
3213,2.02256e+06,-588550
3214,1.68733e+06,-1.92452e+06
3215,-893532,2.47429e+06
3216,2.55453e+06,1.15309e+06
3217,460687,-2.08802e+06
3218,-2.50917e+06,-220606
3219,-2.23342e+06,1.16333e+06
3220,1.88777e+06,1.7346e+06
3221,554110,2.34669e+06
3222,691949,-2.7025e+06
3223,1.88059e+06,-1.63208e+06
3224,2.58487e+06,-1.27041e+06
3225,-27697.4,2.54058e+06
3226,-3.05199e+06,-521827
3227,-1.95288e+06,1.50791e+06
3228,-991269,2.21552e+06
3229,-926257,2.35917e+06
3230,1.74366e+06,-1.81901e+06
3231,2.46258e+06,-525924
3232,171644,2.39077e+06
3233,-1.95074e+06,-2.3563e+06
3234,-81788.4,2.55233e+06
3235,2.5604e+06,-717654
3236,-1.04628e+06,2.13965e+06
3237,1.17208e+06,2.24291e+06
3238,365454,2.45872e+06
3239,-1.4652e+06,2.12526e+06
3240,1.03433e+06,2.16759e+06
3241,-2.82712e+06,-771257
3242,-2.4642e+06,-650429
3243,1.9688e+06,1.12863e+06
3244,473179,-2.46918e+06
3245,1.7754e+06,-1.59822e+06
3246,-2.66717e+06,645941
3247,2.54611e+06,-309956
3248,-1.28698e+06,-2.11479e+06
3249,2.00799e+06,1.46742e+06
3250,-1.64618e+06,-1.88388e+06
3251,814058,2.37686e+06
3252,-916028,2.25054e+06
3253,-2.38665e+06,711714
3254,-942000,-2.36175e+06
3255,1.66522e+06,1.71863e+06
3256,-1.71423e+06,-1.731e+06
3257,1.12256e+06,-2.25102e+06
3258,1.95572e+06,-1.56192e+06
3259,-2.7761e+06,1.00554e+06
3260,1.35951e+06,2.1064e+06
3261,-1.82663e+06,-1.44313e+06
3262,-2.4202e+06,-618513
3263,2.29082e+06,-932264
3264,2.08962e+06,-1.49543e+06
3265,-2.51517e+06,362415
3266,1.99587e+06,1.36471e+06
3267,-971069,-2.32751e+06
3268,1.77046e+06,1.06921e+06
3269,-1.22471e+06,-2.39126e+06
3270,-567564,2.6157e+06
3271,-1.48525e+06,-2.12405e+06
3272,1.42864e+06,2.22502e+06
3273,477904,2.3958e+06
3274,1.36379e+06,1.50932e+06
3275,2.48461e+06,398803
3276,-1.51645e+06,-100853
3277,-327172,-2.64367e+06
3278,2.57722e+06,-982297
3279,-2.2543e+06,1.23092e+06
3280,-367791,-2.52103e+06
3281,2.0631e+06,1.38681e+06
3282,676515,-2.41951e+06
3283,-933462,-2.45287e+06
3284,2.1554e+06,25399.1
3285,-39525.6,2.58081e+06
3286,2.20782e+06,-1.64511e+06
3287,-356938,2.22234e+06
3288,-1.48795e+06,1.97069e+06
3289,370624,2.62676e+06
3290,-2.46159e+06,443891
3291,2.6277e+06,185164
3292,2.69955e+06,-134628
3293,-962213,-2.09244e+06
3294,387882,-2.48428e+06
3295,1.24134e+06,1.73929e+06
3296,-1.03878e+06,-2.22309e+06
3297,-2.28144e+06,912666
3298,-1.95322e+06,1.81484e+06
3299,746358,2.20833e+06
3300,-2.08017e+06,1.78604e+06
3301,2.08609e+06,1.68411e+06
3302,2.45385e+06,-531888
3303,-1.64624e+06,-1.79351e+06
3304,2.38858e+06,-677660
3305,-2.25235e+06,1.09073e+06
3306,2.20297e+06,1.33279e+06
3307,-777635,2.44943e+06
3308,1.68838e+06,1.79452e+06
3309,617650,2.00938e+06
3310,1.92077e+06,1.57388e+06
3311,1.27687e+06,-2.1299e+06
3312,758865,-2.1177e+06
3313,163934,-2.47802e+06
3314,-2.73503e+06,1.23546e+06
3315,-663770,2.4343e+06
3316,-1.89215e+06,-724947
3317,2.79641e+06,-390528
3318,-2.51461e+06,-966598
3319,-775042,-2.41169e+06
3320,-1.81418e+06,901089
3321,2.42366e+06,-106083
3322,2.08072e+06,148695
3323,38216,-2.68515e+06
3324,-2.28142e+06,-892047
3325,-1.31411e+06,2.20449e+06
3326,-3.00228e+06,155916
3327,-2.22591e+06,-1.34185e+06
3328,-2.21623e+06,-527224
3329,2.46652e+06,576415
3330,2.46037e+06,-215210
3331,37309,-2.46954e+06
3332,872343,-2.29849e+06
3333,2.05031e+06,-1.37676e+06
3334,-966231,2.44886e+06
3335,1.1573e+06,-2.14049e+06
3336,-1.87259e+06,1.55158e+06
3337,-1.85275e+06,-1.33344e+06
3338,2.1729e+06,-1.25712e+06
3339,1.98208e+06,-2.76758e+06
3340,-22542.7,2.53321e+06
3341,589394,2.32971e+06
3342,-178516,-2.41167e+06
3343,1.49974e+06,2.30749e+06
3344,-2.3807e+06,-373227
3345,114000,2.46099e+06
3346,705860,2.27376e+06
3347,-2.28178e+06,-530990
3348,-1.89472e+06,-1.60523e+06
3349,2.44828e+06,-608116
3350,1.76823e+06,-1.69492e+06
3351,2.9438e+06,-207153
3352,-784070,2.23046e+06
3353,-1.17197e+06,-2.22123e+06
3354,-2.41796e+06,1.39498e+06
3355,2.43489e+06,313496
3356,2.47512e+06,1.32755e+06
3357,-821530,2.22305e+06
3358,1.91849e+06,1.16333e+06
3359,1.67354e+06,76706.8
3360,-2.21033e+06,326434
3361,-2.43308e+06,852305
3362,945514,-2.2099e+06
3363,-885076,2.38959e+06
3364,-2.12021e+06,899176
3365,-914394,-1.88463e+06
3366,784392,-2.35625e+06
3367,-290145,2.41085e+06
3368,-1.36273e+06,1.64534e+06
3369,-1.13468e+06,2.06914e+06
3370,-1.4974e+06,-1.85756e+06
3371,2.2325e+06,971537
3372,-24691.5,-2.39732e+06
3373,-877920,2.87139e+06
3374,-2.43951e+06,294487
3375,2.31628e+06,721504
3376,-986522,2.48687e+06
3377,1.87145e+06,-1.57829e+06
3378,-1.85285e+06,1.78728e+06
3379,-1.28214e+06,1.97273e+06
3380,2.21285e+06,-1.17076e+06
3381,-2.60718e+06,-66853.4
3382,-2.16571e+06,950201
3383,-2.35554e+06,-508828
3384,-2.29837e+06,677369
3385,1.65917e+06,-1.51069e+06
3386,-1.56603e+06,-1.94597e+06
3387,-2.20502e+06,-923706
3388,-759217,-2.2557e+06
3389,1.68068e+06,2.04262e+06
3390,1.24302e+06,1.64183e+06
3391,-2.14972e+06,657986
3392,2.16718e+06,-1.11469e+06
3393,2.73652e+06,-976757
3394,1.799e+06,1.5612e+06
3395,1.768e+06,-1.96684e+06
3396,-1.27252e+06,-2.01974e+06
3397,2.03833e+06,1.06168e+06
3398,-2.36498e+06,-180218
3399,849622,1.85542e+06
3400,-2.30753e+06,130761
3401,-1.42562e+06,-1.95458e+06
3402,2.62948e+06,-282950
3403,-840454,2.31226e+06
3404,2.18328e+06,-1.45706e+06
3405,2.12693e+06,1.35308e+06
3406,-1.69383e+06,-1.52038e+06
3407,-2.02044e+06,1.52087e+06
3408,-2.29703e+06,609494
3409,1.65925e+06,1.95639e+06
3410,-1.8183e+06,1.38217e+06
3411,146873,-2.53533e+06
3412,154634,-2.65814e+06
3413,662626,2.25552e+06
3414,-2.6717e+06,424271
3415,2.89599e+06,-1.57103e+06
3416,-1.79557e+06,-1.53477e+06
3417,-2.01626e+06,990744
3418,-2.43225e+06,453540
3419,472777,-2.32352e+06
3420,1.53885e+06,1.79937e+06
3421,-1.04081e+06,2.16744e+06
3422,-2.2532e+06,-957585
3423,-2.46966e+06,888504
3424,-921577,-2.05163e+06
3425,-1.01262e+06,2.1656e+06
3426,2.35914e+06,724675
3427,-731926,2.17978e+06
3428,1.49065e+06,2.23732e+06
3429,-902803,-2.03849e+06
3430,-1.86431e+06,-1.0072e+06
3431,2.41536e+06,206989
3432,-2.20749e+06,-864187
3433,-1.03134e+06,1.77847e+06
3434,1.95746e+06,-1.49747e+06
3435,1.22152e+06,-2.09672e+06
3436,-175182,1.95555e+06
3437,-1.96145e+06,1.25266e+06
3438,943770,2.23782e+06
3439,2.74664e+06,110741
3440,-2.49591e+06,-829072
3441,-109959,2.39833e+06
3442,2.23685e+06,764416
3443,-2.23909e+06,954452
3444,-795389,2.67325e+06
3445,1.09314e+06,-2.00501e+06
3446,-1.25978e+06,1.74504e+06
3447,-1.10811e+06,1.93488e+06
3448,975674,-2.11284e+06
3449,1.91986e+06,1.39277e+06
3450,-2.2563e+06,-69924.5
3451,2.09684e+06,1.12446e+06
3452,-2.12085e+06,1.15759e+06
3453,-2.38431e+06,-589827
3454,379620,-2.35644e+06
3455,2.31918e+06,1.27685e+06
3456,1.53017e+06,-1.94099e+06
3457,2.63694e+06,329960
3458,-66100.3,-2.82324e+06
3459,2.33291e+06,-788248
3460,2.2103e+06,-174384
3461,652796,-2.28244e+06
3462,1.94838e+06,-1.2391e+06
3463,2.81689e+06,881700
3464,-935991,-2.71329e+06
3465,-1.7744e+06,1.61779e+06
3466,-69612.2,2.21179e+06
3467,-2.04127e+06,-185941
3468,251855,2.30343e+06
3469,2.18972e+06,945720
3470,-2.4283e+06,408179
3471,-614714,-2.31097e+06
3472,284865,2.32893e+06
3473,2.15232e+06,481838
3474,2.27136e+06,-138716
3475,-2.15559e+06,-563735
3476,633356,2.1903e+06
3477,-2.09096e+06,951647
3478,1.68421e+06,-1.43981e+06
3479,-1.47398e+06,1.78487e+06
3480,1.78713e+06,1.69915e+06
3481,1.07174e+06,-2.24301e+06
3482,1.24157e+06,-1.70093e+06
3483,-1.19666e+06,1.97138e+06
3484,1.46182e+06,-1.20019e+06
3485,-1.91061e+06,1.0761e+06
3486,-2.37163e+06,882490
3487,2.37782e+06,-326529
3488,774548,-2.29879e+06
3489,-2.06426e+06,-956741
3490,2.29417e+06,117289
3491,2.28697e+06,331256
3492,-2.20063e+06,986158
3493,-1.24128e+06,-2.06183e+06
3494,3.35174e+06,686105
3495,809038,-2.17063e+06
3496,-1.91367e+06,-1.76696e+06
3497,-2.11774e+06,1.46511e+06
3498,470286,2.22595e+06
3499,-2.24361e+06,-742153
3500,-97794.6,2.44823e+06
3501,-2.31291e+06,598237
3502,-433954,-2.19001e+06
3503,-648940,2.25282e+06
3504,2.34527e+06,138102
3505,1.24148e+06,1.81928e+06
3506,-1.56182e+06,-1.62787e+06
3507,-572125,2.27638e+06
3508,-1.03163e+06,2.74853e+06
3509,828447,-2.22748e+06
3510,-285472,-2.29231e+06
3511,548250,-2.3017e+06
3512,-1.75236e+06,-1.64728e+06
3513,449630,2.57098e+06
3514,129384,2.33467e+06
3515,-329464,-2.35077e+06
3516,-2.35856e+06,104193
3517,636260,2.0804e+06
3518,-854068,-1.7027e+06
3519,2.27957e+06,383327
3520,1.73821e+06,1.46305e+06
3521,-1.40093e+06,-1.13591e+06
3522,-1.94213e+06,-951442
3523,-2.44343e+06,-42610.9
3524,-2.34564e+06,272044
3525,1.11841e+06,2.02092e+06
3526,-1.67921e+06,-1.16537e+06
3527,-93987.5,-2.36467e+06
3528,1.67826e+06,1.73368e+06
3529,2.2647e+06,-457665
3530,-1.3789e+06,-1.24423e+06
3531,-1.06203e+06,2.1622e+06
3532,416482,-2.32322e+06
3533,2.9002e+06,-491260
3534,-895178,2.25783e+06
3535,-2.16642e+06,1.09958e+06
3536,2.0884e+06,-1.17049e+06
3537,404387,1.60631e+06
3538,2.07376e+06,1.53722e+06
3539,869016,2.15297e+06
3540,-202454,-2.29407e+06
3541,-903302,-2.15624e+06
3542,1.76886e+06,-1.50958e+06
3543,830782,2.2956e+06
3544,1.52745e+06,-1.89207e+06
3545,1.5111e+06,1.80334e+06
3546,1.7351e+06,1.87671e+06
3547,-2.47813e+06,728919
3548,720774,2.10491e+06
3549,-2.13613e+06,1.06358e+06
3550,1.04251e+06,2.07178e+06
3551,1.33829e+06,2.05967e+06
3552,1.14524e+06,-2.16819e+06
3553,791417,2.4621e+06
3554,176743,1.93041e+06
3555,-2.16956e+06,2.42217e+06
3556,-2.16964e+06,958434
3557,300132,2.2568e+06
3558,-1.2375e+06,2.06643e+06
3559,-141266,-2.21677e+06
3560,2.07937e+06,1.17943e+06
3561,-2.35982e+06,-522062
3562,3.27924e+06,1.00824e+06
3563,-2.42118e+06,-578352
3564,-2.26871e+06,732333
3565,1.98237e+06,-1.24368e+06
3566,1.59704e+06,1.61107e+06
3567,2.04474e+06,1.22543e+06
3568,-451846,2.17732e+06
3569,126061,2.37273e+06
3570,119384,-2.26714e+06
3571,-786564,-2.2507e+06
3572,1.58176e+06,-1.55484e+06
3573,-1.65631e+06,1.62068e+06
3574,943302,-1.72979e+06
3575,-1.98921e+06,-2.22649e+06
3576,-1.42624e+06,-2.10351e+06
3577,-2.02405e+06,1.16657e+06
3578,-1.3235e+06,-1.95462e+06
3579,-180634,2.17703e+06
3580,-1.60284e+06,1.96144e+06
3581,1.44957e+06,1.79253e+06
3582,-1.46653e+06,1.69834e+06
3583,-1.68228e+06,-2.07215e+06
3584,889336,2.10406e+06
3585,-1.48601e+06,1.67447e+06
3586,-1.83365e+06,-1.15884e+06
3587,475097,2.33403e+06
3588,559874,2.11849e+06
3589,145110,2.32032e+06
3590,2.31147e+06,211366
3591,-1.69084e+06,-923921
3592,2976.2,2.28242e+06
3593,2.06131e+06,919238
3594,-2.119e+06,-801461
3595,2.47061e+06,2.05531e+06
3596,449615,-2.20965e+06
3597,1.5218e+06,1.78791e+06
3598,1.10982e+06,-2.44466e+06
3599,2.18825e+06,-802008
3600,-1.71781e+06,-1.46763e+06
3601,2.03939e+06,1.68192e+06
3602,194118,2.88882e+06
3603,-1688.75,-2.28157e+06
3604,4531.39,-2.10168e+06
3605,-1.76318e+06,-591587
3606,-1.36469e+06,1.76964e+06
3607,2.08137e+06,-291777
3608,1.99711e+06,1.20309e+06
3609,-1.45348e+06,-1.80863e+06
3610,-190626,-2.259e+06
3611,1.29595e+06,1.85511e+06
3612,-519961,2.2525e+06
3613,2.29286e+06,-519277
3614,1.90878e+06,-1.0508e+06
3615,-2.28968e+06,-1.52354e+06
3616,1.32659e+06,-2.0303e+06
3617,2.43504e+06,538730
3618,-2.00093e+06,-493708
3619,1.81141e+06,1.43468e+06
3620,1.77003e+06,-1.19024e+06
3621,-1.95352e+06,-1.5094e+06
3622,-1.49301e+06,1.32e+06
3623,-1.77455e+06,1.43188e+06
3624,-1.07204e+06,2.30329e+06
3625,-1.8979e+06,-1.28326e+06
3626,-1.97331e+06,-635321
3627,-1.68086e+06,2.04359e+06
3628,-197905,2.23129e+06
3629,693036,2.11093e+06
3630,1.75345e+06,183993
3631,-286904,1.95837e+06
3632,1.06415e+06,1.91887e+06
3633,-2.08767e+06,1.56227e+06
3634,493449,2.24884e+06
3635,1.8448e+06,1.44314e+06
3636,-844051,-2.12246e+06
3637,-2.24368e+06,-56567
3638,1.19334e+06,2.05559e+06
3639,1.71543e+06,1.33275e+06
3640,-1.98982e+06,1.23591e+06
3641,1.70109e+06,995062
3642,-2.20103e+06,-1.15858e+06
3643,-728202,2.30198e+06
3644,-969135,2.01265e+06
3645,2.31675e+06,-89962.2
3646,2.26007e+06,399612
3647,-1.35334e+06,1.86763e+06
3648,-2.04076e+06,-1.80931e+06
3649,-1.67669e+06,2.14073e+06
3650,-2.1361e+06,168615
3651,-2.13705e+06,785690
3652,-915907,-2.05495e+06
3653,-1.71622e+06,-1.38711e+06
3654,586312,2.15894e+06
3655,-267124,-2.23383e+06
3656,-1.97488e+06,-1.20039e+06
3657,-2.27365e+06,521391
3658,-1.51553e+06,1.71738e+06
3659,-2.09979e+06,941308
3660,-352044,-1.67441e+06
3661,1.60507e+06,1.42398e+06
3662,-880571,2.04624e+06
3663,753055,2.19627e+06
3664,-364685,2.02386e+06
3665,-1.17445e+06,2.24388e+06
3666,2.26888e+06,94517.1
3667,2.12378e+06,-407260
3668,239837,1.8343e+06
3669,-2.14808e+06,-589306
3670,-1.95598e+06,1.31768e+06
3671,-1.69398e+06,-1.42533e+06
3672,2.2616e+06,481804
3673,-1.02215e+06,-1.95857e+06
3674,-289962,2.23652e+06
3675,-881398,2.11435e+06
3676,161886,-2.43717e+06
3677,146584,2.25203e+06
3678,-2.05612e+06,292714
3679,2.65395e+06,232043
3680,-1.20079e+06,-1.86738e+06
3681,1.34767e+06,1.88621e+06
3682,2.26106e+06,8065.88
3683,-1.30735e+06,1.75521e+06
3684,-2.08249e+06,-805348
3685,-1.30924e+06,1.53224e+06
3686,-2.15774e+06,-557963
3687,1.77734e+06,2.21848e+06
3688,512337,687487
3689,1.88171e+06,1.20876e+06
3690,-2.36535e+06,-523789
3691,1.87354e+06,1.39284e+06
3692,5645.23,2.23202e+06
3693,-1.00751e+06,1.6293e+06
3694,-765640,-2.35306e+06
3695,350321,2.25616e+06
3696,2.09242e+06,584033
3697,-2.31895e+06,-431398
3698,-1.30443e+06,-1.64723e+06
3699,-247558,2.21188e+06
3700,73516.1,2.2456e+06
3701,-1.411e+06,-913885
3702,-1.0449e+06,2.12185e+06
3703,1.05505e+06,-1.88774e+06
3704,772475,2.01347e+06
3705,-189391,-2.24196e+06
3706,1.32308e+06,-2.13814e+06
3707,-2.16932e+06,-430470
3708,-2.25216e+06,-325563
3709,-1.78625e+06,-481512
3710,-2.63313e+06,-127253
3711,-502145,2.24764e+06
3712,1.63847e+06,640740
3713,-2.40362e+06,-1.05667e+06
3714,-2.22453e+06,-736933
3715,1.36524e+06,-1.52171e+06
3716,226806,-2.22736e+06
3717,-2.09929e+06,579624
3718,-853579,2.02787e+06
3719,-1.90876e+06,-1.53975e+06
3720,1.87601e+06,-1.03285e+06
3721,2.15354e+06,575434
3722,676198,-2.10096e+06
3723,-1.17652e+06,1.80416e+06
3724,-1.03226e+06,2.14687e+06
3725,-1.9292e+06,1.14425e+06
3726,420839,-2.72e+06
3727,-2.22575e+06,-1.19396e+06
3728,1.84872e+06,-1.0374e+06
3729,-60674.1,-2.06694e+06
3730,970304,1.61678e+06
3731,2.25297e+06,-1.10687e+06
3732,-2.47514e+06,-301275
3733,2.32878e+06,1.27908e+06
3734,2.13331e+06,-912660
3735,849729,2.04723e+06
3736,432047,-2.31622e+06
3737,-284880,-2.25034e+06
3738,1.00471e+06,1.26361e+06
3739,2.41141e+06,302426
3740,-1.6876e+06,-1.45662e+06
3741,-259500,-2.22835e+06
3742,912119,-2.06566e+06
3743,2.00232e+06,791545
3744,2.51467e+06,1.44005e+06
3745,901828,-2.0066e+06
3746,-806845,-690724
3747,1.5103e+06,1.181e+06
3748,1.00399e+06,-1.87966e+06
3749,243028,2.13178e+06
3750,-2.16229e+06,-500760
3751,1.46218e+06,1.89115e+06
3752,519552,2.18339e+06
3753,-1.49977e+06,-1.58033e+06
3754,-1.79018e+06,1.3665e+06
3755,-2.01083e+06,-1.03115e+06
3756,1.99143e+06,-996953
3757,-194169,-2.40415e+06
3758,2.24136e+06,37170.7
3759,1.5797e+06,1.60758e+06
3760,2.06165e+06,229398
3761,-738906,-2.34881e+06
3762,1.86649e+06,938379
3763,-663801,-2.08002e+06
3764,1.91234e+06,1.0947e+06
3765,1.03523e+06,-1.96501e+06
3766,-1.83646e+06,359601
3767,-1.51603e+06,1.66381e+06
3768,2.04085e+06,-662100
3769,-1.93555e+06,-1.29196e+06
3770,752491,-2.05932e+06
3771,1.98721e+06,321466
3772,-2.59522e+06,765032
3773,-630384,1.96047e+06
3774,-923312,-1.91298e+06
3775,-1.72151e+06,-1.3931e+06
3776,1.38876e+06,1.72983e+06
3777,-723148,1.71498e+06
3778,-1.88885e+06,1.16414e+06
3779,1.87309e+06,-941831
3780,1.39325e+06,2.47143e+06
3781,-1.91216e+06,1.07822e+06
3782,-1.86028e+06,1.05201e+06
3783,1.97024e+06,-568234
3784,363000,2.25962e+06
3785,-1.11787e+06,-2.41714e+06
3786,-2.6441e+06,81065.9
3787,1.51427e+06,-416115
3788,-1.17839e+06,-450774
3789,-2.05711e+06,-296349
3790,-2.00838e+06,202457
3791,-146657,2.39683e+06
3792,282787,-2.14331e+06
3793,1.82801e+06,1.87397e+06
3794,199775,1.98382e+06
3795,-39886,-2.27228e+06
3796,2.03171e+06,-991213
3797,723701,1.90307e+06
3798,-1.95874e+06,-1.07947e+06
3799,2.25588e+06,-94993.1
3800,2.53385e+06,-407122
3801,-738223,2.0121e+06
3802,1.64628e+06,429223
3803,-1.95125e+06,-1.19229e+06
3804,-1.39923e+06,-1.64601e+06
3805,-100403,2.18531e+06
3806,-1.39058e+06,1.61984e+06
3807,-2.11795e+06,193688
3808,-1.61336e+06,1.51956e+06
3809,2.14887e+06,-451907
3810,633333,-1.99598e+06
3811,1.98469e+06,-561484
3812,816547,-2.0101e+06
3813,735520,-1.89546e+06
3814,-261.483,-2.15353e+06
3815,1.80393e+06,-1.32663e+06
3816,1.71896e+06,1.38485e+06
3817,-1.37844e+06,1.43495e+06
3818,1.46368e+06,1.56672e+06
3819,1.30144e+06,-1.87457e+06
3820,-369548,-2.11018e+06
3821,2.49571e+06,-99516.8
3822,-1.64747e+06,1.19626e+06
3823,-1.12623e+06,1.8925e+06
3824,456128,2.09841e+06
3825,-3528.04,-2.28114e+06
3826,79286.1,2.22163e+06
3827,1.62552e+06,1.53167e+06
3828,1.70936e+06,-1.75454e+06
3829,2.07485e+06,476485
3830,2.42062e+06,-1.32728e+06
3831,888669,-1.94925e+06
3832,-1.35066e+06,1.63268e+06
3833,-176157,2.16976e+06
3834,1.58539e+06,-1.44143e+06
3835,-338679,2.06829e+06
3836,2.25462e+06,779775
3837,-2.15246e+06,284969
3838,1.56695e+06,1.50546e+06
3839,516856,2.08749e+06
3840,-1.99645e+06,688001
3841,1.82366e+06,1.26429e+06
3842,1.33493e+06,-1.64757e+06
3843,287928,2.69979e+06
3844,-2.0848e+06,-802551
3845,1.88994e+06,-525089
3846,-1.98394e+06,271190
3847,1.02775e+06,-1.82215e+06
3848,-423137,2.09399e+06
3849,1.08949e+06,2.29582e+06
3850,-1.86067e+06,-1.41518e+06
3851,-1.90482e+06,-1.2235e+06
3852,787862,2.55336e+06
3853,193054,2.25322e+06
3854,-2.0685e+06,-1.37777e+06
3855,-1.30912e+06,1.73842e+06
3856,1.56161e+06,1.8423e+06
3857,-1.9867e+06,914370
3858,-1.61686e+06,1.41041e+06
3859,1.66951e+06,-1.73503e+06
3860,1.72312e+06,1.10352e+06
3861,1.3366e+06,-1.6193e+06
3862,1.66972e+06,1.28198e+06
3863,-2.11606e+06,527841
3864,-239941,2.1781e+06
3865,156185,2.22146e+06
3866,1.81533e+06,1.33968e+06
3867,-2.14073e+06,509013
3868,-466507,2.10677e+06
3869,1.89818e+06,-1.03188e+06
3870,1.9208e+06,67705.9
3871,-1.08866e+06,1.68345e+06
3872,1.72684e+06,1.15083e+06
3873,351560,2.08802e+06
3874,-1.23831e+06,-1.15158e+06
3875,-786299,2.37375e+06
3876,-887061,-1.91915e+06
3877,923248,1.719e+06
3878,1.52519e+06,-1.37498e+06
3879,-1.59513e+06,-2.50841e+06
3880,-1.85773e+06,1.14487e+06
3881,918535,1.95294e+06
3882,358008,-1.77486e+06
3883,2.01007e+06,-360684
3884,-2.02143e+06,-924345
3885,2.55944e+06,-224119
3886,-1.90025e+06,533052
3887,565103,2.03015e+06
3888,2.06552e+06,734145
3889,-2.10585e+06,482217
3890,-852655,1.98651e+06
3891,2.00448e+06,-231912
3892,-651134,-1.96413e+06
3893,-748402,-1.50528e+06
3894,-1.90247e+06,763865
3895,1.92368e+06,-716420
3896,-2.00024e+06,-781918
3897,-1.73039e+06,-1.31408e+06
3898,1.82567e+06,1.08667e+06
3899,-136147,2.20903e+06
3900,1.04255e+06,-1.9205e+06
3901,-1.32932e+06,1.62768e+06
3902,2.04005e+06,-483565
3903,-708895,-1.87591e+06
3904,-2.35495e+06,-167092
3905,-2.30255e+06,1.30975e+06
3906,-1.86693e+06,-719653
3907,-1.71468e+06,1.31363e+06
3908,-433045,2.12996e+06
3909,1.70905e+06,1.2628e+06
3910,-554836,-2.19545e+06
3911,1.32921e+06,-1.58843e+06
3912,1.76536e+06,1.2837e+06
3913,-612733,2.04396e+06
3914,1.189e+06,-2.28941e+06
3915,1.17085e+06,-1.74588e+06
3916,2.03365e+06,315457
3917,854447,-2.11916e+06
3918,-738265,1.98274e+06
3919,1.74513e+06,1.05421e+06
3920,843834,2.01143e+06
3921,-1.97244e+06,-1.9432e+06
3922,290109,1.62944e+06
3923,186981,-2.04036e+06
3924,-1.46041e+06,-1.43775e+06
3925,1.15239e+06,-1.81715e+06
3926,-664037,-1.3288e+06
3927,-2.29188e+06,-725369
3928,2.10899e+06,546179
3929,-2.44429e+06,-1.63094e+06
3930,544480,1.98748e+06
3931,1.43238e+06,-1.36069e+06
3932,-412578,-1.97898e+06
3933,-471881,-1.69408e+06
3934,2.18477e+06,-327755
3935,-269564,-1.0593e+06
3936,-1.1682e+06,-1.73325e+06
3937,548733,1.90526e+06
3938,-1.02781e+06,-1.37322e+06
3939,1.96426e+06,-502306
3940,-1.73104e+06,-1.36562e+06
3941,961648,-1.98259e+06
3942,-984200,1.61921e+06
3943,-371297,1.79007e+06
3944,-1.68718e+06,-358180
3945,994706,1.34215e+06
3946,2.15827e+06,-1.14041e+06
3947,1.16959e+06,-1.90597e+06
3948,681947,1.49895e+06
3949,-57891.9,-2.05094e+06
3950,1.20207e+06,-1.70902e+06
3951,571693,-1.99215e+06
3952,1.8658e+06,1.97509e+06
3953,323174,-2.06433e+06
3954,-440117,1.76023e+06
3955,1.25414e+06,-1.69283e+06
3956,2.1133e+06,1.32116e+06
3957,-967083,1.91585e+06
3958,1.29706e+06,-1.34831e+06
3959,2.0087e+06,-49757.3
3960,1.72933e+06,-1.29856e+06
3961,-2.03267e+06,-252220
3962,980002,1.76645e+06
3963,1.28259e+06,-1.59996e+06
3964,785417,-2.06006e+06
3965,152716,2.22792e+06
3966,1.08678e+06,-1.80541e+06
3967,-2.32567e+06,-181302
3968,1.75273e+06,1.78519e+06
3969,-1.05939e+06,1.96217e+06
3970,392181,2.04767e+06
3971,2.09541e+06,-21294.7
3972,-1.85679e+06,807104
3973,1.32238e+06,-1.57185e+06
3974,862527,-1.69572e+06
3975,1.78932e+06,1.02033e+06
3976,-2.35622e+06,424436
3977,-2.03012e+06,-375032
3978,1.50593e+06,1.97591e+06
3979,-1.23073e+06,-1.59367e+06
3980,-1.79937e+06,809238
3981,1.98778e+06,-528134
3982,-1.29659e+06,1.58246e+06
3983,734546,1.89539e+06
3984,-1.32156e+06,-959229
3985,2.00515e+06,-326115
3986,-2.03745e+06,156481
3987,1.10063e+06,-1.79319e+06
3988,-782279,1.93285e+06
3989,-9156.74,-2.08861e+06
3990,-816326,-1.86838e+06
3991,-337661,2.14097e+06
3992,-527203,2.21591e+06
3993,-1.68304e+06,-1.29713e+06
3994,-518879,1.56457e+06
3995,-1.82346e+06,1.57797e+06
3996,-1.26764e+06,2.10057e+06
3997,-1.27187e+06,-1.5546e+06
3998,1.34668e+06,325338
3999,-540867,-2.13611e+06
4000,846206,1.88536e+06
4001,1.6135e+06,1.58227e+06
4002,-1.50603e+06,-253142
4003,-2.08258e+06,449005
4004,2.09232e+06,664957
4005,-1.93804e+06,-936852
4006,527923,-2.01353e+06
4007,136034,-2.05449e+06
4008,-1.91887e+06,155634
4009,-773050,-1.14451e+06
4010,1.27408e+06,-1.48624e+06
4011,-222845,-2.12042e+06
4012,887927,-1.95573e+06
4013,-2.03755e+06,-845258
4014,-1.73374e+06,1.09623e+06
4015,1.33694e+06,-420104
4016,-1.16568e+06,1.6644e+06
4017,-1.68529e+06,-1.22024e+06
4018,-1.65311e+06,-1.00442e+06
4019,-2.07161e+06,-91171.8
4020,-1.18428e+06,2.12058e+06
4021,1.63262e+06,-337307
4022,2.80908e+06,700399
4023,1.80047e+06,-977648
4024,131551,-1.85261e+06
4025,2.00598e+06,-680362
4026,1.19596e+06,1.67809e+06
4027,1.13394e+06,2.09604e+06
4028,-1.73597e+06,922783
4029,1.41943e+06,630107
4030,-2.4788e+06,590132
4031,-1.78792e+06,-1.36581e+06
4032,1.7979e+06,902541
4033,-1.62707e+06,1.27813e+06
4034,-570617,-2.57171e+06
4035,328603,-2.02869e+06
4036,1.51697e+06,936914
4037,2.0793e+06,470968
4038,1.93341e+06,-1.35627e+06
4039,-1.75401e+06,524779
4040,112719,1.73422e+06
4041,1.91926e+06,-491535
4042,-2.08695e+06,562972
4043,-2.22178e+06,-1.54808e+06
4044,911300,2.1201e+06
4045,-1.3628e+06,-1.38699e+06
4046,770546,1.94039e+06
4047,-1.23805e+06,-1.63676e+06
4048,-2.01273e+06,-302966
4049,1.42409e+06,32752.4
4050,1.04769e+06,-2.24672e+06
4051,1.81008e+06,-919058
4052,1.0391e+06,-1.89498e+06
4053,-1.34924e+06,1.57345e+06
4054,-991062,1.62405e+06
4055,-1.05394e+06,-2.36799e+06
4056,957885,1.80791e+06
4057,-738403,-2.1637e+06
4058,1.99826e+06,334112
4059,-2.23206e+06,-810400
4060,1.72171e+06,1.09311e+06
4061,1.00616e+06,-2.0323e+06
4062,-1.89972e+06,760691
4063,1.92013e+06,647180
4064,1.49191e+06,1.25881e+06
4065,-1.54515e+06,1.26728e+06
4066,-842169,-1.82563e+06
4067,853248,-1.7861e+06
4068,1.50986e+06,917835
4069,-860575,-1.90668e+06
4070,1.33851e+06,-1.51879e+06
4071,-588559,2.00276e+06
4072,-1.90034e+06,-1.67992e+06
4073,-1.77407e+06,1.02845e+06
4074,289381,1.94829e+06
4075,1.21593e+06,1.67613e+06
4076,-1.70005e+06,738064
4077,-678556,-1.66413e+06
4078,1.98627e+06,345765
4079,2.05401e+06,-9616.52
4080,937498,1.75698e+06
4081,-1.84513e+06,900992
4082,2.24342e+06,-644422
4083,-1.98846e+06,81047.9
4084,-1.04908e+06,1.59287e+06
4085,-2.40521e+06,1.05908e+06
4086,335340,2.03759e+06
4087,1.15321e+06,-1.53038e+06
4088,1.70446e+06,-1.65112e+06
4089,603338,-1.96839e+06
4090,44666.6,2.03535e+06
4091,554400,1.91943e+06
4092,-690572,1.3925e+06
4093,-1.48455e+06,1.33809e+06
4094,1.30171e+06,1.53029e+06
4095,847399,1.82271e+06
4096,784174,1.87586e+06
4097,-157394,2.00713e+06
4098,-1.70411e+06,1.09615e+06
4099,348746,-1.60369e+06
4100,-443787,2.00417e+06
4101,169942,2.00738e+06
4102,-168490,1.96793e+06
4103,-1.75316e+06,-552037
4104,1.98624e+06,-521664
4105,445435,1.8644e+06
4106,2.02634e+06,644535
4107,-931867,-2.01098e+06
4108,1.88317e+06,799216
4109,-672323,-1.66922e+06
4110,-1.05593e+06,-1.68102e+06
4111,-633469,-1.81933e+06
4112,-1.29983e+06,-1.48235e+06
4113,-267387,1.99756e+06
4114,1.93071e+06,414173
4115,2.14539e+06,-164098
4116,51654.1,-2.26702e+06
4117,-1.2957e+06,-1.3057e+06
4118,-1.07864e+06,1.6119e+06
4119,1.97667e+06,1.20663e+06
4120,-29529,1.8686e+06
4121,-86168.1,2.00991e+06
4122,1.31977e+06,-1.61276e+06
4123,-78007.5,2.01532e+06
4124,486447,1.76141e+06
4125,-1.67161e+06,-816541
4126,-2.05161e+06,462336
4127,1.00999e+06,1.78766e+06
4128,1.87588e+06,-406367
4129,-713967,-1.59035e+06
4130,1.90927e+06,713087
4131,746731,1.91117e+06
4132,291972,-1.99411e+06
4133,-772751,-1.77154e+06
4134,-1.2767e+06,-1.77543e+06
4135,1.80039e+06,835307
4136,11824.8,-2.05705e+06
4137,-1.73333e+06,-1.04314e+06
4138,1.83855e+06,-838636
4139,-1.01794e+06,-2.24407e+06
4140,112588,2.00308e+06
4141,1.27468e+06,1.43868e+06
4142,-855047,1.89624e+06
4143,-755722,-1.6399e+06
4144,-784181,1.81887e+06
4145,2.02646e+06,695095
4146,1.94617e+06,298003
4147,1.88171e+06,-258841
4148,-824760,1.79564e+06
4149,-1.43165e+06,-1.21368e+06
4150,-1.65535e+06,1.13323e+06
4151,-1.70229e+06,-1.08157e+06
4152,1.69117e+06,-455303
4153,-1.08029e+06,2.4363e+06
4154,1.59245e+06,-1.86829e+06
4155,-1.9262e+06,-383912
4156,551689,-1.85192e+06
4157,1.45684e+06,-1.49271e+06
4158,1.97591e+06,10368.8
4159,2.04288e+06,1.54221e+06
4160,1.66203e+06,-843483
4161,1.95942e+06,-41592.4
4162,350195,-2.00545e+06
4163,-2.16238e+06,-1.21384e+06
4164,-1.52763e+06,1.51964e+06
4165,2.17637e+06,350454
4166,-172102,-2.00262e+06
4167,941574,-1.05794e+06
4168,-1.99903e+06,-43318.9
4169,492698,-1.93224e+06
4170,-1.58001e+06,795232
4171,-782541,-1.91764e+06
4172,-2.35986e+06,2.1035e+06
4173,1.93386e+06,224831
4174,-933996,-1.96971e+06
4175,616445,-1.87147e+06
4176,1.76354e+06,-966118
4177,1.01536e+06,-1.23602e+06
4178,-844446,1.66416e+06
4179,-1.9175e+06,278228
4180,-1.93157e+06,457620
4181,1.14642e+06,1.699e+06
4182,1.93986e+06,-569201
4183,439918,-1.93127e+06
4184,1.78748e+06,968987
4185,-944654,1.54392e+06
4186,-115437,-1.74284e+06
4187,1.78274e+06,864080
4188,-1.87893e+06,-830541
4189,-1.15791e+06,-1.51696e+06
4190,1.49585e+06,1.22301e+06
4191,-967573,1.77932e+06
4192,-1.99095e+06,-536270
4193,-1.0424e+06,1.68787e+06
4194,110192,-1.99914e+06
4195,520889,2.36691e+06
4196,-1.7824e+06,425589
4197,-1.88244e+06,-704879
4198,1.93314e+06,-376678
4199,-16995.6,-2.19101e+06
4200,-1.23305e+06,-1.4973e+06
4201,-1.99403e+06,1.46847e+06
4202,1.38038e+06,1.78431e+06
4203,-1.8489e+06,-368514
4204,-1.16376e+06,1.65988e+06
4205,1.09492e+06,439847
4206,-1.22318e+06,-1.52846e+06
4207,1.0902e+06,1.39002e+06
4208,2.01393e+06,-259386
4209,-987135,-1.48387e+06
4210,-1.57952e+06,486730
4211,2.01133e+06,306110
4212,307113,2.00361e+06
4213,-1.86029e+06,80606.9
4214,-1.76159e+06,-1.00143e+06
4215,-972680,-1.63593e+06
4216,1.80886e+06,-908493
4217,-691283,1.86781e+06
4218,-1.69352e+06,-1.01368e+06
4219,-902360,-1.82286e+06
4220,1.36049e+06,1.46419e+06
4221,-1.03153e+06,-398588
4222,-621490,2.17051e+06
4223,1.31765e+06,-620305
4224,-1.91992e+06,534155
4225,1.17029e+06,-1.25701e+06
4226,1.79445e+06,-437395
4227,-1.8137e+06,-888400
4228,-74232.1,1.88671e+06
4229,-126323,1.99358e+06
4230,1.2561e+06,1.58173e+06
4231,1.10746e+06,-1.46584e+06
4232,-863008,-2.13527e+06
4233,1.85718e+06,-296133
4234,1.24361e+06,-1.50168e+06
4235,-1.39122e+06,1.34731e+06
4236,-1.02574e+06,-1.73964e+06
4237,541674,-1.7267e+06
4238,-1.00844e+06,1.65192e+06
4239,-688008,-2.20235e+06
4240,1.81572e+06,-768397
4241,-1.42404e+06,-1.37805e+06
4242,1.87793e+06,-653484
4243,1.07258e+06,-1.48081e+06
4244,1.76263e+06,891091
4245,-1.96066e+06,59401.1
4246,225755,1.86457e+06
4247,1.8067e+06,1.46788e+06
4248,935499,1.31084e+06
4249,-1.45472e+06,-1.16003e+06
4250,-1.64875e+06,-574759
4251,453693,1.75922e+06
4252,-1.70301e+06,888735
4253,1.6617e+06,987808
4254,-1.93788e+06,36551.9
4255,-139777,1.53389e+06
4256,-1.97233e+06,-244894
4257,-859179,1.78906e+06
4258,-1.67716e+06,-1.20786e+06
4259,-590292,1.86162e+06
4260,-1.82862e+06,680918
4261,445668,-1.95869e+06
4262,-1.60481e+06,1.0181e+06
4263,-1.92379e+06,-287068
4264,-789147,1.79939e+06
4265,-1.85742e+06,655283
4266,-1.66366e+06,221672
4267,1.58774e+06,763810
4268,341497,1.99212e+06
4269,-2.15933e+06,-726156
4270,15464.7,-1.49768e+06
4271,339036,-1.96105e+06
4272,-1.24145e+06,-1.34684e+06
4273,-1.38735e+06,1.30214e+06
4274,-1.92147e+06,240181
4275,1.79907e+06,850972
4276,317863,2.49406e+06
4277,-730496,-1.85902e+06
4278,822899,1.7987e+06
4279,-990456,2.40868e+06
4280,97153.8,2.02874e+06
4281,1.85023e+06,128300
4282,-1.28281e+06,654695
4283,-1.69339e+06,825361
4284,771855,-1.78623e+06
4285,-1.93149e+06,-15497.9
4286,-1.61406e+06,1.28363e+06
4287,-1.80954e+06,-772279
4288,-1.29966e+06,556563
4289,-1.37749e+06,1.37505e+06
4290,218161,-2.0838e+06
4291,-274414,2.08069e+06
4292,1.88127e+06,-696436
4293,-1.31602e+06,-1.39965e+06
4294,575403,-1.95721e+06
4295,1.27427e+06,-1.71611e+06
4296,1.74275e+06,-1.03992e+06
4297,-1.5353e+06,-1.30058e+06
4298,1.75124e+06,143153
4299,-499877,1.26124e+06
4300,1.26801e+06,-498932
4301,1.81476e+06,-1.63682e+06
4302,1.85051e+06,106692
4303,1.11472e+06,-1.62944e+06
4304,732600,1.75134e+06
4305,-1.1556e+06,-1.32194e+06
4306,-1.86525e+06,-749655
4307,-1.08099e+06,1.65486e+06
4308,199078,2.4293e+06
4309,41284.9,2.04192e+06
4310,-86676.8,-1.87474e+06
4311,-1.29486e+06,1.4765e+06
4312,1.9878e+06,-92346.9
4313,2.40883e+06,-350449
4314,1.95939e+06,58021
4315,1.04508e+06,-1.60953e+06
4316,-547918,-1.45304e+06
4317,-1.27898e+06,-1.25505e+06
4318,-284989,1.72502e+06
4319,-1.90983e+06,10785.5
4320,1.65523e+06,-936362
4321,1.47983e+06,1.51204e+06
4322,-1.16285e+06,1.16295e+06
4323,-1.87858e+06,901867
4324,-1.91391e+06,-155712
4325,-1.46191e+06,-1.3931e+06
4326,709512,1.79912e+06
4327,-1.36897e+06,1.45685e+06
4328,1.85451e+06,454891
4329,2.12997e+06,-255135
4330,-2.38417e+06,925471
4331,1.34911e+06,1.32703e+06
4332,2.22963e+06,684768
4333,-1.79813e+06,1.19489e+06
4334,1.66056e+06,-938435
4335,842056,1.52696e+06
4336,1.52275e+06,273825
4337,54539.3,1.89375e+06
4338,2.14908e+06,520149
4339,1.17685e+06,1.36223e+06
4340,-1.96374e+06,-239250
4341,-1.88423e+06,182989
4342,1.33317e+06,1.05683e+06
4343,313431,1.4563e+06
4344,-1.46509e+06,-1.80203e+06
4345,2.25396e+06,-601808
4346,1.71594e+06,1.15669e+06
4347,2.16066e+06,-372422
4348,-2.05317e+06,1.07278e+06
4349,-326400,-1.88001e+06
4350,1.61171e+06,1.92531e+06
4351,802856,-1.55156e+06
4352,894118,1.68898e+06
4353,1.73304e+06,930654
4354,1.79667e+06,-435800
4355,-1.85017e+06,-332862
4356,-109036,1.70391e+06
4357,-1.54439e+06,-1.37449e+06
4358,-851895,1.71323e+06
4359,-1.54147e+06,79874.8
4360,628698,1.924e+06
4361,-476985,1.85327e+06
4362,-689981,1.69635e+06
4363,1.14158e+06,1.60832e+06
4364,766414,-1.84332e+06
4365,-1.6848e+06,830309
4366,984124,1.47112e+06
4367,-1.51668e+06,-1.13381e+06
4368,-1.30778e+06,1.35936e+06
4369,-1.20757e+06,-1.68558e+06
4370,-1.88939e+06,713357
4371,-739046,-1.75757e+06
4372,2.2024e+06,-817692
4373,-1.76125e+06,-425676
4374,-2.33699e+06,-1.88773e+06
4375,1.90656e+06,-50184.4
4376,1.84854e+06,196608
4377,1.03195e+06,714825
4378,-665380,1.7768e+06
4379,-1.34985e+06,-1.43304e+06
4380,1.92041e+06,546948
4381,-478881,-2.00368e+06
4382,1.35314e+06,1.96069e+06
4383,-536849,-2.06008e+06
4384,-1.4309e+06,-1.32396e+06
4385,175634,2.06966e+06
4386,633132,1.85778e+06
4387,876559,-1.12215e+06
4388,-1.8754e+06,686387
4389,1.69175e+06,888773
4390,1.37293e+06,-1.20341e+06
4391,1.38257e+06,1.5297e+06
4392,1.60088e+06,831106
4393,74647.3,-1.92742e+06
4394,1.73943e+06,-743473
4395,849705,-1.37281e+06
4396,-1.46261e+06,702718
4397,-1.65856e+06,-815619
4398,871014,1.69434e+06
4399,1.8903e+06,969629
4400,593070,1.86722e+06
4401,-593667,1.58524e+06
4402,-1.7094e+06,271762
4403,2.153e+06,927521
4404,-815160,-1.87916e+06
4405,1.04991e+06,1.61147e+06
4406,-1.82643e+06,413406
4407,-119930,1.56611e+06
4408,1.36978e+06,-489885
4409,-945529,-1.69698e+06
4410,1.51546e+06,-1.29243e+06
4411,-376995,1.87044e+06
4412,-625706,1.63182e+06
4413,-1.13708e+06,-1.38863e+06
4414,614229,-1.79054e+06
4415,-1.01684e+06,-1.71592e+06
4416,1.75472e+06,1.04184e+06
4417,1.63989e+06,884704
4418,-1.81584e+06,309842
4419,-2.32573e+06,-126537
4420,1.37401e+06,1.42951e+06
4421,16372.4,1.33786e+06
4422,1.92773e+06,235107
4423,1.18936e+06,-1.43013e+06
4424,-782121,-1.65577e+06
4425,-607731,1.74047e+06
4426,-228629,-2.082e+06
4427,1.11952e+06,1.45639e+06
4428,-968787,-1.80671e+06
4429,1.14863e+06,-1.59258e+06
4430,-120132,-1.80449e+06
4431,-2.03908e+06,157595
4432,875629,-2.1914e+06
4433,-1.70139e+06,399944
4434,1.14917e+06,-1.46394e+06
4435,-890258,1.62763e+06
4436,1.79186e+06,-60526.8
4437,939620,947433
4438,-1.84152e+06,442138
4439,535693,-1.84229e+06
4440,1.64378e+06,416061
4441,898097,1.6156e+06
4442,-1.29817e+06,875739
4443,1.60915e+06,987010
4444,1.16725e+06,-1.13134e+06
4445,-362786,2.06152e+06
4446,-966664,1.55357e+06
4447,1.80638e+06,18482.8
4448,-1.66248e+06,814797
4449,-1.54227e+06,1.02202e+06
4450,1.59213e+06,900171
4451,1.24894e+06,1.42111e+06
4452,1.61292e+06,-979406
4453,-2.07465e+06,-972783
4454,1.25867e+06,1.38233e+06
4455,-1.48994e+06,1.20166e+06
4456,-1.02932e+06,1.53398e+06
4457,1.73509e+06,860047
4458,-1.38913e+06,1.236e+06
4459,-1.10322e+06,1.64279e+06
4460,-1.77663e+06,-714746
4461,-36932.4,-1.88658e+06
4462,-772768,1.73349e+06
4463,-1.47031e+06,1.1953e+06
4464,1.71397e+06,1.35321e+06
4465,199894,1.91331e+06
4466,251911,-1.84131e+06
4467,1.48166e+06,473820
4468,1.64403e+06,733231
4469,734575,2.33338e+06
4470,1.7891e+06,355283
4471,1.75491e+06,-714056
4472,-1.51124e+06,1.26776e+06
4473,896465,-1.0376e+06
4474,973244,1.66895e+06
4475,2.06072e+06,-699948
4476,-845513,1.67178e+06
4477,-421364,-1.61106e+06
4478,-2.30454e+06,1.22627e+06
4479,-1.78764e+06,-257573
4480,-62274.2,1.89514e+06
4481,-298170,1.8405e+06
4482,799967,1.72978e+06
4483,-816939,1.82637e+06
4484,-855351,559280
4485,1.88853e+06,-592879
4486,1.91789e+06,-362716
4487,1.43295e+06,-208721
4488,271207,-1.74984e+06
4489,-1.05177e+06,-1.56786e+06
4490,22451.2,1.91159e+06
4491,1.87162e+06,-398650
4492,-966867,-1.63005e+06
4493,-707045,-1.92233e+06
4494,208563,-1.87143e+06
4495,-1.94026e+06,466883
4496,-117510,1.87895e+06
4497,1.65246e+06,-849696
4498,1.56775e+06,25600.2
4499,1.74709e+06,546040
4500,1.25637e+06,-1.32091e+06
4501,-432542,1.81771e+06
4502,-444426,1.76509e+06
4503,1.26355e+06,-1.37958e+06
4504,-1.62505e+06,-873861
4505,-1.31035e+06,-1.43644e+06
4506,-1.88115e+06,-170886
4507,-1.61364e+06,928888
4508,-1.80867e+06,-239641
4509,-1.56839e+06,-1.03716e+06
4510,1.67613e+06,-825017
4511,-1.27164e+06,1.43765e+06
4512,-1.15499e+06,-1.47313e+06
4513,-1.39257e+06,1.0263e+06
4514,-263452,1.8487e+06
4515,-1.35581e+06,1.65342e+06
4516,1.73072e+06,1.29639e+06
4517,1.76387e+06,1.16406e+06
4518,-1.5533e+06,-352939
4519,148394,-1.83086e+06
4520,1.45655e+06,1.31422e+06
4521,1.71243e+06,-758766
4522,906220,-1.5701e+06
4523,-2.69916e+06,33866.6
4524,-767608,1.51873e+06
4525,1.39876e+06,888952
4526,1.70875e+06,-717892
4527,-1.21126e+06,1.25415e+06
4528,-694498,-1.74049e+06
4529,559314,-2.02705e+06
4530,28451.2,-1.85251e+06
4531,1.69148e+06,-632643
4532,1.49393e+06,-1.5049e+06
4533,-1.60173e+06,942716
4534,-1.59594e+06,981505
4535,-1.67386e+06,-763800
4536,249221,-1.68599e+06
4537,-1.47466e+06,1.10818e+06
4538,1.46509e+06,1.33829e+06
4539,-1.24491e+06,-1.36578e+06
4540,-688511,-1.78322e+06
4541,1.69283e+06,695548
4542,684301,-1.7228e+06
4543,-563579,-1.6502e+06
4544,-470469,1.68101e+06
4545,-1.85461e+06,5373.15
4546,-118484,-1.89221e+06
4547,-1.4019e+06,-187071
4548,-1.03011e+06,1.55681e+06
4549,-1.80261e+06,452105
4550,1.20206e+06,-1.2801e+06
4551,660449,1.67886e+06
4552,-593540,1.73805e+06
4553,1.4522e+06,1.03704e+06
4554,-1.48982e+06,1.07762e+06
4555,-1.53013e+06,-1.17656e+06
4556,-166420,1.61958e+06
4557,448955,1.78524e+06
4558,-110302,1.70273e+06
4559,-997588,1.53704e+06
4560,-507475,1.6333e+06
4561,-1.38472e+06,865478
4562,1.77941e+06,272952
4563,-812179,1.2194e+06
4564,-1.78321e+06,-299469
4565,2.02329e+06,-163643
4566,-1.56289e+06,-978055
4567,-2.08502e+06,766893
4568,483624,1.91902e+06
4569,-1.85142e+06,61599.4
4570,-889682,1.68457e+06
4571,79832.9,1.86803e+06
4572,-640718,-2.05943e+06
4573,624453,-1.48833e+06
4574,603332,-1.6158e+06
4575,512350,-1.74517e+06
4576,1.69648e+06,383241
4577,1.27912e+06,-182923
4578,-474392,-1.76959e+06
4579,487096,-1.57712e+06
4580,1.04355e+06,1.53949e+06
4581,974508,-1.42487e+06
4582,2.33573e+06,-116500
4583,-1.45711e+06,-1.08024e+06
4584,1.43116e+06,-1.96704e+06
4585,-1.06072e+06,1.67026e+06
4586,-637545,-1.67952e+06
4587,1.46775e+06,1.08577e+06
4588,-1.27458e+06,-1.20164e+06
4589,-1.75609e+06,1.69415e+06
4590,-1.39263e+06,1.10874e+06
4591,-921088,1.65575e+06
4592,-1.16717e+06,1.17749e+06
4593,1.6038e+06,-1.17268e+06
4594,-1.92048e+06,-545528
4595,1.52423e+06,1.11259e+06
4596,-674643,1.73742e+06
4597,1.39862e+06,-1.0618e+06
4598,773966,1.31241e+06
4599,1.78519e+06,306545
4600,-1.25416e+06,1.31836e+06
4601,-224986,-1.60758e+06
4602,1.5167e+06,-1.36016e+06
4603,-669990,-1.70966e+06
4604,-1.78505e+06,12455.9
4605,1.81349e+06,565744
4606,-1.02098e+06,-1.5883e+06
4607,818526,-1.47725e+06
4608,-98626.2,-1.32412e+06
4609,105326,-2.00452e+06
4610,-301857,-1.76879e+06
4611,577594,-2.02582e+06
4612,1.51791e+06,1.08525e+06
4613,168866,-1.67112e+06
4614,-559980,-1.36763e+06
4615,-1.46317e+06,-1.02355e+06
4616,1.37875e+06,-659218
4617,953118,-1.68058e+06
4618,-1.76432e+06,-69200.9
4619,1.82627e+06,-135528
4620,219224,-1.80201e+06
4621,1.08261e+06,1.50809e+06
4622,1.97891e+06,138203
4623,1.58335e+06,950335
4624,-600537,-1.96802e+06
4625,-979988,-1.69329e+06
4626,940341,-2.017e+06
4627,-1.12387e+06,-19307.7
4628,-893917,1.2532e+06
4629,-1.38282e+06,925371
4630,1.86362e+06,253556
4631,-444990,1.74681e+06
4632,-1.5996e+06,1.41768e+06
4633,1.8727e+06,835812
4634,-141205,1.68469e+06
4635,1.12702e+06,-1.16537e+06
4636,1.20306e+06,-1.34375e+06
4637,-912519,-1.56594e+06
4638,-20555.5,2.00355e+06
4639,-654134,2.05744e+06
4640,-1.55793e+06,1.01072e+06
4641,1.65058e+06,782726
4642,-363453,-1.75346e+06
4643,645245,1.66231e+06
4644,-2.01043e+06,979102
4645,-503111,1.76969e+06
4646,-1.79206e+06,-361738
4647,1.81644e+06,-102780
4648,1.41311e+06,809876
4649,1.0541e+06,-1.28628e+06
4650,1.58297e+06,-516646
4651,-1.55065e+06,-862086
4652,1.27395e+06,1.32982e+06
4653,-1.21046e+06,1.26333e+06
4654,237217,-1.7778e+06
4655,1.32014e+06,-400177
4656,-774973,-1.64681e+06
4657,1.76714e+06,-1.34239e+06
4658,-1.26772e+06,-1.52442e+06
4659,199456,1.16657e+06
4660,-762853,1.89706e+06
4661,-664634,1.50318e+06
4662,-1.99396e+06,-628737
4663,-187738,1.68344e+06
4664,-1.60928e+06,-810892
4665,-865742,-1.65463e+06
4666,-768711,1.89244e+06
4667,-1.85163e+06,-284214
4668,-1.06986e+06,-1.14398e+06
4669,582144,1.63884e+06
4670,-1.92598e+06,-870702
4671,1.4652e+06,1.08397e+06
4672,-1.29944e+06,-918905
4673,993776,1.52456e+06
4674,-1.74448e+06,352107
4675,556263,-1.69902e+06
4676,-1.76789e+06,142297
4677,1.41644e+06,-1.00216e+06
4678,-1.37842e+06,-530436
4679,1.37509e+06,-66933.7
4680,-507304,1.78694e+06
4681,558614,-1.74382e+06
4682,862804,-1.6516e+06
4683,-2.10541e+06,774791
4684,-1.69454e+06,406002
4685,1.30462e+06,1.44462e+06
4686,-1.28447e+06,1.31527e+06
4687,-423053,1.80084e+06
4688,-177825,-1.74949e+06
4689,1.60001e+06,-605186
4690,1.58891e+06,1.1732e+06
4691,1.62566e+06,31808.9
4692,-268673,1.81499e+06
4693,-389461,1.74288e+06
4694,1.81121e+06,-359941
4695,176266,-1.76481e+06
4696,-1.3974e+06,1.11641e+06
4697,-979050,1.45105e+06
4698,1.71265e+06,957896
4699,1.7002e+06,355222
4700,989989,-1.31243e+06
4701,232649,-1.83167e+06
4702,-1.76962e+06,-25461
4703,-432362,1.66665e+06
4704,269250,1.71234e+06
4705,556517,1.69015e+06
4706,-1.58751e+06,-229645
4707,1.14013e+06,-1.51481e+06
4708,2.69316e+06,-441191
4709,414229,-1.60841e+06
4710,693019,-1.6501e+06
4711,1.58987e+06,-545281
4712,-71336.7,1.81314e+06
4713,136767,-1.38613e+06
4714,-1.56109e+06,841092
4715,-1.09673e+06,1.28131e+06
4716,-1.18205e+06,1.40426e+06
4717,-550135,1.7505e+06
4718,-1.13622e+06,-1.16727e+06
4719,-254533,-1.57482e+06
4720,700845,1.00676e+06
4721,-1.57164e+06,-637658
4722,1.67655e+06,-699870
4723,-1.49415e+06,-634788
4724,930161,991620
4725,-2.13078e+06,254480
4726,273135,2.17453e+06
4727,1.96541e+06,-1.07572e+06
4728,1.94678e+06,1.36303e+06
4729,-1.31917e+06,-1.48525e+06
4730,-1.64774e+06,-646767
4731,-1.82262e+06,-62286.2
4732,620256,-1.64991e+06
4733,969522,1.3948e+06
4734,1.73701e+06,90052.5
4735,632073,1.68289e+06
4736,866350,-1.53526e+06
4737,-1.88995e+06,779975
4738,-690503,1.68376e+06
4739,1.50884e+06,875898
4740,-2.3544e+06,236802
4741,-1.51592e+06,445243
4742,824470,-1.95968e+06
4743,-2.11224e+06,922016
4744,1.64228e+06,587219
4745,1.21643e+06,1.53511e+06
4746,-1.31151e+06,1.44859e+06
4747,1.35781e+06,-1.16448e+06
4748,-276784,1.56942e+06
4749,674822,1.52332e+06
4750,-218115,1.528e+06
4751,1.04636e+06,-1.48365e+06
4752,-1.68469e+06,53814.4
4753,-1.19363e+06,1.41076e+06
4754,-1.54636e+06,897172
4755,-1.57018e+06,-554298
4756,-1.18494e+06,2.06884e+06
4757,163117,1.77892e+06
4758,-1.35072e+06,735809
4759,-1.11379e+06,-1.2968e+06
4760,-862312,-1.71447e+06
4761,-1.79849e+06,54126.4
4762,1.50864e+06,786136
4763,-2.04087e+06,525539
4764,1.80641e+06,-601702
4765,-1.49904e+06,-873371
4766,-1.86331e+06,-348246
4767,1.5233e+06,813630
4768,-89674.9,-1.62775e+06
4769,-320752,1.75383e+06
4770,820894,-1.61545e+06
4771,-1.80361e+06,-383159
4772,-1.48103e+06,-768234
4773,-345574,-1.61475e+06
4774,-944843,729418
4775,-1.83897e+06,-492926
4776,262193,-1.71238e+06
4777,-1.62165e+06,-755952
4778,1.56647e+06,708195
4779,821884,1.45002e+06
4780,-1.19997e+06,-1.45721e+06
4781,1.49722e+06,-1.7041e+06
4782,1.63364e+06,-633973
4783,-949850,-595833
4784,-1.03371e+06,-1.32237e+06
4785,1.44983e+06,-949676
4786,1.75458e+06,-155269
4787,-615987,-1.75363e+06
4788,950117,1.4342e+06
4789,-350331,-1.78322e+06
4790,1.1867e+06,-1.56426e+06
4791,-1.20298e+06,1.36814e+06
4792,-144093,2.0024e+06
4793,322528,1.73107e+06
4794,315052,1.73531e+06
4795,766868,1.47071e+06
4796,-9828.33,1.78473e+06
4797,-871022,-1.46979e+06
4798,-374777,1.71646e+06
4799,-1.00665e+06,1.13073e+06
4800,1.43508e+06,570269
4801,-1.76954e+06,507482
4802,-1.28774e+06,251161
4803,-416346,1.70311e+06
4804,-2.02081e+06,-316556
4805,-1.71427e+06,420604
4806,540118,-1.71344e+06
4807,-81136.4,1.80652e+06
4808,-129134,-1.87756e+06
4809,195491,1.77873e+06
4810,-1.40922e+06,-1.64091e+06
4811,731424,-1.63705e+06
4812,871417,2.34781e+06
4813,-1.72962e+06,-636244
4814,-1.84733e+06,851762
4815,1.12157e+06,1.27553e+06
4816,204221,1.82863e+06
4817,-642992,-1.64308e+06
4818,-893644,-1.95316e+06
4819,1.48918e+06,-1.09613e+06
4820,1.77359e+06,-634603
4821,231207,-1.88412e+06
4822,1.58357e+06,-808488
4823,-1.21301e+06,1.28636e+06
4824,-44896.6,1.80778e+06
4825,-69140.8,1.97397e+06
4826,-765065,1.10275e+06
4827,1.76556e+06,-110249
4828,2.14558e+06,244041
4829,-43639,-1.76601e+06
4830,-2.87383e+06,649237
4831,1.03617e+06,-1.38917e+06
4832,-163810,-1.6828e+06
4833,-1.49945e+06,885133
4834,-1.78287e+06,-434426
4835,1.48709e+06,1.75064e+06
4836,1.30888e+06,1.62251e+06
4837,-1.29286e+06,578982
4838,120571,-1.74383e+06
4839,923192,1.97947e+06
4840,887998,-1.58099e+06
4841,1.22673e+06,-962145
4842,1.11586e+06,35072.4
4843,1.67498e+06,920730
4844,516764,-1.72561e+06
4845,-768064,-1.59056e+06
4846,-1.51646e+06,-675901
4847,-1.25e+06,1.37806e+06
4848,1.53924e+06,-1.06193e+06
4849,563388,1.56952e+06
4850,-1.44796e+06,-983399
4851,2.0632e+06,-548252
4852,-1.23174e+06,-670002
4853,-1.57725e+06,-827476
4854,-209206,-1.83442e+06
4855,-1.03026e+06,-1.49683e+06
4856,1.95476e+06,-686565
4857,1.48477e+06,-811123
4858,-663674,-1.62779e+06
4859,-1.39291e+06,1.21004e+06
4860,1.32525e+06,-1.10613e+06
4861,1.66563e+06,-620888
4862,-1.36708e+06,735536
4863,1.20318e+06,-1.38482e+06
4864,-1.08054e+06,483960
4865,-471859,1.71093e+06
4866,352215,2.314e+06
4867,-1.65202e+06,538601
4868,1.40828e+06,1.8908e+06
4869,-1.63004e+06,-603679
4870,213563,2.66586e+06
4871,944012,1.21322e+06
4872,1.10777e+06,550677
4873,-1.12311e+06,-57570.5
4874,558690,-1.66067e+06
4875,1.41118e+06,1.06119e+06
4876,-1.56376e+06,-1.61899e+06
4877,1.31812e+06,-370725
4878,1.66166e+06,-1.40621e+06
4879,-564691,-1.32419e+06
4880,589502,1.69719e+06
4881,424248,2.1768e+06
4882,1.29264e+06,1.11151e+06
4883,-625357,1.9682e+06
4884,971649,1.4082e+06
4885,1.40827e+06,-1.02325e+06
4886,801548,-1.64977e+06
4887,1.51381e+06,892522
4888,1.29688e+06,-1.16829e+06
4889,-1.40132e+06,-1.54434e+06
4890,-1.57666e+06,-1.3365e+06
4891,-637593,1.66023e+06
4892,969336,1.43456e+06
4893,1.73703e+06,279221
4894,66216.8,1.41142e+06
4895,-1.40839e+06,-1.02423e+06
4896,-769173,-1.59664e+06
4897,458692,-1.91019e+06
4898,-688983,1.63636e+06
4899,-1.47924e+06,950463
4900,1.33266e+06,-926930
4901,-1.53488e+06,835560
4902,1.69052e+06,278074
4903,1.75223e+06,-230182
4904,-1.10683e+06,-593300
4905,-449921,-1.71091e+06
4906,-1.73745e+06,413531
4907,220852,-1.71956e+06
4908,-1.68056e+06,562042
4909,1.55634e+06,-762100
4910,-1.52388e+06,-825190
4911,876834,1.69979e+06
4912,1.61145e+06,767310
4913,1.6859e+06,624392
4914,1.73031e+06,-274909
4915,-1.31844e+06,-1.36193e+06
4916,1.97372e+06,-1.2638e+06
4917,-1.34757e+06,1.29942e+06
4918,-2.03187e+06,121176
4919,-1.78164e+06,-2.20982e+06
4920,1.54461e+06,870732
4921,446520,1.19341e+06
4922,-1.08424e+06,-1.4132e+06
4923,1.71482e+06,-63571.6
4924,1.10512e+06,-1.48227e+06
4925,-498842,1.74626e+06
4926,1.32037e+06,1.37203e+06
4927,-143870,-1.70418e+06
4928,1.08811e+06,-1.34086e+06
4929,718676,1.47263e+06
4930,1.81126e+06,-474184
4931,1.74287e+06,101851
4932,1.95661e+06,-93708.9
4933,1.45437e+06,1.28828e+06
4934,1.13103e+06,1.0127e+06
4935,638788,-1.10769e+06
4936,1.6278e+06,606479
4937,-875718,1.50365e+06
4938,-1.77839e+06,501613
4939,-1.71867e+06,295793
4940,228750,-1.69728e+06
4941,1.50968e+06,-453576
4942,-501499,-1.4431e+06
4943,-958761,1.53259e+06
4944,1.6877e+06,460663
4945,1.15871e+06,-18895.9
4946,832305,843005
4947,-541578,1.7066e+06
4948,-355706,-1.8349e+06
4949,-56207.9,-1.8918e+06
4950,829128,1.57837e+06
4951,738918,1.6314e+06
4952,-2.05608e+06,-589089
4953,-1.33634e+06,-1.83675e+06
4954,-1.10121e+06,-1.31134e+06
4955,-1.43741e+06,1.06506e+06
4956,-672116,1.63921e+06
4957,1.40481e+06,1.00088e+06
4958,-343425,1.74458e+06
4959,1.29284e+06,-1.155e+06
4960,1.59497e+06,-999846
4961,-445957,1.86599e+06
4962,-1.62952e+06,566326
4963,-1.79992e+06,-788901
4964,1.16256e+06,1.44382e+06
4965,-957910,1.21712e+06
4966,1.83036e+06,-443703
4967,-1.23723e+06,-723898
4968,-126852,1.79759e+06
4969,1.18042e+06,1.28732e+06
4970,-1.04608e+06,-1.46553e+06
4971,1.62285e+06,817984
4972,492440,1.30652e+06
4973,1.67138e+06,514928
4974,316695,-1.70863e+06
4975,858756,-1.52656e+06
4976,-445479,-1.6882e+06
4977,-1.1872e+06,-1.25811e+06
4978,1.77392e+06,522606
4979,1.2137e+06,1.67096e+06
4980,2.21152e+06,-208638
4981,603471,-1.60782e+06
4982,-1.46492e+06,980852
4983,544324,1.6528e+06
4984,-1.4805e+06,-842700
4985,-199489,-1.73058e+06
4986,-1.71202e+06,-539841
4987,-1.71346e+06,49264.1
4988,-1.53641e+06,-735555
4989,2.63936e+06,597431
4990,-1.06824e+06,1.40331e+06
4991,996260,-1.44794e+06
4992,1.59727e+06,493250
4993,-1.4336e+06,-901919
4994,156359,-1.69942e+06
4995,-63452.4,1.72908e+06
4996,-1.72096e+06,235928
4997,383448,1.81348e+06
4998,-1.70212e+06,358201
4999,-1.00548e+06,1.40674e+06
