body_index,force_x,force_y
0,4529.52,-3406.34
1,-1.10341e+08,1.13931e+08
2,3.55972e+07,1.3372e+08
3,-6.17482e+06,1.50574e+08
4,9.16176e+07,1.16799e+08
5,6.23098e+07,-1.31245e+08
6,-1.10066e+08,-9.44654e+07
7,1.30188e+08,-1.15076e+07
8,-1.41152e+08,7.33505e+06
9,8.64858e+07,-1.24543e+08
10,9.6211e+07,-9.84818e+07
11,1.36505e+08,1.07117e+07
12,4.02931e+07,1.26578e+08
13,-1.29335e+08,-324825
14,8.71581e+07,-9.99663e+07
15,-1.30453e+08,-1.18056e+07
16,1.32477e+08,4.76085e+06
17,-1.20903e+08,-1.12399e+07
18,-9.14949e+07,7.6309e+07
19,-5.79511e+06,-1.17526e+08
20,1.19406e+08,1.07826e+07
21,9.04565e+06,1.12423e+08
22,5.75823e+07,9.54706e+07
23,9.72788e+07,-4.33742e+07
24,2.53899e+07,-1.034e+08
25,-4.73892e+07,-9.1079e+07
26,-9.6014e+07,3.23293e+07
27,-7.11274e+07,7.8939e+07
28,-9.86451e+07,2.55724e+07
29,-3.50563e+07,9.37297e+07
30,-7.47011e+07,-6.91176e+07
31,4.95094e+07,8.53512e+07
32,-1.0316e+08,-1.98404e+06
33,-6.13532e+07,-6.18767e+07
34,-5.23504e+07,8.11716e+07
35,-4.74785e+06,-9.37527e+07
36,-9.18049e+07,-7.9425e+06
37,5.28512e+07,7.5279e+07
38,-8.45259e+07,-3.63828e+07
39,-4.52815e+07,-8.59562e+07
40,8.33506e+07,-4.08926e+07
41,4.06053e+07,-8.06298e+07
42,-8.57931e+07,-2.85681e+07
43,8.59849e+07,2.60777e+07
44,-4.69587e+07,-7.65756e+07
45,-6.95597e+06,8.48156e+07
46,-8.12725e+07,-2.33318e+07
47,4.49115e+07,6.06272e+07
48,7.69277e+07,2.98179e+07
49,-3.53511e+07,-6.90912e+07
50,-1.10763e+07,8.17929e+07
51,5.50702e+07,-5.96244e+07
52,-2.63951e+07,7.96516e+07
53,-7.4809e+07,1.76637e+07
54,-3.09834e+07,-7.57625e+07
55,-7.97045e+07,-1.81473e+07
56,2.59584e+07,7.23257e+07
57,4.61329e+07,7.43274e+07
58,-5.64807e+07,-5.46784e+07
59,-1.53877e+07,-7.46601e+07
60,-6.77523e+07,-2.96499e+07
61,-7.08967e+07,2.09901e+07
62,-4.89736e+07,-4.51657e+07
63,-4.1655e+07,-5.7493e+07
64,-1.75018e+07,-7.27785e+07
65,-5.45522e+07,4.1206e+07
66,3.46911e+07,6.3415e+07
67,-6.99451e+07,2.17937e+07
68,-6.95213e+07,1.09702e+07
69,-3.92125e+07,-6.21455e+07
70,5.2302e+07,-4.29219e+07
71,6.41558e+07,-2.62224e+07
72,-6.60795e+07,-1.59127e+07
73,-2.05521e+06,-6.47226e+07
74,-6.49312e+07,-3.23587e+07
75,-3.94538e+07,-5.18682e+07
76,4.00939e+07,4.96499e+07
77,3.44529e+07,-4.68127e+07
78,2.78484e+07,5.60806e+07
79,1.43903e+07,-6.19139e+07
80,5.34868e+07,2.29467e+07
81,-6.05962e+07,3.90574e+06
82,-3.98659e+07,-4.49113e+07
83,3.92389e+07,-4.66937e+07
84,1.0872e+07,-5.71673e+07
85,4.32408e+07,3.83004e+07
86,4.46315e+07,-3.98175e+07
87,5.40581e+07,2.4377e+07
88,-3.58877e+07,-4.77441e+07
89,-1.4144e+07,-5.5538e+07
90,3.80793e+07,-4.94187e+07
91,-9.20294e+06,-5.20664e+07
92,-2.3929e+07,-5.07641e+07
93,1.81388e+07,5.45795e+07
94,1.3084e+07,-5.32976e+07
95,4.01443e+06,5.58408e+07
96,-4.72578e+07,2.11674e+07
97,-5.20854e+07,-1.98676e+07
98,3.68686e+07,4.1311e+07
99,-5.51171e+07,1.04445e+07
100,-6.98581e+06,-5.81976e+07
101,5.20947e+07,-5.60565e+06
102,2.66328e+07,-4.73081e+07
103,-1.93493e+07,4.85656e+07
104,-2.48716e+07,4.65064e+07
105,-4.43006e+07,-3.9621e+07
106,4.50866e+07,2.36801e+07
107,3.37655e+07,-3.91978e+07
108,4.96705e+07,2.51865e+06
109,-2.60842e+07,4.37165e+07
110,-4.33167e+07,-2.70924e+07
111,4.38711e+07,-2.01208e+07
112,3.22098e+06,4.96439e+07
113,-3.85077e+07,2.85616e+07
114,4.62169e+07,-1.21045e+07
115,-4.79439e+07,1.51587e+07
116,-8.96393e+06,-4.77954e+07
117,-1.86824e+06,-4.58059e+07
118,4.64891e+07,-956405
119,-4.56126e+07,-7.17479e+06
120,-1.93018e+07,4.54548e+07
121,4.76697e+07,519184
122,-3.31552e+07,-3.12378e+07
123,2.79117e+07,-3.67782e+07
124,-3.16403e+07,3.12484e+07
125,4.29347e+07,1.53964e+07
126,3.96228e+07,2.29469e+07
127,3.67386e+07,2.77857e+07
128,-1.19673e+07,4.2237e+07
129,-3.42809e+07,2.92383e+07
130,1.7192e+07,4.0131e+07
131,4.10965e+07,-1.6211e+07
132,-1.88579e+07,3.9271e+07
133,-1.67487e+07,-4.25025e+07
134,-3.88838e+07,2.00987e+07
135,1.20378e+07,4.17406e+07
136,-2.43102e+07,-3.42624e+07
137,-1.30387e+07,-3.71475e+07
138,3.97951e+07,6.27112e+06
139,-1.26597e+07,-3.49437e+07
140,388466,-4.59922e+07
141,3.82972e+07,2.41824e+07
142,-1.43812e+07,-3.37233e+07
143,-1.84504e+06,-4.10265e+07
144,7.68678e+06,3.84186e+07
145,-3.46241e+07,1.00758e+07
146,-6.43487e+06,3.60476e+07
147,-3.25621e+07,2.24699e+07
148,-4.49453e+07,-4.00536e+06
149,2.70087e+07,-2.51047e+07
150,3.67778e+07,-9.1044e+06
151,2.93075e+06,-4.35022e+07
152,3.47278e+07,1.30434e+07
153,-4.57203e+07,-4.50991e+06
154,-1.51826e+07,4.02775e+07
155,-3.53385e+07,-1.48795e+07
156,1.62165e+07,-3.30587e+07
157,-3.67905e+07,7.49267e+06
158,-2.07907e+07,3.18395e+07
159,-2.98591e+07,1.63192e+07
160,3.74207e+07,-2.11696e+07
161,-3.82521e+07,1.04881e+07
162,3.62535e+07,-9.68956e+06
163,2.92702e+07,-2.43371e+07
164,2.11316e+07,-2.88336e+07
165,1.49638e+07,-3.38304e+07
166,-3.83836e+07,4.84892e+06
167,3.42505e+07,-1.56254e+07
168,3.63463e+07,2.04074e+07
169,1.17019e+07,3.45563e+07
170,-1.1815e+07,3.33222e+07
171,-3.93276e+07,3.40184e+06
172,-2.69014e+07,2.01594e+07
173,3.42828e+07,6.84739e+06
174,3.39329e+07,-6.76513e+06
175,-1.48613e+07,-3.22488e+07
176,1.33662e+07,-3.15753e+07
177,-3.01995e+07,-1.4671e+07
178,3.58476e+07,1.93951e+06
179,2.52561e+07,-2.23768e+07
180,-1.16354e+06,-3.43684e+07
181,-2.30934e+07,2.60804e+07
182,3.07503e+07,-1.51228e+07
183,3.363e+07,-6.07848e+06
184,-2.83942e+07,-2.07842e+07
185,-1.35613e+07,-3.3441e+07
186,-2.85134e+07,-1.28839e+07
187,3.18487e+07,-5.07407e+06
188,3.31775e+07,1.17613e+06
189,1.62368e+07,3.00785e+07
190,2.57984e+07,2.11244e+07
191,1.90247e+07,2.42192e+07
192,9.05791e+06,2.96142e+07
193,6.48528e+06,3.32908e+07
194,1.764e+07,2.34151e+07
195,2.86292e+07,1.53852e+07
196,-9.00115e+06,2.63848e+07
197,4.36732e+06,-3.05024e+07
198,-5.71446e+06,3.21234e+07
199,-3.17845e+07,1.16226e+06
200,-2.47938e+07,-1.88221e+07
201,1.73965e+07,2.66446e+07
202,1.86998e+06,-2.96334e+07
203,1.26522e+07,2.76372e+07
204,-1.00889e+07,2.76796e+07
205,-1.56229e+07,2.88439e+07
206,-1.49793e+07,2.70337e+07
207,2.86684e+07,8.13527e+06
208,-2.83061e+07,-1.24841e+07
209,-2.03715e+07,-2.16112e+07
210,7.62658e+06,-3.05767e+07
211,-8.80425e+06,-2.83843e+07
212,-3.94049e+06,2.80773e+07
213,-2.38821e+07,-1.8314e+07
214,1.69169e+07,-2.48099e+07
215,-2.00306e+07,-2.34415e+07
216,2.52191e+07,-1.65439e+07
217,9.95916e+06,2.75359e+07
218,-2.79199e+07,-849978
219,2.06337e+07,1.90861e+07
220,782792,-2.67346e+07
221,2.42008e+07,1.51324e+07
222,-2.82719e+07,-1.08301e+07
223,-1.95406e+07,2.04409e+07
224,2.81818e+07,8.95461e+06
225,2.89096e+07,-6.76036e+06
226,-2.74671e+07,8.17126e+06
227,2.66288e+07,-1.01129e+07
228,9.72814e+06,-2.4967e+07
229,-7.07458e+06,2.68765e+07
230,-1.1467e+07,2.62046e+07
231,-2.70608e+07,-1.42688e+06
232,2.39008e+07,1.36372e+07
233,1.05632e+07,2.70892e+07
234,1.07107e+07,-2.43927e+07
235,-1.07752e+07,-2.58753e+07
236,-1.80899e+07,2.06315e+07
237,1.52607e+07,-1.99464e+07
238,5.33528e+06,-2.60074e+07
239,-1.81957e+07,-2.13591e+07
240,4.51773e+06,2.57157e+07
241,2.4492e+06,-2.9651e+07
242,-2.55501e+07,-7.89334e+06
243,-1.09982e+06,-2.46631e+07
244,1.75e+07,1.80596e+07
245,2.58256e+07,4.02746e+06
246,1.63556e+07,-2.01475e+07
247,-1.80967e+07,2.06216e+07
248,2.35258e+07,-1.2259e+07
249,1.66884e+07,1.91546e+07
250,8.96453e+06,2.41766e+07
251,-3.82813e+06,2.56907e+07
252,-2.51987e+07,5.23303e+06
253,1.18902e+07,-2.37624e+07
254,-2.3813e+07,6.87714e+06
255,7.57731e+06,-2.30246e+07
256,1.668e+07,-1.91284e+07
257,2.589e+07,336396
258,2.07861e+07,1.32811e+07
259,1.28362e+07,-2.50193e+07
260,-2.05687e+07,-1.70576e+07
261,-1.40295e+07,-2.02649e+07
262,3.34152e+06,-2.47401e+07
263,2.56373e+07,4.95554e+06
264,1.836e+07,-1.76202e+07
265,1.76208e+07,1.62781e+07
266,-2.29885e+07,-8.88608e+06
267,-9.16208e+06,2.3923e+07
268,-2.46068e+07,-6.03434e+06
269,-2.25553e+07,-8.1121e+06
270,-2.66724e+07,-2.93926e+06
271,1.68632e+07,1.92146e+07
272,2.34606e+07,-5.2613e+06
273,-1.17592e+07,2.12098e+07
274,3.23618e+06,2.35831e+07
275,-2.19438e+07,1.5374e+06
276,1.75224e+07,-1.76972e+07
277,-1.38381e+07,1.69725e+07
278,-2.17507e+07,-1.18746e+07
279,-2.02602e+07,1.85115e+07
280,1.6901e+07,-1.82609e+07
281,-2.13516e+07,-1.22322e+07
282,1.05668e+07,-2.29988e+07
283,2.06092e+07,-1.05968e+07
284,8.47538e+06,2.23711e+07
285,2.36252e+07,5.31788e+06
286,2.61196e+07,-4.59136e+06
287,-1.87733e+07,1.48776e+07
288,2.02789e+07,-1.08196e+07
289,-2.25886e+07,-9.94342e+06
290,5.23923e+06,2.17323e+07
291,1.97561e+07,1.02404e+07
292,2.07419e+07,-8.95524e+06
293,1.44128e+07,1.91355e+07
294,1.80055e+07,1.24437e+07
295,1.21083e+07,-1.99771e+07
296,4.45937e+06,-2.26574e+07
297,-1.35635e+07,-1.83553e+07
298,1.78045e+07,1.6134e+07
299,1.94133e+07,-1.38995e+07
300,1.67103e+07,1.69508e+07
301,-1.08591e+07,-2.04853e+07
302,2.0511e+07,1.14895e+07
303,-4.84319e+06,-2.02855e+07
304,2.38446e+07,-9.52065e+06
305,5.13102e+06,-2.31154e+07
306,4.71841e+06,2.15042e+07
307,1.71962e+07,-1.48849e+07
308,-2.0624e+07,8.78367e+06
309,-1.49818e+07,2.00257e+07
310,-8.29054e+06,-2.04672e+07
311,1.17654e+07,-1.76068e+07
312,1.96911e+07,8.92545e+06
313,1.67532e+07,1.61342e+07
314,1.04276e+07,-1.65001e+07
315,-2.25461e+07,-2.49512e+06
316,-1.07248e+07,1.89341e+07
317,-1.37563e+07,-1.80034e+07
318,-2.38954e+07,-3.67426e+06
319,1.48058e+06,2.02249e+07
320,-6.75285e+06,-1.93098e+07
321,-2.7613e+06,-2.17228e+07
322,-6.43547e+06,-1.92392e+07
323,7.24368e+06,1.96241e+07
324,1.45431e+07,-1.65848e+07
325,-808268,2.30392e+07
326,1.39022e+07,-1.89042e+07
327,1.8027e+07,1.29546e+07
328,4.48358e+06,2.19479e+07
329,2.38795e+06,1.90098e+07
330,-2.19964e+07,-18580.6
331,2.03089e+07,5.8213e+06
332,-1.60813e+07,-1.20408e+07
333,1.60642e+07,1.49996e+07
334,-405547,-2.1497e+07
335,3.60724e+06,-2.16109e+07
336,-7.10509e+06,1.98708e+07
337,-1.56538e+07,1.31201e+07
338,-2.36819e+07,-969979
339,-966611,2.0544e+07
340,308888,2.04965e+07
341,-1.67367e+07,-1.31087e+07
342,1.39186e+07,-1.82194e+07
343,2.08158e+07,-4.62e+06
344,6.95938e+06,1.90416e+07
345,-1.99587e+07,4.35486e+06
346,-8.51114e+06,1.83807e+07
347,-2.0372e+07,2.48383e+06
348,-1.58005e+07,-1.37104e+07
349,-2.06387e+07,3.09476e+06
350,1.30114e+07,1.57188e+07
351,1.0939e+07,1.69963e+07
352,-5.24673e+06,-1.92406e+07
353,-1.26987e+07,1.58924e+07
354,-1.75584e+07,-1.02486e+07
355,1.92326e+07,-7.87618e+06
356,-5.364e+06,-1.99402e+07
357,1.40339e+06,2.01871e+07
358,-1.8543e+07,6.89924e+06
359,1.28821e+07,1.58979e+07
360,2.00151e+07,-7.43596e+06
361,1.24283e+07,-1.66015e+07
362,-4.4611e+06,1.86701e+07
363,-1.95089e+07,-5.1655e+06
364,1.53207e+07,-8.68179e+06
365,-1.70821e+07,-7.82367e+06
366,-3.56136e+06,-1.89794e+07
367,5.89828e+06,1.93809e+07
368,-1.99579e+07,1.18004e+06
369,-3.00621e+06,1.90549e+07
370,-9.03146e+06,1.74206e+07
371,-5.58618e+06,-1.88812e+07
372,1.45163e+06,1.79288e+07
373,7.65481e+06,1.82169e+07
374,-5.22304e+06,1.9832e+07
375,1.76734e+06,1.88922e+07
376,-1.34066e+07,1.32595e+07
377,-1.76202e+07,-1.04931e+06
378,1.87688e+07,3.84514e+06
379,397690,-1.97426e+07
380,1.43839e+07,1.31935e+07
381,-1.24619e+06,1.9799e+07
382,1.59949e+07,-8.36967e+06
383,1.8397e+07,-8.70837e+06
384,1.87597e+07,-1.59037e+06
385,5.06553e+06,-1.80398e+07
386,8.34419e+06,-1.67124e+07
387,-6.32655e+06,1.78478e+07
388,-1.90382e+07,-1.94814e+06
389,1.39877e+07,-1.3137e+07
390,1.7173e+07,8.43834e+06
391,-72341.3,1.98034e+07
392,1.03283e+06,-1.90807e+07
393,1.77695e+07,-4.84031e+06
394,-1.88978e+07,2.39405e+06
395,1.76326e+07,-9.47126e+06
396,-195947,1.85388e+07
397,1.42335e+07,1.07888e+07
398,1.68728e+07,6.88644e+06
399,-1.6281e+07,-8.99638e+06
400,-1.18392e+07,1.36286e+07
401,8.83526e+06,1.62696e+07
402,-1.00986e+07,1.48683e+07
403,-7.48263e+06,1.64842e+07
404,1.08741e+07,-1.35764e+07
405,-1.32161e+07,-1.18634e+07
406,-5.56062e+06,-1.77095e+07
407,9.46934e+06,1.48137e+07
408,8.74735e+06,-1.63327e+07
409,-1.16512e+07,-1.28416e+07
410,-9.24102e+06,1.51672e+07
411,7.18082e+06,-1.65207e+07
412,-3.60714e+06,-1.78644e+07
413,1.77577e+07,-1.00827e+06
414,1.63777e+07,-7.78692e+06
415,-1.14926e+07,-1.31953e+07
416,1.02459e+07,-1.39252e+07
417,-1.22744e+07,1.20964e+07
418,-4.6788e+06,1.71568e+07
419,1.44363e+07,8.46196e+06
420,-1.71704e+07,-249900
421,-1.26176e+07,1.27469e+07
422,-1.61566e+07,-5.71605e+06
423,-4.95024e+06,-1.79041e+07
424,-1.69405e+07,6.82502e+06
425,-7.61679e+06,1.57705e+07
426,-1.68857e+07,-3.45002e+06
427,-3.61959e+06,-1.73323e+07
428,4.02931e+06,-1.59747e+07
429,-1.73627e+07,-102915
430,1.28137e+07,1.0844e+07
431,-1.44814e+07,7.12424e+06
432,1.12427e+06,1.86506e+07
433,1.67837e+07,-4.08177e+06
434,1.17786e+07,1.17425e+07
435,1.97796e+06,1.81128e+07
436,-1.23313e+07,-1.1158e+07
437,-1.72639e+07,-618916
438,-1.43865e+07,-8.35579e+06
439,4.81303e+06,-1.64027e+07
440,-3.86743e+06,-1.7363e+07
441,-641774,1.68946e+07
442,7.47602e+06,-1.48314e+07
443,-1.66629e+07,-2.25226e+06
444,-6.88821e+06,-1.39985e+07
445,-1.18262e+07,1.11189e+07
446,9.169e+06,-1.43262e+07
447,-1.81942e+07,-1.45716e+06
448,-8.28193e+06,1.50723e+07
449,1.1618e+07,1.17484e+07
450,-1.68984e+07,-934081
451,1.09835e+07,1.24341e+07
452,1.44611e+07,5.73959e+06
453,-1.10653e+07,-1.17059e+07
454,1.00933e+07,-1.47655e+07
455,-796818,-1.65274e+07
456,3.55183e+06,1.59124e+07
457,1.3497e+07,-9.27975e+06
458,-8.41528e+06,1.2457e+07
459,1.28287e+06,-1.60774e+07
460,-1.03479e+07,1.34777e+07
461,1.27949e+07,9.86241e+06
462,-7.97192e+06,-1.46859e+07
463,9.29787e+06,1.32755e+07
464,-1.61018e+06,1.61381e+07
465,-6.93615e+06,-1.49401e+07
466,-1.20091e+07,9.19401e+06
467,-1.31688e+07,9.84549e+06
468,-3.86538e+06,-1.66442e+07
469,6.08671e+06,1.43526e+07
470,-1.0973e+07,-1.05071e+07
471,4.81977e+06,-1.56258e+07
472,-3.52437e+06,1.47734e+07
473,1.41737e+07,6.77404e+06
474,-1.58086e+07,-4.34784e+06
475,1.59034e+07,1.35491e+06
476,7.55989e+06,1.23161e+07
477,-1.48779e+07,6.35152e+06
478,-1.31626e+07,9.21464e+06
479,-7.58372e+06,-1.42145e+07
480,1.41248e+07,-5.77825e+06
481,-1.06201e+07,1.13566e+07
482,-6.25486e+06,1.46445e+07
483,-8.94395e+06,-1.16953e+07
484,-4.31277e+06,1.50719e+07
485,1.50628e+07,-3.16324e+06
486,-1.29577e+07,-8.08139e+06
487,-1.4852e+07,-2.7713e+06
488,1.42097e+07,5.26211e+06
489,-1.03004e+07,-1.23578e+07
490,7.67609e+06,1.41734e+07
491,-1.07988e+07,-1.08933e+07
492,1.31954e+07,-8.00522e+06
493,1.68027e+07,-2.99676e+06
494,-1.35843e+07,-7.20417e+06
495,-1.5238e+07,2.35299e+06
496,1.01906e+07,-1.16726e+07
497,2.90373e+06,1.56179e+07
498,1.12432e+06,1.60626e+07
499,1.52967e+07,-377271
500,1.50084e+07,-6.10433e+06
501,-1.0888e+07,1.05746e+07
502,1.22917e+06,1.54631e+07
503,1.24167e+07,-9.14252e+06
504,-7.05935e+06,-1.54688e+07
505,-7.85065e+06,-1.27537e+07
506,-2.58808e+06,1.44919e+07
507,5.94492e+06,-1.42615e+07
508,1.36912e+07,6.15907e+06
509,-3.78084e+06,1.5394e+07
510,1.52383e+07,-5.60341e+06
511,-8.56392e+06,-1.21414e+07
512,-1.51244e+07,1.12902e+06
513,1.36376e+07,-7.43291e+06
514,1.32691e+07,6.68604e+06
515,1.46646e+07,-2.005e+06
516,-252741,1.53182e+07
517,-9.83362e+06,1.14755e+07
518,1.47199e+07,833462
519,318520,1.4555e+07
520,1.21515e+07,7.37794e+06
521,-1.48186e+07,-3.19459e+06
522,-1.43963e+07,-26385.4
523,109038,-1.39775e+07
524,-1.38553e+07,-4.64514e+06
525,-1.18366e+07,-8.52256e+06
526,6.13249e+06,1.22277e+07
527,1.30546e+07,-7.04624e+06
528,-1.36108e+07,4.59525e+06
529,4.61979e+06,1.32088e+07
530,4.25757e+06,-1.37035e+07
531,-9.0526e+06,8.90775e+06
532,-1.23372e+07,-6.71718e+06
533,-1.10884e+07,-9.1255e+06
534,-1.9889e+06,-1.42389e+07
535,-8.77407e+06,1.09673e+07
536,7.14005e+06,1.1792e+07
537,1.11817e+07,6.51245e+06
538,-7.33314e+06,1.21762e+07
539,8.19856e+06,-1.17556e+07
540,8.95105e+06,1.09981e+07
541,-1.33342e+07,-5.02199e+06
542,1.39895e+07,2.1098e+06
543,4.33857e+06,1.35449e+07
544,-1.439e+07,-669014
545,1.32545e+07,-3.81134e+06
546,1.04898e+06,-1.42038e+07
547,2.81516e+06,-1.34231e+07
548,-1.13279e+07,9.47217e+06
549,-1.22811e+07,-7.39242e+06
550,-1.14813e+07,9.97735e+06
551,6.66136e+06,1.21839e+07
552,-1.23358e+07,7.074e+06
553,1.33259e+07,4.24176e+06
554,-1.19867e+07,5.08799e+06
555,-3.89829e+06,-1.32511e+07
556,-1.39154e+07,1.77582e+06
557,1.04509e+07,-8.91611e+06
558,1.42221e+07,-3.72855e+06
559,-1.09226e+07,-8.45281e+06
560,9.68386e+06,-9.59085e+06
561,-1.12561e+07,8.29166e+06
562,-2.14583e+06,1.36555e+07
563,1.26645e+07,2.40569e+06
564,-1.3138e+07,3.75274e+06
565,1.3555e+07,740395
566,4.28136e+06,1.37013e+07
567,1.2424e+07,-5.21725e+06
568,1.03361e+07,9.04273e+06
569,1.29497e+07,3.03655e+06
570,-9.20509e+06,1.02093e+07
571,-1.18894e+07,-5.60337e+06
572,2.77113e+06,1.34881e+07
573,-1.29403e+07,5.35318e+06
574,6.63458e+06,1.26719e+07
575,1.15248e+07,7.78572e+06
576,-7.94693e+06,1.08464e+07
577,-1.04676e+07,8.63948e+06
578,1.00681e+07,8.64922e+06
579,-1.36145e+07,-911334
580,1.32201e+07,-855131
581,170263,1.34888e+07
582,4.85488e+06,-1.25145e+07
583,7.25671e+06,1.0543e+07
584,1.22299e+07,6.07837e+06
585,76883,-1.3146e+07
586,5.36445e+06,1.14352e+07
587,5.02445e+06,-1.20023e+07
588,-8.25694e+06,1.09199e+07
589,-9.8041e+06,-8.18358e+06
590,-1.64439e+06,1.3483e+07
591,9.66273e+06,-9.05177e+06
592,-1.09089e+07,8.74987e+06
593,-8.93361e+06,-9.76158e+06
594,5.59103e+06,-1.18951e+07
595,-5.57666e+06,1.17014e+07
596,-8.61245e+06,1.03086e+07
597,-2.24924e+06,1.28267e+07
598,9.34189e+06,9.18348e+06
599,-258845,1.24546e+07
600,1.21946e+07,-4.29962e+06
601,1.06028e+07,7.48811e+06
602,1.01164e+07,8.86992e+06
603,1.16564e+07,-5.50629e+06
604,-9.54558e+06,9.74906e+06
605,7.41716e+06,-1.02433e+07
606,1.26421e+06,-1.26157e+07
607,2.4862e+06,-1.22482e+07
608,1.21201e+07,-1.15579e+06
609,-510828,1.26312e+07
610,1.09382e+07,6.76401e+06
611,8.2032e+06,9.60517e+06
612,1.73362e+06,-1.24763e+07
613,5.15658e+06,1.18778e+07
614,-8.77736e+06,-8.50063e+06
615,-2.75063e+06,1.22288e+07
616,9.01719e+06,9.68168e+06
617,-358408,-1.32085e+07
618,-4.02092e+06,-1.18592e+07
619,4.47817e+06,1.21668e+07
620,-8.42454e+06,-9.88973e+06
621,-4.02781e+06,1.23864e+07
622,1.18194e+07,2.88181e+06
623,-9.81807e+06,9.00918e+06
624,-2.11905e+06,1.27668e+07
625,-5.69829e+06,1.08088e+07
626,6.72517e+06,1.1071e+07
627,3.00422e+06,-1.24371e+07
628,-3.80598e+06,-1.14867e+07
629,-3.30246e+06,1.17324e+07
630,5.91649e+06,-1.0493e+07
631,-5.87668e+06,1.07779e+07
632,5.12376e+06,1.21114e+07
633,-3.5267e+06,1.20207e+07
634,1.18877e+07,-3.695e+06
635,7.12925e+06,1.01922e+07
636,7.25911e+06,1.0609e+07
637,-6.69798e+06,-9.95149e+06
638,-868006,1.2586e+07
639,-6.23506e+06,1.1235e+07
640,1.17443e+07,1.77833e+06
641,-1.11573e+07,3.71403e+06
642,5.53444e+06,1.06032e+07
643,-1.21116e+07,197671
644,-1.11262e+07,-3.4154e+06
645,-1.19562e+07,3.88449e+06
646,1.89879e+06,1.17263e+07
647,-1.05579e+07,-5.65241e+06
648,-5.45707e+06,-1.08361e+07
649,-8.76669e+06,-8.79934e+06
650,-1.21956e+07,-856169
651,8.2252e+06,-9.0179e+06
652,-9.31362e+06,-8.02375e+06
653,-1.00337e+07,-7.11336e+06
654,1.09722e+07,-4.5614e+06
655,1.89997e+06,-1.17696e+07
656,-1.10731e+07,-4.64026e+06
657,6.86016e+06,-1.0247e+07
658,-3.58332e+06,-1.19379e+07
659,1.1217e+07,-1.81749e+06
660,-9.53224e+06,-5.51283e+06
661,-1.1669e+07,3.27628e+06
662,1.17463e+07,-1.21171e+06
663,-8.45795e+06,-8.60673e+06
664,1.15058e+07,2.36196e+06
665,-1.13241e+07,2.47217e+06
666,1.1375e+07,-2.7345e+06
667,1.20501e+07,-2.12335e+06
668,-8.4534e+06,-8.68316e+06
669,-1.15958e+07,1.53522e+06
670,-8.95659e+06,7.99802e+06
671,-9.88621e+06,-5.36566e+06
672,3.21108e+06,1.09015e+07
673,4.17215e+06,1.11687e+07
674,1.14815e+07,772045
675,-7.43297e+06,-9.28705e+06
676,-1.05037e+07,4.82633e+06
677,9.71218e+06,-5.28916e+06
678,9.32223e+06,4.08634e+06
679,8.17015e+06,8.84683e+06
680,8.51709e+06,8.23048e+06
681,-1.15429e+07,-1.48557e+06
682,3.33919e+06,1.16363e+07
683,1.04668e+07,5.41072e+06
684,-1.01666e+07,-4.79945e+06
685,-1.11816e+07,-2.31808e+06
686,6.01918e+06,-9.72234e+06
687,5.33565e+06,-1.02669e+07
688,4.23306e+06,-1.03218e+07
689,-4.27945e+06,-1.08866e+07
690,-7.58175e+06,-9.50708e+06
691,5.44988e+06,1.02697e+07
692,-2.9983e+06,1.10992e+07
693,8.22685e+06,8.05802e+06
694,-1.11329e+07,-4.38724e+06
695,-1.95506e+06,-1.11199e+07
696,-4.90391e+06,1.06366e+07
697,1.22887e+07,-864655
698,-1.10563e+07,-2.41844e+06
699,1.02434e+07,-4.20189e+06
700,7.22702e+06,8.74855e+06
701,-1.15383e+07,498501
702,1.00772e+07,4.35399e+06
703,-9.86696e+06,4.59967e+06
704,-2.48137e+06,1.11691e+07
705,-9.3545e+06,5.708e+06
706,9.95695e+06,2.6827e+06
707,-1.07457e+07,4.12208e+06
708,-8.71572e+06,7.49803e+06
709,1.229e+06,1.13384e+07
710,-3.45142e+06,1.08358e+07
711,9.31933e+06,-5.49772e+06
712,-9.84218e+06,-6.7651e+06
713,-8.35866e+06,-6.47354e+06
714,8.04315e+06,-7.28797e+06
715,-4.65215e+06,-1.00859e+07
716,-6.04807e+06,9.37162e+06
717,1.07326e+07,1.15897e+06
718,1.06218e+07,3.46173e+06
719,-1.062e+07,-2.43793e+06
720,4.70295e+06,-1.03908e+07
721,685893,-1.08781e+07
722,-1.07833e+07,2.22481e+06
723,-5.03256e+06,9.76494e+06
724,1.0634e+07,2.69229e+06
725,9.59832e+06,1.82378e+06
726,-1.11244e+07,-3.64492e+06
727,2.39156e+06,1.09591e+07
728,-1.81912e+06,1.08396e+07
729,5.56236e+06,-1.00037e+07
730,9.91587e+06,5.19222e+06
731,6.79915e+06,-8.3008e+06
732,2.34038e+06,1.03641e+07
733,-6.38154e+06,8.60367e+06
734,-1.12892e+06,-1.05137e+07
735,1.00588e+06,-1.08724e+07
736,5.6e+06,9.50365e+06
737,-5.09937e+06,9.73539e+06
738,-8.27119e+06,-7.27251e+06
739,1.02178e+07,4.29855e+06
740,9.11179e+06,-5.19247e+06
741,1.44149e+06,-9.87034e+06
742,4.85847e+06,9.64283e+06
743,-8.70522e+06,-6.9061e+06
744,204033,-1.06275e+07
745,-6.45683e+06,8.29467e+06
746,-5.12236e+06,-9.45694e+06
747,4.77182e+06,-9.74876e+06
748,-8.87482e+06,6.33989e+06
749,-8.51802e+06,-6.2339e+06
750,1.04004e+07,761598
751,5.71646e+06,9.68215e+06
752,5.99523e+06,8.53452e+06
753,-7.63109e+06,-7.76876e+06
754,-2.46297e+06,-1.02677e+07
755,-9.46895e+06,5.3854e+06
756,-6.15557e+06,-8.30854e+06
757,965485,-1.02447e+07
758,-9.64418e+06,4.54266e+06
759,-1.0223e+07,2.82442e+06
760,-8.47815e+06,6.07464e+06
761,1.02113e+07,-4.38294e+06
762,9.33648e+06,-4.80279e+06
763,-9.68827e+06,4.4358e+06
764,-9.17969e+06,-5.46069e+06
765,-1.05885e+07,2.04982e+06
766,9.4504e+06,-4.88262e+06
767,6.96764e+06,-7.47984e+06
768,-5.32588e+06,9.26738e+06
769,4.04261e+06,9.9965e+06
770,-9.20587e+06,5.81844e+06
771,9.24859e+06,5.6161e+06
772,1.03849e+07,1.55641e+06
773,5.07397e+06,-9.27415e+06
774,7.62978e+06,-7.24036e+06
775,9.41534e+06,-4.46876e+06
776,7.01893e+06,7.59692e+06
777,-926943,9.61784e+06
778,8.54126e+06,-5.41554e+06
779,9.84775e+06,2.42321e+06
780,1.03748e+07,1.47673e+06
781,5.12541e+06,-9.29321e+06
782,1.01673e+07,2.91291e+06
783,-6.72633e+06,8.17918e+06
784,9.94087e+06,5.2711e+06
785,1.13139e+06,-1.02618e+07
786,8.05777e+06,6.38198e+06
787,1.01914e+07,-35547.5
788,-9.15176e+06,3.95474e+06
789,1.03309e+07,1.46803e+06
790,3.65495e+06,-9.65482e+06
791,-8.76905e+06,-5.8655e+06
792,6.31046e+06,-7.64191e+06
793,-7.85003e+06,6.43967e+06
794,2.12608e+06,1.10046e+07
795,-5.59492e+06,-8.65479e+06
796,-1.02528e+07,2.31815e+06
797,1.04579e+07,2.75776e+06
798,-5.97708e+06,-8.36721e+06
799,1.02435e+07,1.28224e+06
800,1.06274e+07,4.65998e+06
801,-8.39304e+06,6.28738e+06
802,-8.1801e+06,-7.04546e+06
803,-8.35305e+06,-6.47068e+06
804,6.26322e+06,7.20615e+06
805,5.70644e+06,-7.50591e+06
806,8.55726e+06,-4.17072e+06
807,-5.2718e+06,-8.74475e+06
808,-1.29684e+06,-9.00498e+06
809,974621,9.78385e+06
810,-3.14847e+06,8.8474e+06
811,8.9564e+06,4.71486e+06
812,2.61551e+06,9.86836e+06
813,-6.53865e+06,-7.37361e+06
814,-8.9312e+06,2.91836e+06
815,1.77606e+06,-1.03022e+07
816,-924694,9.78587e+06
817,-8.55082e+06,-5.55271e+06
818,6.53674e+06,-7.36164e+06
819,-8.82345e+06,-4.52033e+06
820,-8.63613e+06,4.48921e+06
821,-9.48613e+06,3.71462e+06
822,5.91204e+06,7.64698e+06
823,6.11991e+06,8.00805e+06
824,-1.24549e+06,-9.03318e+06
825,9.53297e+06,-1.60311e+06
826,-9.7089e+06,820593
827,-382700,-9.76688e+06
828,-6.75782e+06,7.67928e+06
829,7.07161e+06,6.73783e+06
830,-5.71431e+06,7.29231e+06
831,402319,9.732e+06
832,-3.36135e+06,-9.03723e+06
833,3.41929e+06,9.21952e+06
834,-1.05417e+06,-9.59096e+06
835,-9.50605e+06,-639964
836,3.2932e+06,8.69912e+06
837,-1.90908e+06,-9.03302e+06
838,3.33249e+06,8.862e+06
839,-2.89833e+06,9.24906e+06
840,-2.84523e+06,8.94862e+06
841,5.34341e+06,-7.8964e+06
842,-8.91014e+06,-3.0342e+06
843,-502209,9.47908e+06
844,8.32899e+06,-3.62847e+06
845,7.68882e+06,5.407e+06
846,2.8593e+06,-8.97192e+06
847,4.2716e+06,-8.48091e+06
848,-1.95977e+06,-9.50174e+06
849,-5.02063e+06,7.53884e+06
850,5.78006e+06,7.39374e+06
851,-7.49437e+06,-5.95837e+06
852,5.66884e+06,-7.43129e+06
853,9.60489e+06,1.49577e+06
854,1.24188e+06,8.85168e+06
855,7.56539e+06,-5.68249e+06
856,6.65255e+06,-6.18756e+06
857,8.89437e+06,2.03608e+06
858,6.21158e+06,6.73743e+06
859,1.18614e+06,8.80736e+06
860,9.31802e+06,96105.1
861,-1.14034e+06,9.2963e+06
862,5.90452e+06,-6.78783e+06
863,-7.42818e+06,5.09912e+06
864,-9.13856e+06,-1.07452e+06
865,9.0112e+06,-1.23447e+06
866,-8.12443e+06,4.31105e+06
867,8.76007e+06,-2.41225e+06
868,7.77482e+06,4.14854e+06
869,-8.89827e+06,-871254
870,-7.76427e+06,4.85259e+06
871,2.42527e+06,-9.43796e+06
872,1.93306e+06,-9.0748e+06
873,-6.29809e+06,-6.44924e+06
874,2.67386e+06,-9.12164e+06
875,-8.39779e+06,-3.18466e+06
876,9.08534e+06,551339
877,8.30357e+06,3.79934e+06
878,5.74672e+06,7.06272e+06
879,416542,8.8242e+06
880,-1.44426e+06,-8.92039e+06
881,7.61354e+06,-4.87351e+06
882,5.22994e+06,7.85804e+06
883,-2.47268e+06,9.0938e+06
884,-343765,-9.12688e+06
885,9.01079e+06,2.12838e+06
886,-8.52451e+06,3.19612e+06
887,-8.61227e+06,-2.18381e+06
888,5.79088e+06,-6.14402e+06
889,8.97303e+06,-747058
890,7.71058e+06,-4.94404e+06
891,-4.91017e+06,-7.51634e+06
892,4.36556e+06,7.85797e+06
893,3.00572e+06,-8.17336e+06
894,6.64472e+06,-5.77138e+06
895,7.19762e+06,5.44986e+06
896,8.66324e+06,-2.64742e+06
897,8.00571e+06,-4.17774e+06
898,-4.51296e+06,8.0417e+06
899,-6.0625e+06,6.35135e+06
900,-3.10947e+06,8.77259e+06
901,7.08283e+06,-5.13091e+06
902,1.85492e+06,8.61988e+06
903,9.03632e+06,711603
904,6.57048e+06,5.99787e+06
905,8.22603e+06,-3.34448e+06
906,-8.41453e+06,-2.51323e+06
907,8.35136e+06,-3.63902e+06
908,7.47555e+06,-5.04737e+06
909,-5.98144e+06,6.46381e+06
910,8.51835e+06,-1.70593e+06
911,2.43341e+06,8.39073e+06
912,-5.95663e+06,-6.65465e+06
913,5.59515e+06,-6.8996e+06
914,6.03782e+06,-6.28369e+06
915,-7.24729e+06,4.88655e+06
916,7.89735e+06,3.81803e+06
917,-8.5738e+06,937157
918,3.22654e+06,-8.42278e+06
919,2.78359e+06,-7.9663e+06
920,1.38901e+06,-8.71649e+06
921,8.09563e+06,2.34948e+06
922,-8.48897e+06,1.93399e+06
923,-245689,8.90437e+06
924,1.86143e+06,-8.19373e+06
925,511347,-8.27701e+06
926,-6.10178e+06,6.54253e+06
927,-4.42646e+06,-7.48104e+06
928,-6.23472e+06,-5.80942e+06
929,-7.02099e+06,-4.76674e+06
930,7.57195e+06,3.55742e+06
931,3.27917e+06,8.00995e+06
932,3.51521e+06,-8.12874e+06
933,885596,8.32108e+06
934,-8.24029e+06,2.61226e+06
935,8.17822e+06,-2.6474e+06
936,-1.91876e+06,-7.92294e+06
937,8.44919e+06,-1.38803e+06
938,-8.55458e+06,973498
939,-5.52824e+06,6.31121e+06
940,-8.17338e+06,-2.75703e+06
941,7.77024e+06,3.5469e+06
942,1.14519e+06,-8.10243e+06
943,-7.96543e+06,-1.36187e+06
944,-3.24831e+06,-7.67453e+06
945,1.58992e+06,-8.49261e+06
946,-7.95858e+06,-3.24738e+06
947,574292,8.64457e+06
948,-8.43017e+06,-477297
949,5.67806e+06,6.55245e+06
950,-7.2485e+06,4.20166e+06
951,-6.18748e+06,-6.01614e+06
952,3.53584e+06,-7.69662e+06
953,7.87499e+06,2.83194e+06
954,-7.41317e+06,3.92935e+06
955,8.24444e+06,2.59957e+06
956,5.85876e+06,6.50254e+06
957,4.28089e+06,-6.68233e+06
958,5.98396e+06,6.85456e+06
959,-4.79908e+06,6.60715e+06
960,-5.68294e+06,6.56669e+06
961,2.99153e+06,7.7568e+06
962,6.1073e+06,-6.07931e+06
963,-1.76135e+06,-7.61167e+06
964,-8.27102e+06,110564
965,7.12235e+06,-4.29375e+06
966,7.52003e+06,3.22057e+06
967,-2.67537e+06,7.6025e+06
968,8.32602e+06,-515569
969,7.49557e+06,4.36239e+06
970,4.19119e+06,-7.57758e+06
971,-7.30708e+06,-3.96764e+06
972,4.72556e+06,-7.38083e+06
973,-1.95311e+06,-8.60706e+06
974,6.83214e+06,4.77432e+06
975,5.09605e+06,-6.88851e+06
976,5.56103e+06,-6.42601e+06
977,2.01573e+06,8.01428e+06
978,-7.50874e+06,3.34608e+06
979,3.56601e+06,7.32567e+06
980,1.06396e+06,8.27654e+06
981,-6.691e+06,-4.74189e+06
982,8.18049e+06,587753
983,-4.49845e+06,6.79237e+06
984,1.48217e+06,8.11908e+06
985,-5.25119e+06,6.83761e+06
986,-363194,-8.12004e+06
987,-3.30469e+06,7.32208e+06
988,255585,8.3394e+06
989,-1.73177e+06,7.87444e+06
990,-7.30937e+06,-3.55633e+06
991,-2.45381e+06,-7.82402e+06
992,7.87062e+06,1.17643e+06
993,-7.18148e+06,-4.38387e+06
994,8.19152e+06,-1.48219e+06
995,2.62598e+06,7.87037e+06
996,40474.2,-8.01103e+06
997,1.22656e+06,8.14859e+06
998,-7.37198e+06,-3.32053e+06
999,-5.69661e+06,5.59376e+06
1000,669166,-8.46758e+06
1001,7.11554e+06,-3.83392e+06
1002,6.56632e+06,-4.77471e+06
1003,-3.0249e+06,-7.46339e+06
1004,7.79841e+06,-2.28197e+06
1005,5.83415e+06,-5.61529e+06
1006,-2.57252e+06,-7.45696e+06
1007,4.79044e+06,-6.68529e+06
1008,-7.24198e+06,-3.72586e+06
1009,-3.23631e+06,-7.29098e+06
1010,5.0146e+06,-6.36268e+06
1011,7.75347e+06,1.67838e+06
1012,-903845,-8.48305e+06
1013,7.64434e+06,-2.43638e+06
1014,-4.93601e+06,6.13568e+06
1015,-7.81737e+06,1.65731e+06
1016,4.66493e+06,-6.69205e+06
1017,5.66018e+06,-6.14139e+06
1018,-1.90068e+06,-7.88469e+06
1019,7.62897e+06,1.85925e+06
1020,4.55605e+06,6.51839e+06
1021,3.58016e+06,6.80332e+06
1022,-7.79467e+06,-1.95415e+06
1023,-3.28646e+06,6.76222e+06
1024,7.71342e+06,722339
1025,-3.42304e+06,7.16321e+06
1026,-6.00376e+06,-5.26811e+06
1027,-7.87831e+06,-1.68322e+06
1028,6.27547e+06,-4.80777e+06
1029,-6.36999e+06,3.60241e+06
1030,-3.59379e+06,6.56207e+06
1031,-7.81492e+06,-662221
1032,7.67039e+06,2.33782e+06
1033,-7.62111e+06,-718000
1034,2.84969e+06,-7.29395e+06
1035,-5.77811e+06,5.47694e+06
1036,-7.35175e+06,-2.39342e+06
1037,6.2332e+06,-5.07629e+06
1038,-7.62161e+06,-375505
1039,782235,-7.75921e+06
1040,-4.81555e+06,-6.04032e+06
1041,-6.4341e+06,3.69111e+06
1042,3.54358e+06,-6.84564e+06
1043,10956.7,7.80606e+06
1044,-2.49497e+06,-7.45484e+06
1045,3.49173e+06,-6.92703e+06
1046,584664,-7.977e+06
1047,7.69322e+06,923521
1048,-6.91548e+06,-4.28048e+06
1049,-3.56438e+06,-6.72483e+06
1050,-7.70982e+06,-1.72917e+06
1051,6.93371e+06,-4.18722e+06
1052,-6.12451e+06,-4.71933e+06
1053,156086,-7.85232e+06
1054,-6.75605e+06,3.39621e+06
1055,-7.13599e+06,2.76345e+06
1056,-5.16344e+06,5.61757e+06
1057,-4.35103e+06,-6.12936e+06
1058,-7.06814e+06,3.22404e+06
1059,-7.83725e+06,-1.11909e+06
1060,6.15324e+06,4.5604e+06
1061,7.37015e+06,2.00864e+06
1062,-3.43417e+06,6.65928e+06
1063,-7.64593e+06,-377602
1064,-7.71256e+06,-1.64354e+06
1065,-7.44132e+06,384268
1066,3.12663e+06,6.95603e+06
1067,-598362,7.42126e+06
1068,570745,7.69953e+06
1069,-2.16938e+06,-7.63907e+06
1070,1.9973e+06,7.33748e+06
1071,-3.54328e+06,-6.38402e+06
1072,3.96843e+06,6.60065e+06
1073,2.2569e+06,7.1674e+06
1074,3.31682e+06,6.6837e+06
1075,-4.34709e+06,6.05502e+06
1076,-7.24384e+06,2.10386e+06
1077,2.80317e+06,-6.91012e+06
1078,-2.62993e+06,-7.20862e+06
1079,-2.37121e+06,6.93584e+06
1080,-153429,-7.74025e+06
1081,6.32086e+06,4.02987e+06
1082,-7.01853e+06,2.37984e+06
1083,-1.15251e+06,7.25142e+06
1084,-1.87502e+06,7.18839e+06
1085,-7.23974e+06,-2.17718e+06
1086,7.2779e+06,-328150
1087,-4.18478e+06,-6.11981e+06
1088,6.78462e+06,-3.21844e+06
1089,5.76971e+06,-4.83623e+06
1090,3.02484e+06,-6.80944e+06
1091,-6.04401e+06,4.04739e+06
1092,-5.28372e+06,4.75142e+06
1093,6.14548e+06,-4.02665e+06
1094,-1.3856e+06,-7.41878e+06
1095,-5.20351e+06,-5.91766e+06
1096,7.08755e+06,2.5843e+06
1097,6.98087e+06,2.41487e+06
1098,-2.78515e+06,7.13098e+06
1099,128947,-7.58662e+06
1100,7.42321e+06,1.75137e+06
1101,-5.05282e+06,5.43612e+06
1102,-1.53515e+06,7.12073e+06
1103,-1.90252e+06,-7.19873e+06
1104,6.35744e+06,-3.90972e+06
1105,-2.47243e+06,6.92602e+06
1106,-5.29936e+06,-5.10913e+06
1107,1.71557e+06,7.15102e+06
1108,-6.34145e+06,4.18879e+06
1109,603776,-7.84028e+06
1110,5.63281e+06,4.71783e+06
1111,4.39484e+06,-6.17397e+06
1112,-791704,-7.27578e+06
1113,-7.22965e+06,-1774.4
1114,6.29562e+06,3.69857e+06
1115,-5.94602e+06,4.14687e+06
1116,5.69805e+06,4.65393e+06
1117,-6.60934e+06,2.88741e+06
1118,-411800,7.02856e+06
1119,-6.13592e+06,4.8436e+06
1120,-6.67973e+06,-2.56768e+06
1121,-4.92837e+06,-5.32566e+06
1122,7.08661e+06,-1.24452e+06
1123,-1.37141e+06,7.27308e+06
1124,6.47605e+06,-3.37092e+06
1125,-7.07921e+06,1.6167e+06
1126,-4.19059e+06,5.70831e+06
1127,4.91934e+06,5.18934e+06
1128,4.05852e+06,5.93392e+06
1129,6.82414e+06,2.80392e+06
1130,1.42138e+06,7.1662e+06
1131,5.1929e+06,-5.13452e+06
1132,7.17812e+06,-301092
1133,-7.19461e+06,-210102
1134,4.49519e+06,5.48592e+06
1135,7.22608e+06,-917681
1136,3.95343e+06,6.05748e+06
1137,-2.57391e+06,6.31268e+06
1138,-7.14149e+06,727165
1139,-6.38185e+06,3.71535e+06
1140,-1.86902e+06,-6.88192e+06
1141,3.49585e+06,-6.45352e+06
1142,-503624,-7.24864e+06
1143,-1.67359e+06,-7.06089e+06
1144,-6.71815e+06,-2.57863e+06
1145,-6.606e+06,2.45427e+06
1146,6.97588e+06,1.91732e+06
1147,-3.69324e+06,-6.34201e+06
1148,1.6159e+06,7.00788e+06
1149,892419,-7.11138e+06
1150,7.39738e+06,2.75907e+06
1151,636812,-7.10767e+06
1152,-2.24134e+06,6.82922e+06
1153,-1.98137e+06,6.79339e+06
1154,6.9188e+06,1.32661e+06
1155,-2.71693e+06,6.64464e+06
1156,-6.6944e+06,2.59406e+06
1157,4.17051e+06,5.74927e+06
1158,-5.30143e+06,-4.69917e+06
1159,-81340.2,7.02534e+06
1160,4.4415e+06,-5.60083e+06
1161,-3.77449e+06,-5.98018e+06
1162,3.84469e+06,6.07479e+06
1163,3.57299e+06,6.18377e+06
1164,-3.2122e+06,6.38727e+06
1165,-7.01193e+06,463271
1166,4.92468e+06,4.57987e+06
1167,6.88521e+06,115360
1168,6.30863e+06,2.55675e+06
1169,4.83925e+06,-5.15591e+06
1170,4.85357e+06,5.08699e+06
1171,71377.7,6.73153e+06
1172,-660927,6.88719e+06
1173,6.8985e+06,696284
1174,-6.62551e+06,2.48345e+06
1175,6.99084e+06,1.18133e+06
1176,-6.70474e+06,-2.30712e+06
1177,-283670,-7.00643e+06
1178,-3.90004e+06,-5.70085e+06
1179,-6.79509e+06,-789039
1180,6.41859e+06,3.46537e+06
1181,-3.31004e+06,6.4467e+06
1182,-3.57008e+06,5.88294e+06
1183,-5.65348e+06,266156
1184,3.36425e+06,6.05516e+06
1185,-5.24529e+06,4.25569e+06
1186,-2.36825e+06,-6.37201e+06
1187,-2.63394e+06,6.28224e+06
1188,362648,-6.93262e+06
1189,-1.00057e+06,6.67403e+06
1190,-6.04153e+06,3.35539e+06
1191,-378726,-6.85868e+06
1192,5.53983e+06,-3.93919e+06
1193,5.04802e+06,4.70157e+06
1194,4.54973e+06,-4.43506e+06
1195,5.55138e+06,3.94865e+06
1196,6.74246e+06,331003
1197,913779,-6.83272e+06
1198,-1.92862e+06,-6.62886e+06
1199,-3.07495e+06,-6.01832e+06
1200,-6.79656e+06,97156.1
1201,5.63797e+06,-3.71692e+06
1202,-6.51067e+06,1.32712e+06
1203,4.07796e+06,5.5513e+06
1204,2.14605e+06,6.34073e+06
1205,-6.95999e+06,-1.34233e+06
1206,-3.76346e+06,5.71206e+06
1207,5.81775e+06,3.32802e+06
1208,-4.10251e+06,5.61316e+06
1209,-837318,6.63868e+06
1210,2.15937e+06,-6.35669e+06
1211,2.81621e+06,5.88658e+06
1212,2.92631e+06,5.95112e+06
1213,5.59365e+06,-4.08194e+06
1214,3.44068e+06,-5.86029e+06
1215,-1.05217e+06,6.52851e+06
1216,3.08718e+06,6.45164e+06
1217,1.09914e+06,6.58713e+06
1218,6.6132e+06,1.69682e+06
1219,5.63949e+06,3.52692e+06
1220,2.42459e+06,-6.21484e+06
1221,4.88062e+06,-4.53028e+06
1222,-5.79308e+06,3.02777e+06
1223,2.3486e+06,-6.26037e+06
1224,5.1489e+06,4.19889e+06
1225,6.02521e+06,2.09883e+06
1226,4.83676e+06,4.27636e+06
1227,-3.05182e+06,5.96819e+06
1228,-6.01671e+06,2.61578e+06
1229,1.7698e+06,6.02911e+06
1230,-6.36845e+06,-1.33392e+06
1231,6.04531e+06,-2.61862e+06
1232,-7.28582e+06,338166
1233,6.06702e+06,-2.49893e+06
1234,-6.43459e+06,-1.73308e+06
1235,-5.98073e+06,-2.75308e+06
1236,5.70524e+06,-2.4423e+06
1237,5.61322e+06,3.08087e+06
1238,-6.56497e+06,-3.27785e+06
1239,-5.34188e+06,3.72961e+06
1240,4.47563e+06,4.74242e+06
1241,-5.10042e+06,3.83454e+06
1242,4.26474e+06,5.01893e+06
1243,-4.22581e+06,-4.90484e+06
1244,1.26418e+06,-6.35439e+06
1245,6.52199e+06,-2.03227e+06
1246,316863,6.45065e+06
1247,-2.20455e+06,6.14466e+06
1248,-6.23459e+06,-448621
1249,5.36613e+06,-3.9567e+06
1250,-1.9586e+06,-6.07936e+06
1251,-1.18436e+06,6.3603e+06
1252,5.87702e+06,2.076e+06
1253,510972,6.33643e+06
1254,5.44656e+06,3.72027e+06
1255,-5.92974e+06,2.58913e+06
1256,-6.09191e+06,-1.45378e+06
1257,6.02686e+06,2.34909e+06
1258,6.30278e+06,1.19701e+06
1259,-6.71246e+06,-1.20317e+06
1260,-5.30108e+06,2.95213e+06
1261,-5.042e+06,-3.11453e+06
1262,5.41536e+06,-3.60107e+06
1263,6.26196e+06,163318
1264,5.3992e+06,-2.93327e+06
1265,-4.26894e+06,-4.6089e+06
1266,-1.35247e+06,-6.19842e+06
1267,6.24692e+06,-1.69016e+06
1268,-2.18964e+06,-5.4927e+06
1269,1.81235e+06,6.60063e+06
1270,690283,6.13781e+06
1271,-5.62659e+06,-2.48644e+06
1272,2.34017e+06,5.80972e+06
1273,2.38302e+06,-5.90835e+06
1274,5.06995e+06,4.31509e+06
1275,-118294,6.13094e+06
1276,69699.4,6.29765e+06
1277,3.78298e+06,-5.06724e+06
1278,-5.93267e+06,1.97401e+06
1279,-3.88974e+06,-4.76438e+06
1280,-348620,6.0969e+06
1281,-4.53289e+06,-4.01013e+06
1282,-4.74205e+06,-2.33585e+06
1283,-2.80963e+06,5.64962e+06
1284,4.17267e+06,-4.61184e+06
1285,6.19306e+06,693086
1286,-6.03296e+06,1.18201e+06
1287,-5.82849e+06,2.35164e+06
1288,3.56955e+06,5.17174e+06
1289,-168792,-6.15362e+06
1290,5.84937e+06,-432393
1291,-3.95247e+06,4.64519e+06
1292,-996383,-5.96926e+06
1293,5.89348e+06,-723328
1294,-2.39769e+06,-5.65024e+06
1295,5.66448e+06,-1.0406e+06
1296,4.52071e+06,4.56425e+06
1297,-1.22438e+06,6.14213e+06
1298,-5.58674e+06,2.8023e+06
1299,-5.87847e+06,1.40638e+06
1300,5.26382e+06,3.18457e+06
1301,4.11433e+06,-4.59015e+06
1302,5.6103e+06,2.64578e+06
1303,5.39027e+06,-2.93345e+06
1304,-301365,-6.10765e+06
1305,5.46381e+06,-2.88272e+06
1306,6.31154e+06,1.97316e+06
1307,5.16686e+06,3.46405e+06
1308,5.55957e+06,2.67641e+06
1309,1.87867e+06,5.89857e+06
1310,-4.59736e+06,4.00485e+06
1311,-2.12268e+06,-5.86021e+06
1312,2.67743e+06,-5.48485e+06
1313,3.84792e+06,4.81527e+06
1314,4.70122e+06,-3.57678e+06
1315,5.6564e+06,1.76813e+06
1316,-4.6756e+06,-3.76721e+06
1317,2.03054e+06,5.77838e+06
1318,-6.08723e+06,368902
1319,5.83633e+06,-1.14133e+06
1320,4.672e+06,-3.72041e+06
1321,-5.98038e+06,-264303
1322,6.13845e+06,1.12957e+06
1323,821270,5.78246e+06
1324,6.14389e+06,-1.35541e+06
1325,-5.78835e+06,-2.52395e+06
1326,110829,-6.0903e+06
1327,2.44884e+06,4.94986e+06
1328,-5.72573e+06,-2.45972e+06
1329,-5.24803e+06,-2.83123e+06
1330,1.64969e+06,-5.75437e+06
1331,-4.79598e+06,-2.7028e+06
1332,-5.91832e+06,-1.33536e+06
1333,-6.38936e+06,539073
1334,5.88011e+06,-1.97483e+06
1335,-5.48877e+06,-3.37732e+06
1336,5.84913e+06,-579746
1337,-4.63295e+06,3.7418e+06
1338,4.27394e+06,-4.24804e+06
1339,6.32932e+06,-14841.5
1340,5.1877e+06,3.1797e+06
1341,5.84638e+06,-2.06939e+06
1342,-5.14416e+06,-2.79735e+06
1343,-4.54541e+06,-3.30859e+06
1344,2.33607e+06,5.07237e+06
1345,-5.85057e+06,-1.20585e+06
1346,5.12981e+06,2.38541e+06
1347,-536530,-5.86025e+06
1348,-5.69573e+06,1.58737e+06
1349,-817472,-5.9037e+06
1350,5.56648e+06,483299
1351,3.95866e+06,4.51744e+06
1352,-3.63358e+06,-4.66724e+06
1353,-5.55574e+06,664155
1354,-5.58328e+06,-883992
1355,-3.88321e+06,4.21552e+06
1356,-3.34862e+06,-5.22863e+06
1357,4.13375e+06,4.28397e+06
1358,1.4467e+06,-5.74191e+06
1359,5.30779e+06,3.01367e+06
1360,4.5731e+06,-4.15624e+06
1361,-5.64105e+06,-1.84115e+06
1362,-231932,5.64902e+06
1363,-4.61763e+06,-3.66997e+06
1364,-1.45726e+06,5.79014e+06
1365,-5.25915e+06,2.60941e+06
1366,5.45946e+06,-1.03819e+06
1367,5.64384e+06,2.05134e+06
1368,5.27147e+06,-2.59025e+06
1369,893657,-5.72364e+06
1370,-1.00016e+06,5.57371e+06
1371,-5.70772e+06,-431675
1372,-4.52191e+06,3.16153e+06
1373,-628253,6.00457e+06
1374,503579,-5.70346e+06
1375,1.33433e+06,5.21656e+06
1376,5.49946e+06,2.16875e+06
1377,260292,-5.69267e+06
1378,-5.55472e+06,-1.5412e+06
1379,-2.66652e+06,-6.70646e+06
1380,-5.36488e+06,1.99207e+06
1381,5.40406e+06,-918547
1382,-434493,5.47831e+06
1383,-5.42003e+06,1.73017e+06
1384,-5.71525e+06,-580399
1385,-4.9215e+06,-3.08672e+06
1386,2.10066e+06,4.91879e+06
1387,195745,5.65074e+06
1388,5.54529e+06,594244
1389,-3.83905e+06,3.98354e+06
1390,2.27386e+06,5.33425e+06
1391,5.48447e+06,-1.2555e+06
1392,762103,-5.61957e+06
1393,1.30637e+06,-5.56479e+06
1394,-4.83227e+06,-2.95399e+06
1395,-2.25378e+06,-5.71432e+06
1396,-3.32967e+06,4.75906e+06
1397,-5.7896e+06,412718
1398,-874173,-4.04954e+06
1399,-3.28172e+06,4.58335e+06
1400,4.32806e+06,-3.52787e+06
1401,-5.66268e+06,722596
1402,603068,5.62063e+06
1403,3.21816e+06,4.73733e+06
1404,-1.08426e+06,-5.61236e+06
1405,-743375,5.19554e+06
1406,-4.22543e+06,-3.73412e+06
1407,4.9866e+06,-3.4223e+06
1408,-4.96406e+06,2.64465e+06
1409,1.70232e+06,4.86039e+06
1410,1.23969e+06,-5.56158e+06
1411,-3.74032e+06,-4.16251e+06
1412,5.4389e+06,1.36539e+06
1413,-3.7622e+06,4.57969e+06
1414,-4.32732e+06,3.5754e+06
1415,3.39747e+06,4.56979e+06
1416,-902659,5.47313e+06
1417,-4.38739e+06,3.46333e+06
1418,1.71877e+06,-5.3823e+06
1419,5.19803e+06,-2.33745e+06
1420,307311,5.77508e+06
1421,2.45889e+06,-4.97997e+06
1422,4.47323e+06,-2.88378e+06
1423,-2.74762e+06,-4.1664e+06
1424,2.1972e+06,4.97587e+06
1425,5.23271e+06,-564059
1426,3.40461e+06,-4.44646e+06
1427,-3.17197e+06,-4.21118e+06
1428,-1.40042e+06,5.32062e+06
1429,-1.82655e+06,5.39883e+06
1430,-3.94707e+06,-3.19717e+06
1431,-5.39201e+06,1.73524e+06
1432,-4.78675e+06,-3.32806e+06
1433,-1.97596e+06,4.74745e+06
1434,-4.52085e+06,3.23466e+06
1435,-353848,-5.55446e+06
1436,4.84244e+06,-3.10982e+06
1437,3.56838e+06,-4.32654e+06
1438,472224,5.38697e+06
1439,4.68779e+06,3.08234e+06
1440,4.80785e+06,-2.97809e+06
1441,4.09765e+06,3.95004e+06
1442,-2.98998e+06,4.51979e+06
1443,5.54934e+06,-388885
1444,-4.92192e+06,2.65562e+06
1445,4.56028e+06,-3.30638e+06
1446,-2.3187e+06,5.07072e+06
1447,-2.66724e+06,-4.69185e+06
1448,-5.29752e+06,-2.07012e+06
1449,-4.11289e+06,3.78136e+06
1450,-5.63082e+06,138189
1451,5.25091e+06,-1.10266e+06
1452,-5.43075e+06,-1.29535e+06
1453,5.49688e+06,202998
1454,5.81484e+06,-976304
1455,4.45134e+06,3.22349e+06
1456,-5.27733e+06,-2.56582e+06
1457,-118393,5.43338e+06
1458,4.3865e+06,3.34784e+06
1459,-578749,-5.43395e+06
1460,387655,4.72014e+06
1461,-2.57569e+06,-4.83281e+06
1462,-3.19525e+06,4.95347e+06
1463,-830772,-5.93659e+06
1464,-1.13829e+06,-5.46142e+06
1465,5.53568e+06,-143475
1466,-3.71731e+06,-4.05265e+06
1467,1.45203e+06,-5.35243e+06
1468,-1.52085e+06,5.32997e+06
1469,-5.17908e+06,-2.62415e+06
1470,-299129,-5.3163e+06
1471,1.75031e+06,5.17256e+06
1472,3.99507e+06,-4.08479e+06
1473,-4.66888e+06,-2.88444e+06
1474,-3.84056e+06,-3.93236e+06
1475,4.19969e+06,3.59501e+06
1476,2.94519e+06,4.61425e+06
1477,-5.19731e+06,-2.19505e+06
1478,-5.4131e+06,-857480
1479,-1.57034e+06,5.29211e+06
1480,-867865,5.37977e+06
1481,-1.24599e+06,-5.49162e+06
1482,-2.03473e+06,4.9581e+06
1483,-3.75497e+06,-4.03513e+06
1484,-3.4773e+06,4.10143e+06
1485,-1.41326e+06,-5.45856e+06
1486,-2.91025e+06,4.77732e+06
1487,-5.08171e+06,2.24828e+06
1488,-4.56208e+06,3.11596e+06
1489,-3.84809e+06,-3.5309e+06
1490,-4.94313e+06,2.50333e+06
1491,5.39286e+06,1.35177e+06
1492,-123407,5.52538e+06
1493,-5.11063e+06,1.98816e+06
1494,5.33445e+06,708620
1495,-652559,5.43495e+06
1496,-5.22543e+06,986011
1497,-3.06833e+06,3.96473e+06
1498,-229019,5.15677e+06
1499,2.14665e+06,5.06676e+06
1500,613106,-5.53974e+06
1501,2.7488e+06,5.21674e+06
1502,-3.80374e+06,3.93918e+06
1503,5.40886e+06,720433
1504,-5.02519e+06,-2.29051e+06
1505,-1.45279e+06,4.81966e+06
1506,5.51222e+06,653084
1507,-3.1766e+06,-4.28732e+06
1508,-3.37079e+06,4.03342e+06
1509,-2.18299e+06,-4.94346e+06
1510,-5.31751e+06,1.0669e+06
1511,3.18282e+06,-4.27744e+06
1512,-412442,-5.4633e+06
1513,-2.00767e+06,4.78291e+06
1514,-2.29903e+06,-4.78695e+06
1515,5.22901e+06,-904232
1516,5.06859e+06,1.79271e+06
1517,2.87625e+06,-4.47079e+06
1518,8618.83,6.38796e+06
1519,5.0285e+06,-1.42185e+06
1520,26648.7,-5.32401e+06
1521,-385745,5.83008e+06
1522,-3.00977e+06,-4.86212e+06
1523,1.22144e+06,6.0234e+06
1524,3.77508e+06,3.81235e+06
1525,-4.31645e+06,-3.03484e+06
1526,2.28403e+06,5.2065e+06
1527,-4.31412e+06,3.17922e+06
1528,-1.78315e+06,5.05418e+06
1529,-2.90055e+06,-4.29478e+06
1530,-4.97453e+06,1.10402e+06
1531,-2.49884e+06,4.63118e+06
1532,1.05266e+06,-4.94617e+06
1533,4.66334e+06,2.06277e+06
1534,-98617.6,-5.27414e+06
1535,5.09308e+06,1.66821e+06
1536,1.31975e+06,5.02967e+06
1537,-4.0133e+06,-3.79716e+06
1538,316793,5.27287e+06
1539,5.05335e+06,-869756
1540,-3.68858e+06,3.24718e+06
1541,1.50692e+06,-5.02132e+06
1542,-5.2229e+06,-251330
1543,2.37752e+06,-4.56125e+06
1544,-4.27165e+06,2.83788e+06
1545,-5.2231e+06,-470322
1546,5.15826e+06,-2.07209e+06
1547,-4.06634e+06,-3.33551e+06
1548,5.16682e+06,151270
1549,-441901,-4.70939e+06
1550,-3.61736e+06,3.69367e+06
1551,-3.37046e+06,3.91579e+06
1552,3.35277e+06,3.99298e+06
1553,-2.89115e+06,4.32708e+06
1554,-1.12712e+06,5.73958e+06
1555,-5.20425e+06,-46029.9
1556,-4.59091e+06,1.92176e+06
1557,4.95875e+06,-1.35726e+06
1558,-1.10858e+06,-4.97623e+06
1559,2.68999e+06,4.50646e+06
1560,-1.88197e+06,5.52719e+06
1561,-534104,5.19756e+06
1562,5.03162e+06,955080
1563,1.97046e+06,4.74986e+06
1564,-2.03592e+06,4.70008e+06
1565,-3.59791e+06,3.94124e+06
1566,-4.63068e+06,-2.41646e+06
1567,2.11208e+06,-4.55487e+06
1568,-4.99051e+06,902982
1569,1.71769e+06,4.85947e+06
1570,-5.42484e+06,2.35818e+06
1571,-5.09564e+06,536392
1572,-4.77985e+06,1.73802e+06
1573,5.04051e+06,358984
1574,-5.00104e+06,-704533
1575,4.95907e+06,-418871
1576,-884314,-4.97428e+06
1577,-2.54858e+06,-4.53578e+06
1578,-4.63946e+06,2.72394e+06
1579,-4.95972e+06,-1.00809e+06
1580,2.47217e+06,4.6514e+06
1581,4.64831e+06,-1.63988e+06
1582,-5.00443e+06,721142
1583,288691,-5.0437e+06
1584,3.29954e+06,-3.67807e+06
1585,-5.08738e+06,202039
1586,4.87881e+06,-1.22664e+06
1587,1.1698e+06,-4.89661e+06
1588,-660995,4.92334e+06
1589,3.39194e+06,-3.52883e+06
1590,4.81603e+06,1.84264e+06
1591,2.56777e+06,-4.45349e+06
1592,-3.3281e+06,-3.78851e+06
1593,4.11594e+06,2.77981e+06
1594,4.44645e+06,-1.91113e+06
1595,10204.5,4.9558e+06
1596,650041,-4.69849e+06
1597,-2.16591e+06,4.58021e+06
1598,-2.47895e+06,-4.27421e+06
1599,-3.91373e+06,3.60137e+06
1600,4.89478e+06,-1.03318e+06
1601,-2.88258e+06,-4.36518e+06
1602,4.70086e+06,-1.92579e+06
1603,4.6037e+06,2.08527e+06
1604,298638,4.55915e+06
1605,-2.89313e+06,-3.3683e+06
1606,4.75927e+06,-1.58312e+06
1607,-3.32043e+06,3.64092e+06
1608,4.30999e+06,2.49145e+06
1609,-213892,-4.51576e+06
1610,3.02236e+06,-3.92558e+06
1611,-224651,5.0542e+06
1612,2.8443e+06,-4.01469e+06
1613,4.35646e+06,407732
1614,132527,5.22262e+06
1615,-4.21325e+06,3.01058e+06
1616,-4.74096e+06,-1.37962e+06
1617,4.59929e+06,-1.48063e+06
1618,-1.41758e+06,4.86166e+06
1619,-964820,5.28979e+06
1620,3.95989e+06,2.97441e+06
1621,4.22013e+06,-2.61313e+06
1622,-2.51797e+06,-4.41665e+06
1623,2.21969e+06,-4.01695e+06
1624,-2.59345e+06,-3.84345e+06
1625,-3.44841e+06,-2.84108e+06
1626,1.57476e+06,-4.66313e+06
1627,-276474,-5.58011e+06
1628,-2.15863e+06,-4.3752e+06
1629,4.20577e+06,-1.17745e+06
1630,-2.35238e+06,-4.50045e+06
1631,4.42515e+06,-1.76548e+06
1632,-4.02811e+06,2.11386e+06
1633,5.25797e+06,-919839
1634,-953974,-4.64921e+06
1635,1.47091e+06,4.6891e+06
1636,-4.73368e+06,2.04372e+06
1637,-4.30216e+06,-2.68005e+06
1638,-1.88075e+06,4.76442e+06
1639,4.45419e+06,-107976
1640,-3.91566e+06,3.174e+06
1641,-3.9413e+06,3.01861e+06
1642,4.00405e+06,-2.64758e+06
1643,-3.58039e+06,3.48509e+06
1644,1.5262e+06,4.55575e+06
1645,1.89269e+06,-4.45251e+06
1646,-4.8239e+06,1.09716e+06
1647,-767321,-4.88361e+06
1648,878912,-5.29441e+06
1649,3.8851e+06,-2.97095e+06
1650,4.53386e+06,1.53153e+06
1651,3.34726e+06,-3.53049e+06
1652,-2.58713e+06,-4.51629e+06
1653,5.45542e+06,267878
1654,2.0403e+06,-4.35069e+06
1655,4.70832e+06,-1.35533e+06
1656,4.85091e+06,-569902
1657,-202961,-4.85763e+06
1658,2.10593e+06,4.38583e+06
1659,3.84015e+06,2.92315e+06
1660,4.45146e+06,-145958
1661,2.80211e+06,3.98205e+06
1662,-3.33347e+06,3.76247e+06
1663,-1.65128e+06,-4.63004e+06
1664,4.55099e+06,1.13712e+06
1665,230607,4.65894e+06
1666,3.79593e+06,-3.39084e+06
1667,3.37434e+06,3.45941e+06
1668,-1.66652e+06,4.64117e+06
1669,-4.6844e+06,-1.09087e+06
1670,4.75747e+06,704414
1671,-2.39028e+06,3.96161e+06
1672,1.03459e+06,4.58503e+06
1673,4.6239e+06,1.26812e+06
1674,-3.97194e+06,-3.17294e+06
1675,-4.48056e+06,-1.00059e+06
1676,-3.03808e+06,3.81234e+06
1677,-1.46079e+06,4.63536e+06
1678,-3.23792e+06,-4.02072e+06
1679,4.59191e+06,1.37871e+06
1680,746740,4.75042e+06
1681,874005,-5.18389e+06
1682,3.64411e+06,-3.10122e+06
1683,4.38311e+06,-724875
1684,3.06544e+06,3.53394e+06
1685,-2.93232e+06,-3.8991e+06
1686,-3.9396e+06,-2.96604e+06
1687,-613878,4.26098e+06
1688,-3.19638e+06,-3.02368e+06
1689,3.66228e+06,-2.72653e+06
1690,-2.77897e+06,-4.26945e+06
1691,-3.11232e+06,-3.68318e+06
1692,938887,-5.18208e+06
1693,-479454,4.70445e+06
1694,166207,-4.93994e+06
1695,-2.81398e+06,-4.0143e+06
1696,-3.01322e+06,-3.56838e+06
1697,-4.33344e+06,1.43241e+06
1698,4.79601e+06,-1.10823e+06
1699,4.13268e+06,1.60602e+06
1700,2.81008e+06,3.87941e+06
1701,5.38061e+06,-440130
1702,185939,4.90841e+06
1703,-147525,-4.75853e+06
1704,3.96815e+06,-1.92463e+06
1705,-1.99256e+06,-4.28685e+06
1706,337154,-4.87186e+06
1707,4.9348e+06,-576411
1708,-4.04419e+06,-3.47711e+06
1709,3.02202e+06,-3.59121e+06
1710,1.77883e+06,4.4031e+06
1711,-4.18647e+06,-1.20909e+06
1712,-9765.73,4.75358e+06
1713,1.78336e+06,-4.48749e+06
1714,-1.06133e+06,4.72098e+06
1715,4.19184e+06,1.68341e+06
1716,-3.5658e+06,-2.85826e+06
1717,-4.29106e+06,-1.82531e+06
1718,3.11669e+06,-3.35801e+06
1719,-2.01705e+06,4.26177e+06
1720,-3.59808e+06,-2.32745e+06
1721,-2.64978e+06,-4.18967e+06
1722,4.06877e+06,2.21814e+06
1723,3.30738e+06,2.92374e+06
1724,107267,-4.74842e+06
1725,3.96419e+06,-2.78737e+06
1726,2.94405e+06,-3.87799e+06
1727,-2.26341e+06,3.82021e+06
1728,2.27085e+06,-3.69844e+06
1729,1.35265e+06,-4.48646e+06
1730,2.0708e+06,-4.16763e+06
1731,4.41258e+06,-2.53098e+06
1732,4.68481e+06,518902
1733,-4.97462e+06,-189288
1734,858801,4.60446e+06
1735,-4.54082e+06,740500
1736,-401216,-4.67392e+06
1737,-4.39313e+06,1.15811e+06
1738,3.53222e+06,3.01265e+06
1739,3.90484e+06,2.49337e+06
1740,-4.06501e+06,-2.055e+06
1741,-4.27997e+06,-1.64326e+06
1742,-4.21304e+06,-1.5039e+06
1743,-317345,-4.32375e+06
1744,4.4822e+06,1.15817e+06
1745,-4.24633e+06,1.76768e+06
1746,-97778.7,4.9441e+06
1747,-4.31261e+06,-659814
1748,-1.94746e+06,-4.2658e+06
1749,-4.58847e+06,-256352
1750,-1.00687e+06,-4.7749e+06
1751,1.3732e+06,4.23901e+06
1752,-103698,4.67886e+06
1753,3.17953e+06,3.45579e+06
1754,4.05178e+06,-2.01138e+06
1755,217342,-4.63908e+06
1756,461758,4.91806e+06
1757,2.08045e+06,-4.04295e+06
1758,-2.15751e+06,-4.07569e+06
1759,-3.78842e+06,-2.51351e+06
1760,4.47665e+06,1.51906e+06
1761,3.73983e+06,-2.20602e+06
1762,3.83987e+06,-2.46721e+06
1763,741810,4.59725e+06
1764,514928,4.63687e+06
1765,-1.71817e+06,-4.20031e+06
1766,-343718,-4.55284e+06
1767,978201,-4.30306e+06
1768,-3.11475e+06,-3.4007e+06
1769,-939342,-5.02175e+06
1770,3.38786e+06,-3.12536e+06
1771,-2.22395e+06,4.3565e+06
1772,4.25913e+06,-2.07723e+06
1773,-2.54713e+06,-3.97453e+06
1774,4.28985e+06,-1.32646e+06
1775,-4.51348e+06,542114
1776,4.35117e+06,279628
1777,-2.23569e+06,3.99318e+06
1778,-958345,4.24711e+06
1779,3.36386e+06,3.11321e+06
1780,-4.32559e+06,-885900
1781,4.15325e+06,1.34772e+06
1782,-4.33488e+06,1.12943e+06
1783,4.37426e+06,-1.05766e+06
1784,2.81188e+06,-3.29215e+06
1785,3.64561e+06,2.88234e+06
1786,1.60957e+06,-4.20038e+06
1787,-63562.9,4.48165e+06
1788,-4.13881e+06,1.61531e+06
1789,2.07261e+06,4.3314e+06
1790,-827587,-4.53543e+06
1791,2.1844e+06,3.62061e+06
1792,-2.43302e+06,3.27227e+06
1793,-1.97591e+06,3.845e+06
1794,-2.29879e+06,3.29993e+06
1795,2.64634e+06,-3.61752e+06
1796,820635,-4.46104e+06
1797,-161123,4.59794e+06
1798,-2.81895e+06,3.9764e+06
1799,4.33958e+06,544644
1800,2.4582e+06,-3.69731e+06
1801,3.71895e+06,-2.41152e+06
1802,-4.37884e+06,1.06567e+06
1803,3.64919e+06,2.5803e+06
1804,2.05835e+06,-4.3328e+06
1805,1.25366e+06,4.55449e+06
1806,1.8949e+06,4.3618e+06
1807,2.97825e+06,3.22397e+06
1808,5.02056e+06,-903186
1809,-3.00708e+06,-3.60511e+06
1810,-2.98807e+06,3.39995e+06
1811,-2.30317e+06,4.05433e+06
1812,2.84478e+06,3.42465e+06
1813,-3.63399e+06,-2.6016e+06
1814,-1.05329e+06,4.64356e+06
1815,4.2198e+06,-1.53812e+06
1816,4.22495e+06,-1.06737e+06
1817,-3.34917e+06,2.67789e+06
1818,-1.0083e+06,-3.82497e+06
1819,-1.98709e+06,3.89319e+06
1820,-2.71609e+06,-3.65906e+06
1821,1.82028e+06,4.09147e+06
1822,-4.3793e+06,-395139
1823,-880882,-4.35475e+06
1824,893041,4.41158e+06
1825,-4.20274e+06,1.22109e+06
1826,-3.65414e+06,2.37801e+06
1827,4.27482e+06,692514
1828,4.37981e+06,-285380
1829,-2.01189e+06,-4.12034e+06
1830,2.8104e+06,-3.25428e+06
1831,-133711,-4.08538e+06
1832,-543410,3.84944e+06
1833,3.62387e+06,-2.77809e+06
1834,-3.75642e+06,2.22532e+06
1835,3.15837e+06,-3.3951e+06
1836,-1.87985e+06,3.87713e+06
1837,3.93645e+06,2.11658e+06
1838,-3.15623e+06,2.84877e+06
1839,4.16939e+06,-2.04386e+06
1840,-1.90561e+06,-3.98593e+06
1841,-3.81538e+06,2.09719e+06
1842,3.06017e+06,-2.65439e+06
1843,3.98015e+06,1.71462e+06
1844,4.18742e+06,-1.5631e+06
1845,-3.36386e+06,-2.90472e+06
1846,1.28432e+06,-4.06494e+06
1847,-1.76007e+06,-4.12053e+06
1848,-448224,-4.35494e+06
1849,1.19962e+06,4.00373e+06
1850,4.30524e+06,-714015
1851,-3.0594e+06,-3.09867e+06
1852,4.30136e+06,-1.24098e+06
1853,-3.59261e+06,-2.13343e+06
1854,-4.18273e+06,-1.53216e+06
1855,-4.2029e+06,-1.06744e+06
1856,-1.25507e+06,4.02962e+06
1857,927366,4.4243e+06
1858,-979507,-4.24726e+06
1859,4.35329e+06,17653.8
1860,-2.61846e+06,3.42263e+06
1861,-4.42567e+06,517845
1862,2.77248e+06,3.39129e+06
1863,165878,-4.41609e+06
1864,-4.1654e+06,-1.1014e+06
1865,-3.87024e+06,1.97038e+06
1866,3.8303e+06,-1.28257e+06
1867,-4.32633e+06,-698817
1868,4.17216e+06,1.2422e+06
1869,4.36244e+06,-128864
1870,611393,-4.27757e+06
1871,3.44452e+06,-2.5983e+06
1872,2.28577e+06,3.39042e+06
1873,1.35053e+06,4.13098e+06
1874,-3.8071e+06,1.82185e+06
1875,3.66451e+06,-2.43901e+06
1876,-1.14496e+06,4.17736e+06
1877,-3.97041e+06,-1.47324e+06
1878,4.17631e+06,422268
1879,-4.19932e+06,295558
1880,-3.79289e+06,1.29471e+06
1881,-4.13568e+06,-1.01945e+06
1882,1.79089e+06,-3.94347e+06
1883,4.30154e+06,-433320
1884,-1.40047e+06,-4.30662e+06
1885,-4.19124e+06,-505114
1886,2.38335e+06,3.33154e+06
1887,4.1747e+06,556000
1888,-3.60809e+06,-1.90227e+06
1889,-3.31383e+06,-2.65192e+06
1890,4.24128e+06,633770
1891,2.38781e+06,3.52726e+06
1892,-3.79379e+06,-1.79407e+06
1893,-1.51617e+06,4.09875e+06
1894,-3.18123e+06,2.8201e+06
1895,-1.97299e+06,-3.79092e+06
1896,258985,-4.93117e+06
1897,-2.98735e+06,2.75202e+06
1898,-2.46456e+06,3.47567e+06
1899,-3.78276e+06,488000
1900,-488977,4.5039e+06
1901,-4.1722e+06,-887707
1902,1.33525e+06,-3.84749e+06
1903,3.51159e+06,2.43233e+06
1904,-2.31652e+06,3.64647e+06
1905,4.328e+06,35267.2
1906,-4.2114e+06,42659.2
1907,225623,-4.58741e+06
1908,-3.42917e+06,2.44408e+06
1909,2.35851e+06,-3.50069e+06
1910,3.782e+06,-2.20569e+06
1911,728756,4.16005e+06
1912,-750835,-4.22303e+06
1913,-3.70736e+06,-1.61974e+06
1914,4.07664e+06,-1.14839e+06
1915,552708,-3.94306e+06
1916,3.61061e+06,889537
1917,-3.74717e+06,2.68918e+06
1918,2.10868e+06,4.119e+06
1919,3.31436e+06,-2.50625e+06
1920,-2.08474e+06,3.66893e+06
1921,-1.48144e+06,4.17931e+06
1922,4.33272e+06,-1.54693e+06
1923,2.26104e+06,3.34401e+06
1924,-3.82029e+06,-2.01197e+06
1925,3.56309e+06,-2.26101e+06
1926,1.95691e+06,-3.76155e+06
1927,3.38247e+06,2.13155e+06
1928,4.07544e+06,-952867
1929,3.22796e+06,-2.68773e+06
1930,920804,-3.50388e+06
1931,2.11484e+06,3.42944e+06
1932,-3.55707e+06,-1.38978e+06
1933,3.90669e+06,180135
1934,3.91027e+06,-878858
1935,-3.48248e+06,2.27112e+06
1936,2.03856e+06,-3.55311e+06
1937,4.47487e+06,-348348
1938,-1.11255e+06,-4.10152e+06
1939,-3.85665e+06,-1.50052e+06
1940,1.17994e+06,-3.93285e+06
1941,-1.85268e+06,3.62019e+06
1942,1.50006e+06,-4.10006e+06
1943,4.08487e+06,497745
1944,435474,4.03976e+06
1945,-1.03835e+06,4.00612e+06
1946,374766,4.00739e+06
1947,-2.87467e+06,2.71913e+06
1948,4.18345e+06,-285804
1949,-2.2884e+06,-3.33192e+06
1950,1.58402e+06,-3.80259e+06
1951,4.16972e+06,585269
1952,-4.20698e+06,-482722
1953,-3.75679e+06,1.47075e+06
1954,-4.11405e+06,2.50859e+06
1955,124336,4.06891e+06
1956,-4.40954e+06,1.24064e+06
1957,-3.66034e+06,2.0368e+06
1958,4.31517e+06,409859
1959,1.64312e+06,-4.16665e+06
1960,-3.58171e+06,1.77177e+06
1961,-342744,-4.02791e+06
1962,-2.33162e+06,2.50726e+06
1963,-1.78935e+06,3.92871e+06
1964,3.18012e+06,-1.65029e+06
1965,-3.26972e+06,-2.0441e+06
1966,3.90783e+06,-1.38334e+06
1967,-3.81972e+06,-184343
1968,-2.41706e+06,-3.10052e+06
1969,4.05942e+06,-806009
1970,-205622,4.40785e+06
1971,2.90382e+06,-2.78186e+06
1972,1.23106e+06,-4.77531e+06
1973,3.93533e+06,1.31598e+06
1974,-3.62899e+06,-1.61517e+06
1975,-1.32127e+06,3.61579e+06
1976,-703822,-3.90358e+06
1977,-3.91972e+06,-1.26791e+06
1978,-636963,4.15046e+06
1979,-3.89309e+06,-828106
1980,3.66318e+06,1.63376e+06
1981,1.30622e+06,-4.54548e+06
1982,-3.23691e+06,-2.28412e+06
1983,1.93197e+06,3.53069e+06
1984,-2.77521e+06,2.8379e+06
1985,881779,3.89336e+06
1986,-4.26205e+06,198873
1987,-544774,4.22617e+06
1988,-4.34754e+06,1.0021e+06
1989,-216161,3.86291e+06
1990,1.13527e+06,3.84461e+06
1991,3.45618e+06,2.06802e+06
1992,-221963,3.97536e+06
1993,-2.22773e+06,3.15972e+06
1994,-1.89297e+06,3.52258e+06
1995,-3.15111e+06,-2.01949e+06
1996,-2.9582e+06,-2.38798e+06
1997,-3.58109e+06,-2.01993e+06
1998,-3.67305e+06,-1.39952e+06
1999,3.89213e+06,-1.0971e+06
2000,3.87453e+06,-1.17594e+06
2001,-3.5525e+06,1.22261e+06
2002,2.31422e+06,3.25627e+06
2003,177545,3.87978e+06
2004,-3.86407e+06,-710557
2005,1.53178e+06,3.55728e+06
2006,3.68909e+06,-1.24393e+06
2007,2.10142e+06,-3.40872e+06
2008,-2.27256e+06,3.07042e+06
2009,3.60953e+06,647899
2010,-242196,3.74244e+06
2011,-524110,3.9445e+06
2012,1.61059e+06,-3.66176e+06
2013,2.90922e+06,-2.56576e+06
2014,-3.83999e+06,-925190
2015,-4.23011e+06,-1.89106e+06
2016,3.19141e+06,2.37818e+06
2017,67025.7,-3.70102e+06
2018,-599342,3.82061e+06
2019,-3.78381e+06,778093
2020,2.11674e+06,3.38461e+06
2021,-3.13607e+06,-2.18599e+06
2022,-44255.5,3.60701e+06
2023,-3.47638e+06,1.32331e+06
2024,-3.39214e+06,-1.73685e+06
2025,4.11974e+06,288656
2026,1.21145e+06,-3.88139e+06
2027,-3.88956e+06,-551682
2028,-701493,3.80216e+06
2029,468276,-3.89963e+06
2030,-137581,4.24481e+06
2031,2.18373e+06,-3.15005e+06
2032,-1.03768e+06,-4.02988e+06
2033,-1.49791e+06,3.59432e+06
2034,1.18769e+06,3.74959e+06
2035,-2.62249e+06,-2.58956e+06
2036,-64392.4,-4.11296e+06
2037,-269982,-3.85145e+06
2038,-3.60355e+06,-1.58227e+06
2039,-1.41342e+06,3.4793e+06
2040,1.4445e+06,-3.2602e+06
2041,2.36049e+06,-2.93861e+06
2042,2.66773e+06,2.97921e+06
2043,1.91751e+06,-3.4873e+06
2044,-2.35476e+06,-3.17204e+06
2045,-3.26339e+06,-1.94204e+06
2046,-3.11633e+06,2.19772e+06
2047,-1.18157e+06,3.84772e+06
2048,-2.47404e+06,-3.42225e+06
2049,-2.13079e+06,3.45369e+06
2050,2.07476e+06,3.39456e+06
2051,-765425,3.7854e+06
2052,2.90872e+06,2.69261e+06
2053,-2.11091e+06,3.53468e+06
2054,3.40323e+06,1.23961e+06
2055,3.6597e+06,1.00995e+06
2056,-3.97139e+06,-184269
2057,3.26982e+06,2.16849e+06
2058,-3.83137e+06,-27157.8
2059,-3.47634e+06,443237
2060,-2.71624e+06,-2.28133e+06
2061,714426,-4.82576e+06
2062,2.51495e+06,-2.85272e+06
2063,-2.6433e+06,-2.76707e+06
2064,3.62834e+06,561334
2065,-3.21824e+06,2.12801e+06
2066,-3.28926e+06,1.77505e+06
2067,-3.32223e+06,1.8541e+06
2068,2.94958e+06,2.28791e+06
2069,-2.68413e+06,-2.6293e+06
2070,-3.70902e+06,955867
2071,-3.37498e+06,1.0318e+06
2072,-536900,-3.78859e+06
2073,-1.52355e+06,-3.22724e+06
2074,3.13539e+06,-2.14169e+06
2075,3.73438e+06,769037
2076,-3.06766e+06,-2.07615e+06
2077,3.47404e+06,-1.67872e+06
2078,-3.41554e+06,-1.76809e+06
2079,-3.23051e+06,1.91221e+06
2080,-1.20778e+06,-3.58849e+06
2081,-1.36905e+06,3.55154e+06
2082,1.15924e+06,3.5676e+06
2083,1.79225e+06,3.38272e+06
2084,-2.3683e+06,-3.18772e+06
2085,-3.50504e+06,1.49111e+06
2086,2.67551e+06,2.65591e+06
2087,3.5149e+06,-1.35997e+06
2088,2.43223e+06,2.82749e+06
2089,-2.75646e+06,2.04739e+06
2090,3.32547e+06,-1.76985e+06
2091,-3.43741e+06,367554
2092,875524,3.91856e+06
2093,-1.68213e+06,3.5271e+06
2094,3.39243e+06,-1.61557e+06
2095,-1.81835e+06,4.06478e+06
2096,-850983,3.67594e+06
2097,371730,3.88404e+06
2098,3.71333e+06,47460.1
2099,-2.13236e+06,3.05105e+06
2100,1.2123e+06,-3.60425e+06
2101,-2.36225e+06,2.76287e+06
2102,-3.44019e+06,-1.66372e+06
2103,2.8596e+06,-2.4792e+06
2104,2.27803e+06,2.83345e+06
2105,-2.47814e+06,-2.9766e+06
2106,951937,-3.65247e+06
2107,-2.69166e+06,2.55771e+06
2108,1.63567e+06,3.40608e+06
2109,-3.1872e+06,-2.8536e+06
2110,-2.73084e+06,-2.89121e+06
2111,-2.58903e+06,-2.728e+06
2112,-3.25093e+06,-2.21272e+06
2113,-2.40641e+06,2.82931e+06
2114,1.39333e+06,-3.55949e+06
2115,1.29706e+06,3.43907e+06
2116,-3.12778e+06,-1.59366e+06
2117,-1.96156e+06,-3.52012e+06
2118,-3.63094e+06,-701702
2119,-3.53474e+06,853096
2120,1.90941e+06,-3.11119e+06
2121,911294,3.67307e+06
2122,-3.36404e+06,1.7997e+06
2123,-3.56335e+06,-2.37995e+06
2124,-3.46546e+06,277366
2125,-2.08488e+06,2.5503e+06
2126,2.74439e+06,-2.58326e+06
2127,-1.29038e+06,-3.44052e+06
2128,2.29147e+06,-2.91419e+06
2129,3.05097e+06,-2.1293e+06
2130,-3.50391e+06,1.30718e+06
2131,767498,3.68261e+06
2132,-3.54022e+06,-806033
2133,-3.46438e+06,-1.01997e+06
2134,646110,-3.96905e+06
2135,-3.19799e+06,1.78957e+06
2136,3.32771e+06,453256
2137,-734983,3.02919e+06
2138,-3.44453e+06,1.44521e+06
2139,2.25902e+06,-3.00283e+06
2140,3.74623e+06,-752896
2141,3.5891e+06,-984173
2142,2.55244e+06,2.59349e+06
2143,-3.24658e+06,-2.14869e+06
2144,2.09028e+06,3.0613e+06
2145,3.80598e+06,242907
2146,3.57225e+06,1.24911e+06
2147,-2.68961e+06,2.37911e+06
2148,3.5275e+06,-1.02759e+06
2149,-2.87206e+06,-2.93525e+06
2150,1.06474e+06,-3.56155e+06
2151,-4.05389e+06,820518
2152,3.42822e+06,1.26146e+06
2153,-1.68453e+06,3.33085e+06
2154,2.8672e+06,-2.99477e+06
2155,-3.63141e+06,982009
2156,3.20945e+06,1.79771e+06
2157,-3.59386e+06,1.0325e+06
2158,-1.86733e+06,-3.34236e+06
2159,-3.66228e+06,99886.5
2160,-3.51386e+06,924740
2161,3.63926e+06,-592099
2162,-3.63898e+06,-84368.8
2163,-534697,3.84299e+06
2164,2.44861e+06,2.73802e+06
2165,-2.98098e+06,-2.1461e+06
2166,1.15996e+06,3.45612e+06
2167,2.60949e+06,2.51612e+06
2168,-2.72106e+06,1.91327e+06
2169,2.48127e+06,-2.40636e+06
2170,1.66315e+06,-3.26978e+06
2171,3.49773e+06,-1.3007e+06
2172,-2.83894e+06,-2.67745e+06
2173,-1.11742e+06,-2.60254e+06
2174,-3.66576e+06,45667.7
2175,-3.57537e+06,-1.05229e+06
2176,636472,3.6349e+06
2177,-2.85459e+06,2.55221e+06
2178,-2.26317e+06,-2.73951e+06
2179,561847,3.7902e+06
2180,-865993,-3.51133e+06
2181,2.50433e+06,-2.61791e+06
2182,3.05969e+06,-1.72673e+06
2183,3.51924e+06,-1.10894e+06
2184,-2.2374e+06,2.60779e+06
2185,2.84981e+06,1.77212e+06
2186,2.81945e+06,2.03965e+06
2187,-3.03586e+06,1.84665e+06
2188,-3.47746e+06,1.41011e+06
2189,-2.67517e+06,2.08227e+06
2190,-3.37326e+06,-1.56218e+06
2191,-355903,-3.58921e+06
2192,-2.19389e+06,-2.97614e+06
2193,3.35539e+06,-1.53061e+06
2194,3.75631e+06,-242290
2195,-852011,-3.36183e+06
2196,1.97479e+06,3.05911e+06
2197,-3.44688e+06,325939
2198,3.79454e+06,-388610
2199,-3.84453e+06,-202787
2200,3.43685e+06,-2.41646e+06
2201,2.26131e+06,-2.34605e+06
2202,3.25603e+06,807364
2203,-2.15342e+06,3.04888e+06
2204,-1.82112e+06,3.06258e+06
2205,-142597,3.86128e+06
2206,3.01276e+06,-2.14884e+06
2207,-4.1844e+06,689757
2208,-3.61584e+06,931804
2209,1.07888e+06,3.41939e+06
2210,1.70268e+06,2.99182e+06
2211,-2.46113e+06,3.1868e+06
2212,49632.9,3.67724e+06
2213,-481422,4.06029e+06
2214,3.12289e+06,-1.69773e+06
2215,3.61479e+06,63380
2216,1.9569e+06,-3.1191e+06
2217,-1.02566e+06,3.35221e+06
2218,-1.8218e+06,2.99879e+06
2219,-4.17226e+06,-485340
2220,-1.80758e+06,-3.69415e+06
2221,-3.07608e+06,-49852.7
2222,-3.16163e+06,603481
2223,502502,3.62704e+06
2224,-3.22431e+06,485330
2225,-1.73962e+06,3.50408e+06
2226,1.99441e+06,-2.40555e+06
2227,1.15337e+06,3.26552e+06
2228,3.30449e+06,-136943
2229,2.05052e+06,-3.08976e+06
2230,2.27863e+06,-2.76583e+06
2231,-2.33551e+06,3.14574e+06
2232,-2.55051e+06,-2.3553e+06
2233,2.66437e+06,-2.80305e+06
2234,2.36913e+06,2.72423e+06
2235,-3.62745e+06,422497
2236,-3.313e+06,867982
2237,3.25884e+06,1.28444e+06
2238,772651,-3.47364e+06
2239,-2.21713e+06,-2.77401e+06
2240,2.38639e+06,3.02098e+06
2241,-1.26489e+06,-3.2524e+06
2242,194835,3.60944e+06
2243,1.94987e+06,-2.88928e+06
2244,378527,3.58967e+06
2245,-2.39358e+06,2.48131e+06
2246,3.41152e+06,758147
2247,2.87463e+06,-1.97794e+06
2248,-837131,-3.53088e+06
2249,471426,-3.41557e+06
2250,900622,3.51895e+06
2251,-3.50252e+06,-194086
2252,3.2561e+06,989390
2253,2.49607e+06,2.42447e+06
2254,1.17156e+06,3.8529e+06
2255,3.24179e+06,-2.65859e+06
2256,3.10436e+06,-50453.9
2257,-3.66192e+06,65730.8
2258,3.52788e+06,-6101.22
2259,-2.06404e+06,2.91047e+06
2260,-2.68725e+06,-2.35898e+06
2261,-3.05665e+06,-2.04265e+06
2262,-286744,-3.75117e+06
2263,-2.62735e+06,2.9061e+06
2264,-3.14336e+06,2.48919e+06
2265,-3.04051e+06,2.20397e+06
2266,3.39396e+06,-334963
2267,-3.80381e+06,-1.18094e+06
2268,17003.3,-3.50784e+06
2269,72096.1,3.35009e+06
2270,-2.38221e+06,2.30642e+06
2271,3.8201e+06,820800
2272,-2.82976e+06,2.23312e+06
2273,2.06336e+06,3.3823e+06
2274,3.49318e+06,1.39003e+06
2275,-2.52221e+06,-2.56922e+06
2276,3.58776e+06,254958
2277,-3.24995e+06,-2.01239e+06
2278,2.75434e+06,-2.66206e+06
2279,-3.10727e+06,1.59264e+06
2280,3.37593e+06,-1.37278e+06
2281,933368,3.62091e+06
2282,3.42905e+06,811941
2283,-3.354e+06,-718854
2284,3.31349e+06,2.51805e+06
2285,3.60351e+06,198831
2286,3.00061e+06,-1.80424e+06
2287,-3.29888e+06,480699
2288,2.55495e+06,2.36209e+06
2289,-3.46115e+06,-315198
2290,-2.67314e+06,-2.30319e+06
2291,-2.65418e+06,-1.10329e+06
2292,-3.22669e+06,1.34909e+06
2293,2.03226e+06,-2.76676e+06
2294,214794,3.51045e+06
2295,-3.15896e+06,-1.66571e+06
2296,3.36904e+06,852531
2297,-3.22558e+06,2.34486e+06
2298,4.55642e+06,315911
2299,1.69672e+06,2.95933e+06
2300,3.26894e+06,1.57139e+06
2301,-3.75721e+06,-392392
2302,-3.5622e+06,15665.4
2303,-2.88591e+06,-1.39693e+06
2304,-806554,-3.56707e+06
2305,-1.44264e+06,-3.14719e+06
2306,-845235,3.44102e+06
2307,2.43848e+06,2.53451e+06
2308,-64803.5,3.71259e+06
2309,-1.38633e+06,-2.83382e+06
2310,3.26242e+06,1.16534e+06
2311,-751103,-3.42294e+06
2312,-482269,-3.48127e+06
2313,1.85797e+06,-3.25789e+06
2314,-2.43851e+06,1.89392e+06
2315,-1.15534e+06,3.24884e+06
2316,-371316,-2.86511e+06
2317,-1.80644e+06,-3.08036e+06
2318,-2.68856e+06,2.29235e+06
2319,2.64263e+06,-2.38021e+06
2320,3.15073e+06,1.38922e+06
2321,3.61768e+06,-862529
2322,3.26232e+06,-1.09286e+06
2323,-3.45957e+06,802036
2324,-3.27575e+06,2.04984e+06
2325,-159940,3.54072e+06
2326,2.91149e+06,-1.89781e+06
2327,985348,3.74968e+06
2328,-3.35867e+06,1.10073e+06
2329,3.11891e+06,-1.592e+06
2330,-351495,-3.41738e+06
2331,1.48467e+06,-3.09733e+06
2332,-2.82034e+06,-557530
2333,-2.74201e+06,2.1523e+06
2334,-675368,3.3016e+06
2335,-2.92567e+06,1.38223e+06
2336,-2.24709e+06,-2.13753e+06
2337,-3.35775e+06,845155
2338,3.0472e+06,1.11547e+06
2339,-909638,-3.18803e+06
2340,2.16828e+06,-3.04024e+06
2341,2.8248e+06,-1.97716e+06
2342,2.76986e+06,1.4951e+06
2343,-55230.9,3.47355e+06
2344,236776,-3.51458e+06
2345,2.53407e+06,-2.3995e+06
2346,313454,-3.57516e+06
2347,3.37323e+06,1.45786e+06
2348,2.31866e+06,-2.26004e+06
2349,-3.1243e+06,-1.56925e+06
2350,522263,-3.43707e+06
2351,3.2431e+06,-541031
2352,-1.61214e+06,-2.93507e+06
2353,-2.91348e+06,-1.79683e+06
2354,3.11962e+06,925883
2355,531867,-3.20453e+06
2356,3.46114e+06,505485
2357,-463451,3.37446e+06
2358,3.3456e+06,1.63747e+06
2359,2.47165e+06,2.33966e+06
2360,-2.87081e+06,-1.07754e+06
2361,-688521,3.34301e+06
2362,-3.22632e+06,1.21856e+06
2363,-2.23351e+06,2.81517e+06
2364,2.28419e+06,2.27801e+06
2365,-2.13012e+06,1.97313e+06
2366,3.16342e+06,-1.43638e+06
2367,-2.15019e+06,-2.52059e+06
2368,3.3263e+06,761848
2369,-2.56348e+06,-2.39297e+06
2370,2.06815e+06,2.84328e+06
2371,-1.6937e+06,-2.79476e+06
2372,-3.79157e+06,-82237.7
2373,-3.29948e+06,153239
2374,-3.0894e+06,1.49265e+06
2375,3.36747e+06,779305
2376,-273795,3.30656e+06
2377,1.5356e+06,3.23003e+06
2378,-1.16783e+06,-3.19463e+06
2379,-1.2367e+06,3.22121e+06
2380,3.29909e+06,-560258
2381,3.78679e+06,353288
2382,-3.45126e+06,-705187
2383,777905,-3.23625e+06
2384,-3.43667e+06,270509
2385,-2.86434e+06,2.27132e+06
2386,326025,3.46002e+06
2387,1.31829e+06,3.10117e+06
2388,2.78576e+06,1.87363e+06
2389,2.15231e+06,2.43689e+06
2390,-1.41706e+06,-3.05773e+06
2391,-3.64029e+06,1.47169e+06
2392,-1.04096e+06,3.17115e+06
2393,744816,3.04734e+06
2394,3.21042e+06,890355
2395,1.73759e+06,3.64534e+06
2396,2.95718e+06,-1.80025e+06
2397,2.83761e+06,1.77684e+06
2398,251664,-2.98326e+06
2399,2.44951e+06,2.16309e+06
2400,1.21728e+06,-2.78905e+06
2401,-2.20758e+06,2.51912e+06
2402,-3.24364e+06,-1.14028e+06
2403,-1.7971e+06,3.24999e+06
2404,-3.08366e+06,-1.88086e+06
2405,2.89827e+06,1.46764e+06
2406,-3.19022e+06,-760520
2407,-3.21592e+06,447762
2408,1.30832e+06,3.09459e+06
2409,-1.00339e+06,3.46371e+06
2410,3.24862e+06,-1.02286e+06
2411,-137800,3.44309e+06
2412,2.99498e+06,-539356
2413,1.56683e+06,2.85871e+06
2414,-3.37466e+06,434560
2415,-1.84316e+06,-2.65186e+06
2416,-2.89001e+06,588217
2417,944466,3.24545e+06
2418,1.35657e+06,2.84408e+06
2419,3.56978e+06,-210341
2420,-2.7523e+06,1.8624e+06
2421,1.12729e+06,2.46383e+06
2422,2.88937e+06,-1.66317e+06
2423,2.24297e+06,-2.68318e+06
2424,-3.26678e+06,1.79998e+06
2425,615051,-3.48475e+06
2426,-2.75304e+06,1.84113e+06
2427,-2.65232e+06,2.33661e+06
2428,-769469,3.2499e+06
2429,-2.11023e+06,-2.56255e+06
2430,-3.39159e+06,599814
2431,-3.28868e+06,1.42859e+06
2432,-2.98246e+06,-1.87532e+06
2433,3.41919e+06,999770
2434,3.23938e+06,-33656.6
2435,-3.03592e+06,-1.43784e+06
2436,-3.23279e+06,741460
2437,-3.98937e+06,-1.17285e+06
2438,-781459,-3.20605e+06
2439,1.47374e+06,-3.21406e+06
2440,848724,3.229e+06
2441,-423210,-3.54029e+06
2442,-2.73929e+06,-2.52338e+06
2443,-3.1831e+06,-414445
2444,3.23108e+06,-484319
2445,3.19842e+06,-92097.4
2446,545921,-3.50861e+06
2447,-1.2962e+06,-2.90297e+06
2448,2.6318e+06,-2.11614e+06
2449,869530,-2.57792e+06
2450,-3.00035e+06,-1.03658e+06
2451,-3.3538e+06,300185
2452,-2.51376e+06,-1.76987e+06
2453,-820552,2.01955e+06
2454,-2.00384e+06,-2.67819e+06
2455,-1.28058e+06,-3.08539e+06
2456,877843,-3.29018e+06
2457,-2.11673e+06,2.11603e+06
2458,-2.75516e+06,-2.68787e+06
2459,3.10236e+06,1.26698e+06
2460,909721,-3.13524e+06
2461,3.31955e+06,1.13861e+06
2462,110761,-3.62578e+06
2463,-2.3236e+06,2.45228e+06
2464,3.08187e+06,-1.79056e+06
2465,2.86499e+06,1.86446e+06
2466,3.2916e+06,-713841
2467,-2.21403e+06,2.65756e+06
2468,2.2844e+06,2.59053e+06
2469,671975,3.78168e+06
2470,3.14262e+06,182685
2471,-1.20433e+06,-2.31756e+06
2472,-831527,-3.89133e+06
2473,-3.16429e+06,1.50437e+06
2474,-3.23663e+06,1.5912e+06
2475,2.65147e+06,1.9143e+06
2476,-869022,-3.19751e+06
2477,2.97226e+06,1.34351e+06
2478,1.33933e+06,-3.04523e+06
2479,-3.37312e+06,-426310
2480,-1.59082e+06,2.80531e+06
2481,-1.92281e+06,2.69446e+06
2482,3.15351e+06,63038.3
2483,2.09427e+06,-2.54847e+06
2484,929929,3.56328e+06
2485,3.22991e+06,-1.01296e+06
2486,-3.70123e+06,-419638
2487,2.72683e+06,-1.95047e+06
2488,-3.22043e+06,820634
2489,3.07861e+06,620979
2490,2.84661e+06,1.28295e+06
2491,-1.6076e+06,-3.04412e+06
2492,-2.26601e+06,-2.22862e+06
2493,2.05019e+06,2.45924e+06
2494,-567072,-3.00572e+06
2495,3.10117e+06,1.0311e+06
2496,2.89016e+06,772589
2497,2.17866e+06,-2.05478e+06
2498,-3.02049e+06,-194123
2499,-74826.6,-3.49311e+06
2500,-634239,3.29118e+06
2501,-3.42653e+06,-371490
2502,2.9728e+06,-1.20536e+06
2503,287731,-3.10766e+06
2504,1.98978e+06,-2.52956e+06
2505,663265,-3.11282e+06
2506,-1.89662e+06,-2.90304e+06
2507,-1.76903e+06,-2.74407e+06
2508,-273815,-3.18335e+06
2509,393627,-2.24957e+06
2510,-2.93079e+06,1.2635e+06
2511,2.97204e+06,400349
2512,3.13504e+06,560090
2513,3.04793e+06,-977684
2514,-2.36444e+06,2.39747e+06
2515,2.68543e+06,-162418
2516,2.20082e+06,-2.46881e+06
2517,-3.10371e+06,220660
2518,-2.22944e+06,2.54765e+06
2519,-584279,-3.30311e+06
2520,-3.24488e+06,-691752
2521,-3.20311e+06,632298
2522,-1.52081e+06,-2.85828e+06
2523,-3.15361e+06,858010
2524,-1.40886e+06,-2.92391e+06
2525,-3.1489e+06,-829485
2526,-3.73665e+06,-1.88161e+06
2527,-318590,3.07736e+06
2528,3.11364e+06,817858
2529,-785636,3.08984e+06
2530,3.29277e+06,-60178.6
2531,-2.07995e+06,2.53033e+06
2532,-2.99718e+06,1.05699e+06
2533,-2.11467e+06,-2.64088e+06
2534,2.13239e+06,-2.4954e+06
2535,-2.67602e+06,-1.64087e+06
2536,-194031,3.40601e+06
2537,941.286,3.28587e+06
2538,640907,2.91448e+06
2539,-59969.4,3.52456e+06
2540,818904,3.35052e+06
2541,1.40414e+06,2.40072e+06
2542,-2.29818e+06,-2.2249e+06
2543,2.41459e+06,2.02766e+06
2544,3.4193e+06,217947
2545,2.03485e+06,-2.37387e+06
2546,-1.56962e+06,-2.79978e+06
2547,3.15606e+06,294640
2548,-1.07831e+06,2.90891e+06
2549,-151831,3.15764e+06
2550,1.61124e+06,-2.59979e+06
2551,-3.14187e+06,7358.37
2552,3.42811e+06,-112476
2553,3.36835e+06,-356919
2554,1.28447e+06,2.94788e+06
2555,2.14456e+06,2.28108e+06
2556,3.10741e+06,-1.01082e+06
2557,-3.16486e+06,771585
2558,-1.30282e+06,2.874e+06
2559,2.6972e+06,-1.17841e+06
2560,3.36533e+06,533328
2561,-2.97788e+06,1.1946e+06
2562,136005,3.18455e+06
2563,-1.5685e+06,2.97177e+06
2564,3.02855e+06,840388
2565,3.14557e+06,-519564
2566,1.49476e+06,2.69e+06
2567,-1.18559e+06,2.88719e+06
2568,-850967,3.19476e+06
2569,-2.41527e+06,-2.04892e+06
2570,1.31766e+06,-2.85152e+06
2571,3.00451e+06,1.00191e+06
2572,-2.16826e+06,-1.00063e+06
2573,-3.11862e+06,313256
2574,-2.34328e+06,-2.12225e+06
2575,789728,-3.05971e+06
2576,-3.27027e+06,-816117
2577,2.8281e+06,-1.64916e+06
2578,3.07056e+06,901017
2579,1.40068e+06,2.86706e+06
2580,-1.02204e+06,3.7268e+06
2581,1.70762e+06,2.9574e+06
2582,-2.70264e+06,-1.41678e+06
2583,-508105,-3.16671e+06
2584,3.01159e+06,1.04778e+06
2585,-239648,-3.34806e+06
2586,2.66881e+06,1.94381e+06
2587,-1.31363e+06,2.76149e+06
2588,-1.78239e+06,2.48898e+06
2589,1.17898e+06,3.00192e+06
2590,2.84444e+06,721156
2591,-2.27802e+06,1.59723e+06
2592,-1.63189e+06,-2.82276e+06
2593,-2.75526e+06,-1.55516e+06
2594,2.99335e+06,1.45829e+06
2595,3.8542e+06,-412388
2596,2.37098e+06,-2.56954e+06
2597,-1.28974e+06,-2.76735e+06
2598,-2.84933e+06,-2.5111e+06
2599,263803,2.76322e+06
2600,1.21477e+06,2.92644e+06
2601,-3.00596e+06,-568466
2602,-3.10571e+06,184962
2603,-2.82256e+06,1.28664e+06
2604,-3.06238e+06,-2.00961e+06
2605,-1.82749e+06,2.53004e+06
2606,-823265,-3.05088e+06
2607,-2.5778e+06,-1.89073e+06
2608,-1.68777e+06,-2.7536e+06
2609,1.05047e+06,-3.05301e+06
2610,978401,2.9851e+06
2611,-476307,-3.10915e+06
2612,-1.95934e+06,-2.44477e+06
2613,2.75232e+06,-1.19795e+06
2614,-2.13351e+06,2.10345e+06
2615,-2.76866e+06,1.44779e+06
2616,-3.58556e+06,-896265
2617,-690296,-2.7781e+06
2618,2.99272e+06,-6442.41
2619,1.41866e+06,2.81187e+06
2620,423649,-2.9755e+06
2621,-1.84703e+06,-2.2514e+06
2622,-3.07816e+06,1.10177e+06
2623,-915574,-2.5685e+06
2624,2.57777e+06,-1.6491e+06
2625,3.08867e+06,793142
2626,2.25372e+06,1.9817e+06
2627,2.80859e+06,1.50487e+06
2628,-1.69366e+06,2.67162e+06
2629,-85079.5,-3.01222e+06
2630,3.00679e+06,135188
2631,2.72209e+06,1.50541e+06
2632,620209,3.08243e+06
2633,2.05135e+06,-2.57604e+06
2634,-3.07315e+06,592113
2635,17361.2,3.06288e+06
2636,-827890,-2.62554e+06
2637,-3.03123e+06,-68911.9
2638,3.48148e+06,1.05086e+06
2639,288629,3.11412e+06
2640,-2.68716e+06,628351
2641,2.74195e+06,1.40295e+06
2642,-2.62147e+06,-1.98548e+06
2643,-2.04171e+06,2.43415e+06
2644,-2.2716e+06,-2.26093e+06
2645,-703017,-2.97941e+06
2646,3.03877e+06,-41298.3
2647,-1.75873e+06,2.57759e+06
2648,2.88382e+06,-1.12172e+06
2649,2.13048e+06,2.19741e+06
2650,-1.94682e+06,2.09376e+06
2651,-985253,2.83738e+06
2652,461827,-3.02878e+06
2653,1.9596e+06,-2.39472e+06
2654,-2.53516e+06,266780
2655,2.77697e+06,-1.5641e+06
2656,-2.38134e+06,1.89569e+06
2657,2.04746e+06,-2.16063e+06
2658,777501,-3.18201e+06
2659,-508413,-3.02087e+06
2660,-2.8349e+06,851169
2661,2.46568e+06,890498
2662,-2.52066e+06,1.64608e+06
2663,161066,-2.9278e+06
2664,-2.26976e+06,-2.16019e+06
2665,2.42113e+06,1.776e+06
2666,-2.44478e+06,1.70904e+06
2667,-1.90726e+06,2.49136e+06
2668,613401,-2.82981e+06
2669,-2.27558e+06,1.57161e+06
2670,-2.34545e+06,-1.35799e+06
2671,2.58128e+06,600731
2672,3.32462e+06,832884
2673,2.14988e+06,2.06232e+06
2674,2.63224e+06,-1.5836e+06
2675,-2.78926e+06,1.18179e+06
2676,2.32642e+06,-1.93506e+06
2677,2.62338e+06,1.1444e+06
2678,-2.97103e+06,-55428.8
2679,961729,-2.78095e+06
2680,-1.33147e+06,-2.67091e+06
2681,1.63043e+06,2.76899e+06
2682,746722,-2.9899e+06
2683,1.74274e+06,2.26875e+06
2684,1.9137e+06,-1.64937e+06
2685,-2.76088e+06,-1.2707e+06
2686,-1.01693e+06,2.82568e+06
2687,938471,3.20099e+06
2688,-89844.5,3.03817e+06
2689,-3.33567e+06,170542
2690,1.30203e+06,-2.49114e+06
2691,704903,3.02248e+06
2692,-2.51537e+06,-1.73731e+06
2693,-1.09278e+06,-2.85029e+06
2694,2.68141e+06,-557011
2695,-1.62974e+06,3.08662e+06
2696,2.44837e+06,-1.53e+06
2697,3.05905e+06,-650805
2698,-2.04665e+06,-2.23462e+06
2699,-1.77499e+06,-2.43368e+06
2700,302317,-3.01003e+06
2701,2.99717e+06,-556814
2702,-814225,3.08293e+06
2703,-2.58342e+06,1.49829e+06
2704,369246,-2.95872e+06
2705,2.90412e+06,1.1099e+06
2706,2.51481e+06,1.55489e+06
2707,1.725e+06,-2.44748e+06
2708,970742,-2.94389e+06
2709,2.75361e+06,-1.34177e+06
2710,-987671,2.71363e+06
2711,1.99864e+06,1.92903e+06
2712,-2.59496e+06,-496728
2713,1.58713e+06,-2.69807e+06
2714,-38213.6,-2.9462e+06
2715,-629110,2.7265e+06
2716,1.91086e+06,2.29014e+06
2717,-927543,2.7888e+06
2718,2.78737e+06,-1.22845e+06
2719,-3.20148e+06,-645859
2720,-1.28631e+06,-2.69212e+06
2721,-2.34761e+06,1.85774e+06
2722,-1.97612e+06,2.20616e+06
2723,-3.36088e+06,149129
2724,3.17475e+06,302176
2725,2.95021e+06,1.92542e+06
2726,2.83288e+06,-212405
2727,974275,-2.93764e+06
2728,2.88607e+06,-848284
2729,51525.4,3.47406e+06
2730,2.22582e+06,1.83443e+06
2731,-1.65412e+06,-3.3776e+06
2732,-2.30389e+06,1.922e+06
2733,2.17489e+06,-2.08678e+06
2734,1.9671e+06,-1.96923e+06
2735,1.65089e+06,2.46238e+06
2736,2.72859e+06,-1.47922e+06
2737,-2.84973e+06,-1.20132e+06
2738,51392.8,2.93873e+06
2739,1.62479e+06,-2.48691e+06
2740,-2.91112e+06,727097
2741,2.66996e+06,898455
2742,-3.06282e+06,-978364
2743,2.92366e+06,-442851
2744,1.48536e+06,-3.50078e+06
2745,-514390,2.9349e+06
2746,3.74513e+06,-421396
2747,-2.35518e+06,1.86316e+06
2748,-2.34517e+06,2.52457e+06
2749,2.18669e+06,-1.98497e+06
2750,1.87442e+06,2.21065e+06
2751,-3.05143e+06,204358
2752,-2.54286e+06,367274
2753,-2.56965e+06,1.64858e+06
2754,-853327,-2.69959e+06
2755,2.382e+06,-1.72612e+06
2756,-2.29365e+06,1.81684e+06
2757,1.02497e+06,-2.80191e+06
2758,-1.97734e+06,2.2315e+06
2759,-2.08233e+06,-1.85705e+06
2760,-168606,-3.33083e+06
2761,3.15608e+06,458027
2762,3.00866e+06,-456534
2763,-2.57295e+06,-1.18323e+06
2764,169496,2.9265e+06
2765,-3.0253e+06,-452125
2766,-2.22182e+06,2.04886e+06
2767,-2.92681e+06,538263
2768,779952,-2.86406e+06
2769,-378069,2.93707e+06
2770,-2.66148e+06,-24752.2
2771,-2.12758e+06,2.30753e+06
2772,2.37138e+06,2.27036e+06
2773,622407,-2.98233e+06
2774,-1.34095e+06,-2.18219e+06
2775,93812,-2.88984e+06
2776,739091,2.69091e+06
2777,-1.21261e+06,2.46221e+06
2778,-600507,2.7997e+06
2779,1.66469e+06,2.36047e+06
2780,2.19592e+06,1.88489e+06
2781,-2.86538e+06,-333122
2782,-2.55125e+06,316418
2783,1.08478e+06,-2.68957e+06
2784,-2.32952e+06,-1.411e+06
2785,-3.02989e+06,-328157
2786,3.54433e+06,453790
2787,-1.66113e+06,2.50632e+06
2788,-2.79181e+06,651403
2789,-2.03008e+06,-2.27551e+06
2790,-3.16399e+06,1.04085e+06
2791,-958040,-2.86992e+06
2792,1.96473e+06,-2.16679e+06
2793,-2.99731e+06,522425
2794,136015,-3.14621e+06
2795,-1.02003e+06,2.69857e+06
2796,2.33201e+06,1.60032e+06
2797,2.27091e+06,2.39572e+06
2798,-2.44882e+06,806686
2799,2.90913e+06,-348591
2800,2.74175e+06,-1.15023e+06
2801,2.01159e+06,2.08786e+06
2802,-3.27005e+06,-350917
2803,-1.89147e+06,-2.38006e+06
2804,-429230,2.60274e+06
2805,-757676,-2.74409e+06
2806,3.6598e+06,-202680
2807,-1.52893e+06,-2.16034e+06
2808,1.20908e+06,-2.94485e+06
2809,2.70226e+06,-899870
2810,1.96894e+06,-2.51144e+06
2811,-1.90902e+06,2.23092e+06
2812,638634,2.85969e+06
2813,-2.44417e+06,-1.58788e+06
2814,-948865,-2.64676e+06
2815,1.49523e+06,2.43518e+06
2816,905637,2.71118e+06
2817,2.26483e+06,1.91379e+06
2818,-2.41803e+06,1.63886e+06
2819,-2.87382e+06,-602736
2820,-1.05869e+06,3.00977e+06
2821,2.79016e+06,1.41218e+06
2822,1.39944e+06,-2.50255e+06
2823,1.79381e+06,2.00579e+06
2824,-2.88054e+06,602189
2825,2.22069e+06,-1.88276e+06
2826,-584037,-3.1454e+06
2827,-2.64002e+06,1.33081e+06
2828,-2.85494e+06,-459705
2829,-2.2005e+06,2.12675e+06
2830,2.4433e+06,87411.5
2831,2.6496e+06,288610
2832,-2.82489e+06,77916.4
2833,-1.30598e+06,-2.59458e+06
2834,2.60999e+06,-1.29867e+06
2835,-2.37005e+06,-1.6894e+06
2836,2.7105e+06,1.08602e+06
2837,-1.39911e+06,-2.43718e+06
2838,-65662.3,2.75202e+06
2839,-2.46693e+06,785680
2840,-903746,-2.97544e+06
2841,-2.44803e+06,-109787
2842,2.55636e+06,1.2399e+06
2843,-2.22906e+06,-1.18445e+06
2844,-2.57304e+06,1.43054e+06
2845,2.74052e+06,-851286
2846,-766401,-2.30824e+06
2847,-2.86588e+06,-1.68285e+06
2848,-1.08823e+06,2.64734e+06
2849,2.12734e+06,1.81641e+06
2850,2.81914e+06,-523245
2851,-827992,2.58533e+06
2852,899476,-2.6018e+06
2853,667029,-2.82151e+06
2854,-2.01616e+06,2.2452e+06
2855,-198680,-2.83116e+06
2856,-2.52691e+06,-1.16471e+06
2857,-2.93053e+06,-746729
2858,-1.28299e+06,2.56448e+06
2859,2.41719e+06,1.63756e+06
2860,-2.93229e+06,1.04684e+06
2861,-528071,2.8518e+06
2862,-2.95435e+06,-105421
2863,-2.65482e+06,-111729
2864,-433533,-2.83454e+06
2865,2.64796e+06,-780009
2866,1.33139e+06,-2.58425e+06
2867,1.56425e+06,-2.35811e+06
2868,-2.41733e+06,-1.83432e+06
2869,2.23278e+06,-1.03265e+06
2870,838135,1.36591e+06
2871,-2.13017e+06,-1.31321e+06
2872,-2.28617e+06,1.70325e+06
2873,2.18893e+06,-1.78681e+06
2874,1.79222e+06,2.41939e+06
2875,3.41781e+06,429770
2876,-1.61683e+06,-2.8515e+06
2877,2.35427e+06,1.3794e+06
2878,-2.54711e+06,1.27017e+06
2879,-816718,-2.7073e+06
2880,-2.40853e+06,1.29851e+06
2881,-348822,2.94262e+06
2882,-2.46889e+06,559700
2883,-459290,2.81105e+06
2884,-3.0259e+06,1.05315e+06
2885,2.97561e+06,112710
2886,-1.3186e+06,-2.4577e+06
2887,747691,2.72761e+06
2888,-1.7156e+06,-2.20166e+06
2889,-2.46091e+06,-1.25166e+06
2890,1.77955e+06,2.17664e+06
2891,3.10813e+06,915008
2892,2.29795e+06,-1.61945e+06
2893,2.18857e+06,1.9199e+06
2894,1.24469e+06,2.45568e+06
2895,-166660,2.76182e+06
2896,-139260,-2.75379e+06
2897,430171,-2.78915e+06
2898,2.40397e+06,-1.10498e+06
2899,-478292,-3.11488e+06
2900,405806,-2.90795e+06
2901,1.69947e+06,1.16024e+06
2902,1.98456e+06,2.11319e+06
2903,398561,3.04305e+06
2904,171287,-2.72059e+06
2905,880035,2.68612e+06
2906,2.81779e+06,-852870
2907,1.15046e+06,-2.15841e+06
2908,-2.41829e+06,1.23812e+06
2909,2.40188e+06,1.26498e+06
2910,2.03947e+06,2.12166e+06
2911,180078,-2.63849e+06
2912,-2.65747e+06,-893428
2913,2.29406e+06,-1.54644e+06
2914,-1.48874e+06,2.38567e+06
2915,-2.64017e+06,-982327
2916,-1.03127e+06,-2.23484e+06
2917,-1.46755e+06,-2.4832e+06
2918,-812783,2.65042e+06
2919,1.48591e+06,-2.10138e+06
2920,-2.89906e+06,149444
2921,-2.71498e+06,776284
2922,2.87487e+06,-267698
2923,2.41607e+06,1.13865e+06
2924,3.03089e+06,274001
2925,1.83731e+06,2.17278e+06
2926,36245.3,-2.72514e+06
2927,-1.46107e+06,-1.59105e+06
2928,1.99085e+06,-1.0627e+06
2929,561353,2.79685e+06
2930,2.40531e+06,1.59487e+06
2931,-2.31099e+06,1.22892e+06
2932,-2.19238e+06,1.71615e+06
2933,1.39005e+06,2.27993e+06
2934,-2.55192e+06,1.64132e+06
2935,877814,2.88873e+06
2936,2.96875e+06,-92749.3
2937,-2.65499e+06,463465
2938,324128,2.85564e+06
2939,1.98027e+06,2.05732e+06
2940,560781,2.92496e+06
2941,-1.69598e+06,2.23046e+06
2942,-250357,-2.65637e+06
2943,-1.13218e+06,2.53086e+06
2944,2.69138e+06,620425
2945,-1.28824e+06,2.44807e+06
2946,2.65064e+06,-1.14196e+06
2947,-289003,2.74719e+06
2948,2.26917e+06,1.55322e+06
2949,897084,2.57313e+06
2950,-2.05448e+06,1.06813e+06
2951,2.63286e+06,-377542
2952,2.76888e+06,-539401
2953,1.01375e+06,-2.54862e+06
2954,-2.79139e+06,643815
2955,678205,-2.68082e+06
2956,-1.34855e+06,2.41429e+06
2957,2.34795e+06,2.11704e+06
2958,-2.09685e+06,-1.81119e+06
2959,1.304e+06,1.94203e+06
2960,-2.67756e+06,441320
2961,1.27704e+06,2.36609e+06
2962,-2.78642e+06,7896.27
2963,-1.95794e+06,2.05307e+06
2964,813219,2.6428e+06
2965,470630,2.72104e+06
2966,-1.3808e+06,-2.24635e+06
2967,-2.57319e+06,-1.33205e+06
2968,-28227.4,2.74873e+06
2969,-2.66567e+06,-3761.99
2970,207942,2.49989e+06
2971,-858377,-2.55129e+06
2972,1.54847e+06,-2.09886e+06
2973,-497647,3.4101e+06
2974,2.3229e+06,1.41664e+06
2975,1.7458e+06,2.10532e+06
2976,2.51793e+06,1.44671e+06
2977,-2.5666e+06,-1.02478e+06
2978,1.68408e+06,2.28935e+06
2979,793144,-2.60002e+06
2980,2.69802e+06,792474
2981,464173,-3.1633e+06
2982,2.79746e+06,378797
2983,-25722.8,-2.65942e+06
2984,-497547,-2.76514e+06
2985,2.98792e+06,-1.48193e+06
2986,-668764,-2.75876e+06
2987,2.49837e+06,-671331
2988,-2.43634e+06,-1.28303e+06
2989,1.28441e+06,-2.36912e+06
2990,-2.09249e+06,-1.39143e+06
2991,-2.65389e+06,-88157.5
2992,1.25279e+06,2.47789e+06
2993,-2.44243e+06,1.22063e+06
2994,1.89733e+06,-2.07807e+06
2995,1.37158e+06,2.39036e+06
2996,-1.89611e+06,2.12267e+06
2997,-2.64368e+06,-735708
2998,2.64705e+06,245304
2999,702498,2.35925e+06
3000,1.29248e+06,2.34478e+06
3001,-1.13491e+06,2.7381e+06
3002,-2.72867e+06,408261
3003,-826624,2.88796e+06
3004,1.19823e+06,-2.33732e+06
3005,2.87634e+06,189268
3006,1.28938e+06,-2.43577e+06
3007,-1.9167e+06,1.44229e+06
3008,1.38435e+06,-2.3748e+06
3009,2.74988e+06,78664.5
3010,2.1258e+06,-1.66536e+06
3011,1.81004e+06,-1.98169e+06
3012,1.74676e+06,2.02388e+06
3013,996654,-2.5586e+06
3014,-2.42858e+06,-591484
3015,-453744,2.61447e+06
3016,1.86614e+06,1.84819e+06
3017,-582898,2.66739e+06
3018,-1.44101e+06,2.42004e+06
3019,-50961.3,2.71595e+06
3020,-2.54074e+06,1.0613e+06
3021,1.84441e+06,-1.9424e+06
3022,-2.68442e+06,-223900
3023,-2.69174e+06,327373
3024,2.6691e+06,-1.22192e+06
3025,-2.61947e+06,-539893
3026,2.2801e+06,-1.74721e+06
3027,2.47397e+06,-756288
3028,2.34805e+06,1.15432e+06
3029,2.78869e+06,453100
3030,-336506,2.60448e+06
3031,-2.16281e+06,-2.06238e+06
3032,-49246.4,2.73735e+06
3033,-2.99501e+06,60576.9
3034,-2.77566e+06,262675
3035,170932,2.66255e+06
3036,-2.47942e+06,1.88136e+06
3037,854478,2.51906e+06
3038,1.36184e+06,2.25473e+06
3039,2.38903e+06,-1.64101e+06
3040,-1.32036e+06,-2.32453e+06
3041,839581,2.61008e+06
3042,1.96134e+06,-2.1403e+06
3043,1.70662e+06,2.67401e+06
3044,2.88168e+06,-281187
3045,1.60676e+06,-1.92942e+06
3046,-1.18619e+06,1.96753e+06
3047,2.659e+06,-675044
3048,-1.30801e+06,-2.03165e+06
3049,-1.62184e+06,1.85766e+06
3050,2.22876e+06,1.6284e+06
3051,-584040,2.78429e+06
3052,-2.65841e+06,-104149
3053,-102298,2.57878e+06
3054,-594456,-2.6355e+06
3055,-2.73496e+06,-1.0597e+06
3056,-2.5344e+06,495562
3057,1.19395e+06,-2.11654e+06
3058,-1.58117e+06,-2.4956e+06
3059,-1.4485e+06,-1.93128e+06
3060,2.58177e+06,-556990
3061,1.80425e+06,-803456
3062,1.8654e+06,1.86562e+06
3063,-1.2551e+06,-2.31634e+06
3064,1.2805e+06,-2.21282e+06
3065,-154286,-2.83823e+06
3066,-98017,-2.05734e+06
3067,-2.18034e+06,1.65554e+06
3068,292857,-2.88298e+06
3069,-1.95128e+06,-1.80036e+06
3070,-2.58859e+06,-596195
3071,-965858,-2.97623e+06
3072,-2.25442e+06,962153
3073,-2.20814e+06,-1.4122e+06
3074,-176785,-2.68433e+06
3075,2.76397e+06,304842
3076,2.11649e+06,-1.53384e+06
3077,-2.20048e+06,808192
3078,1.66971e+06,-1.8425e+06
3079,-2.32408e+06,1.61065e+06
3080,-2.15951e+06,-1.48687e+06
3081,214780,-2.6932e+06
3082,-2.48295e+06,1.10947e+06
3083,2.63092e+06,-410710
3084,2.43305e+06,-689623
3085,-2.49174e+06,941179
3086,2.50716e+06,172856
3087,-1.87754e+06,1.87807e+06
3088,-435597,-2.62562e+06
3089,-2.6481e+06,-280794
3090,-2.5141e+06,-484243
3091,2.58237e+06,-545553
3092,3.14359e+06,764216
3093,941276,-2.48343e+06
3094,-2.78575e+06,60963.4
3095,1.91445e+06,-1.78194e+06
3096,-965664,2.39793e+06
3097,330852,-2.80073e+06
3098,-2.60689e+06,822826
3099,754869,2.53106e+06
3100,2.10587e+06,-1.13271e+06
3101,1.00003e+06,2.39145e+06
3102,2.45819e+06,1.00217e+06
3103,2.46732e+06,-557027
3104,-2.67336e+06,-562758
3105,2.57696e+06,-571746
3106,1.67189e+06,-1.85236e+06
3107,-2.21333e+06,-125916
3108,-1.06796e+06,2.32944e+06
3109,1.99627e+06,-1.04256e+06
3110,-287130,2.57119e+06
3111,-19193.1,-2.60498e+06
3112,2.60706e+06,508662
3113,-2.06528e+06,-1.61357e+06
3114,-313280,2.42123e+06
3115,2.76536e+06,-472384
3116,215068,2.5222e+06
3117,-1.05181e+06,2.83972e+06
3118,-393130,3.17836e+06
3119,1.94749e+06,1.77151e+06
3120,2.42472e+06,-1.11706e+06
3121,220586,-2.52365e+06
3122,-1.73001e+06,-2.13302e+06
3123,-2.39085e+06,-739026
3124,-2.22067e+06,-1.35411e+06
3125,-699888,2.68636e+06
3126,-2.4607e+06,7218.14
3127,1.25562e+06,-2.45789e+06
3128,2.34294e+06,-299332
3129,-2.29337e+06,1.49144e+06
3130,1.06481e+06,2.48869e+06
3131,-2.60118e+06,-757355
3132,671516,2.53127e+06
3133,894718,-2.33142e+06
3134,-793250,-2.88187e+06
3135,-1.99558e+06,1.65946e+06
3136,-1.19714e+06,2.14226e+06
3137,2.11975e+06,1.18342e+06
3138,-813203,2.46981e+06
3139,1.4874e+06,2.15262e+06
3140,-2.36777e+06,1.10845e+06
3141,2.26996e+06,1.22868e+06
3142,454222,-2.5613e+06
3143,311968,-2.7459e+06
3144,1.31784e+06,-2.3007e+06
3145,-1.6222e+06,-2.07058e+06
3146,-431234,2.51451e+06
3147,2.65889e+06,1.06909e+06
3148,-1.17396e+06,-2.23432e+06
3149,-1.01104e+06,-2.33329e+06
3150,2.52773e+06,1.76745e+06
3151,2.59415e+06,-609602
3152,2.24941e+06,-1.02704e+06
3153,-1.52966e+06,2.1233e+06
3154,286513,2.53428e+06
3155,-1.4826e+06,-1.51943e+06
3156,2.08489e+06,1.58093e+06
3157,-1.86014e+06,-1.77397e+06
3158,1.14985e+06,-2.34864e+06
3159,-1.01282e+06,2.01976e+06
3160,-1.30619e+06,2.34494e+06
3161,-308872,-3.15213e+06
3162,997939,-2.41608e+06
3163,-1.73228e+06,-1.80032e+06
3164,-701649,-1.90656e+06
3165,2.45657e+06,44666.4
3166,-1.38414e+06,2.20896e+06
3167,1.3893e+06,-2.13525e+06
3168,-3.30496e+06,404317
3169,-2.56208e+06,400541
3170,2.44686e+06,-411808
3171,2.3358e+06,-936418
3172,-1.4079e+06,-2.36307e+06
3173,1.40797e+06,2.7106e+06
3174,1.99609e+06,-1.61466e+06
3175,1.58178e+06,1.9705e+06
3176,-749904,-2.81706e+06
3177,-1.93066e+06,1.92407e+06
3178,742894,-2.19721e+06
3179,-2.31803e+06,-898453
3180,2.08086e+06,-2.18767e+06
3181,-1.63315e+06,1.35581e+06
3182,-2.54492e+06,1.12157e+06
3183,479572,-2.49962e+06
3184,1.60232e+06,-2.40492e+06
3185,2.1043e+06,-1.5545e+06
3186,2.13496e+06,-1.41766e+06
3187,1.10998e+06,-1.70232e+06
3188,-1.22721e+06,2.23282e+06
3189,-232804,-2.69824e+06
3190,1.28529e+06,2.65942e+06
3191,-1.51829e+06,-1.66875e+06
3192,2.44158e+06,-1.44075e+06
3193,-610878,-2.62986e+06
3194,-2.76132e+06,376885
3195,-1.60631e+06,1.69712e+06
3196,495330,2.46024e+06
3197,-2.97532e+06,390140
3198,1.85435e+06,424599
3199,-1.89295e+06,1.15124e+06
3200,1.07694e+06,2.4016e+06
3201,1.48359e+06,1.97391e+06
3202,-1.81562e+06,1.67025e+06
3203,3.02945e+06,170976
3204,2.53376e+06,-187038
3205,2.02619e+06,1.31614e+06
3206,2.20526e+06,1.14014e+06
3207,-2.45012e+06,744312
3208,-2.36089e+06,-1.46016e+06
3209,-1.78099e+06,-423625
3210,1.44475e+06,2.01284e+06
3211,2.65156e+06,-244652
3212,1.13478e+06,2.16166e+06
3213,2.02347e+06,-584709
3214,1.6872e+06,-1.92447e+06
3215,-898615,2.47342e+06
3216,2.55508e+06,1.15387e+06
3217,461285,-2.0889e+06
3218,-2.50959e+06,-221001
3219,-2.23314e+06,1.16314e+06
3220,1.88851e+06,1.7348e+06
3221,554530,2.34727e+06
3222,693523,-2.70118e+06
3223,1.8804e+06,-1.63203e+06
3224,2.58452e+06,-1.27331e+06
3225,-27449.6,2.54082e+06
3226,-3.0509e+06,-518976
3227,-1.95312e+06,1.508e+06
3228,-991299,2.21465e+06
3229,-925080,2.35818e+06
3230,1.74394e+06,-1.81888e+06
3231,2.46294e+06,-526872
3232,171665,2.39165e+06
3233,-1.95118e+06,-2.35532e+06
3234,-83382.4,2.55145e+06
3235,2.56041e+06,-717665
3236,-1.04081e+06,2.11436e+06
3237,1.17329e+06,2.24564e+06
3238,365256,2.45941e+06
3239,-1.46503e+06,2.12564e+06
3240,1.036e+06,2.16891e+06
3241,-2.82811e+06,-770021
3242,-2.46481e+06,-650148
3243,1.9688e+06,1.12802e+06
3244,473623,-2.46958e+06
3245,1.77722e+06,-1.60004e+06
3246,-2.66851e+06,644802
3247,2.54659e+06,-311449
3248,-1.28714e+06,-2.11517e+06
3249,2.00919e+06,1.46831e+06
3250,-1.64632e+06,-1.8837e+06
3251,810680,2.37699e+06
3252,-915351,2.24952e+06
3253,-2.38693e+06,713655
3254,-942246,-2.36299e+06
3255,1.66505e+06,1.71887e+06
3256,-1.71453e+06,-1.73112e+06
3257,1.12267e+06,-2.25201e+06
3258,1.95595e+06,-1.5619e+06
3259,-2.77612e+06,1.00404e+06
3260,1.35935e+06,2.10667e+06
3261,-1.8274e+06,-1.44333e+06
3262,-2.42042e+06,-618391
3263,2.29135e+06,-932708
3264,2.09021e+06,-1.49627e+06
3265,-2.51559e+06,362472
3266,1.99519e+06,1.36526e+06
3267,-972399,-2.3266e+06
3268,1.77221e+06,1.07109e+06
3269,-1.22618e+06,-2.39124e+06
3270,-563647,2.61518e+06
3271,-1.48608e+06,-2.12469e+06
3272,1.43038e+06,2.22604e+06
3273,478115,2.39624e+06
3274,1.36226e+06,1.51264e+06
3275,2.48497e+06,398512
3276,-1.51714e+06,-101936
3277,-325763,-2.64342e+06
3278,2.57736e+06,-982914
3279,-2.25449e+06,1.2312e+06
3280,-367552,-2.52171e+06
3281,2.06343e+06,1.38728e+06
3282,676807,-2.41963e+06
3283,-933960,-2.45367e+06
3284,2.15532e+06,25714
3285,-40230.2,2.57967e+06
3286,2.20804e+06,-1.64588e+06
3287,-356324,2.2247e+06
3288,-1.48808e+06,1.97043e+06
3289,368897,2.62292e+06
3290,-2.46162e+06,443260
3291,2.62673e+06,184949
3292,2.70069e+06,-135178
3293,-963002,-2.09349e+06
3294,387999,-2.48454e+06
3295,1.24147e+06,1.73962e+06
3296,-1.03907e+06,-2.22297e+06
3297,-2.28142e+06,912486
3298,-1.95282e+06,1.81532e+06
3299,750396,2.20999e+06
3300,-2.08117e+06,1.78961e+06
3301,2.08565e+06,1.68285e+06
3302,2.45516e+06,-532743
3303,-1.64619e+06,-1.7924e+06
3304,2.38894e+06,-677138
3305,-2.25213e+06,1.09118e+06
3306,2.20479e+06,1.33352e+06
3307,-778076,2.44944e+06
3308,1.68821e+06,1.79416e+06
3309,618837,2.01028e+06
3310,1.92137e+06,1.57415e+06
3311,1.2772e+06,-2.12988e+06
3312,756496,-2.12184e+06
3313,163640,-2.47668e+06
3314,-2.7373e+06,1.23474e+06
3315,-664579,2.43515e+06
3316,-1.89309e+06,-725186
3317,2.79534e+06,-391190
3318,-2.51487e+06,-966497
3319,-774769,-2.4118e+06
3320,-1.81217e+06,899788
3321,2.42442e+06,-107040
3322,2.08027e+06,148353
3323,37770.3,-2.68524e+06
3324,-2.28142e+06,-891692
3325,-1.31348e+06,2.20255e+06
3326,-3.00518e+06,152962
3327,-2.22539e+06,-1.34226e+06
3328,-2.21647e+06,-527622
3329,2.4668e+06,576271
3330,2.46097e+06,-215108
3331,37088.1,-2.46982e+06
3332,871533,-2.29871e+06
3333,2.0505e+06,-1.37711e+06
3334,-963938,2.44903e+06
3335,1.15792e+06,-2.14022e+06
3336,-1.87214e+06,1.55159e+06
3337,-1.85163e+06,-1.33278e+06
3338,2.17372e+06,-1.25733e+06
3339,1.98297e+06,-2.77114e+06
3340,-21856,2.53373e+06
3341,589295,2.33039e+06
3342,-179616,-2.41264e+06
3343,1.49844e+06,2.30842e+06
3344,-2.38138e+06,-373860
3345,113064,2.46109e+06
3346,705631,2.27322e+06
3347,-2.28262e+06,-531399
3348,-1.89507e+06,-1.60541e+06
3349,2.44846e+06,-608427
3350,1.76857e+06,-1.69526e+06
3351,2.94687e+06,-220163
3352,-783841,2.23044e+06
3353,-1.17276e+06,-2.22148e+06
3354,-2.42013e+06,1.3936e+06
3355,2.4357e+06,313249
3356,2.47653e+06,1.32391e+06
3357,-822776,2.22185e+06
3358,1.91663e+06,1.16758e+06
3359,1.67302e+06,75397.1
3360,-2.21072e+06,328400
3361,-2.4336e+06,851779
3362,945715,-2.21102e+06
3363,-884043,2.39018e+06
3364,-2.1212e+06,898713
3365,-911340,-1.88523e+06
3366,784142,-2.35648e+06
3367,-289634,2.41128e+06
3368,-1.36263e+06,1.64512e+06
3369,-1.13569e+06,2.06935e+06
3370,-1.49765e+06,-1.85818e+06
3371,2.23126e+06,972058
3372,-25045.1,-2.39733e+06
3373,-877276,2.87313e+06
3374,-2.43995e+06,293956
3375,2.31669e+06,721719
3376,-986885,2.48483e+06
3377,1.87159e+06,-1.57856e+06
3378,-1.85291e+06,1.7868e+06
3379,-1.28412e+06,1.97376e+06
3380,2.2134e+06,-1.17115e+06
3381,-2.60832e+06,-66451.6
3382,-2.16631e+06,950433
3383,-2.35705e+06,-509243
3384,-2.29893e+06,678368
3385,1.65994e+06,-1.51079e+06
3386,-1.56606e+06,-1.94648e+06
3387,-2.20529e+06,-923962
3388,-759325,-2.25636e+06
3389,1.68011e+06,2.04178e+06
3390,1.2441e+06,1.64168e+06
3391,-2.14997e+06,658406
3392,2.16726e+06,-1.11479e+06
3393,2.7355e+06,-976906
3394,1.79955e+06,1.56114e+06
3395,1.76849e+06,-1.96701e+06
3396,-1.27274e+06,-2.02045e+06
3397,2.0392e+06,1.06277e+06
3398,-2.36471e+06,-182198
3399,849707,1.85522e+06
3400,-2.30776e+06,131175
3401,-1.42605e+06,-1.95598e+06
3402,2.63359e+06,-285814
3403,-840381,2.3122e+06
3404,2.18388e+06,-1.45839e+06
3405,2.12753e+06,1.35312e+06
3406,-1.69442e+06,-1.52085e+06
3407,-2.02275e+06,1.52139e+06
3408,-2.2981e+06,609716
3409,1.65882e+06,1.95575e+06
3410,-1.81838e+06,1.38074e+06
3411,147194,-2.53566e+06
3412,154002,-2.65758e+06
3413,662959,2.25408e+06
3414,-2.6751e+06,420748
3415,2.89341e+06,-1.56778e+06
3416,-1.7967e+06,-1.53624e+06
3417,-2.015e+06,990910
3418,-2.42997e+06,453001
3419,473831,-2.32414e+06
3420,1.5397e+06,1.79943e+06
3421,-1.04093e+06,2.16656e+06
3422,-2.2535e+06,-956309
3423,-2.47027e+06,886826
3424,-922045,-2.05151e+06
3425,-1.01341e+06,2.16518e+06
3426,2.35953e+06,729744
3427,-744618,2.1757e+06
3428,1.49038e+06,2.23751e+06
3429,-902494,-2.03834e+06
3430,-1.86618e+06,-1.00761e+06
3431,2.41664e+06,207249
3432,-2.20709e+06,-863898
3433,-1.03118e+06,1.7779e+06
3434,1.95739e+06,-1.49614e+06
3435,1.22207e+06,-2.09634e+06
3436,-177772,1.95727e+06
3437,-1.96149e+06,1.25263e+06
3438,943223,2.23788e+06
3439,2.74795e+06,111423
3440,-2.49533e+06,-828130
3441,-110548,2.39793e+06
3442,2.23681e+06,763630
3443,-2.23916e+06,954486
3444,-797645,2.67272e+06
3445,1.09295e+06,-2.00347e+06
3446,-1.25988e+06,1.74568e+06
3447,-1.10918e+06,1.93464e+06
3448,975478,-2.11322e+06
3449,1.9194e+06,1.39297e+06
3450,-2.25697e+06,-69647.9
3451,2.09715e+06,1.11955e+06
3452,-2.12131e+06,1.15742e+06
3453,-2.38509e+06,-590413
3454,379631,-2.35616e+06
3455,2.31866e+06,1.2781e+06
3456,1.53063e+06,-1.94143e+06
3457,2.63888e+06,329521
3458,-68407.4,-2.824e+06
3459,2.33255e+06,-788314
3460,2.21129e+06,-174740
3461,653144,-2.28298e+06
3462,1.9488e+06,-1.23952e+06
3463,2.83275e+06,880403
3464,-937922,-2.71754e+06
3465,-1.77412e+06,1.61765e+06
3466,-69438.5,2.21203e+06
3467,-2.04598e+06,-185551
3468,251283,2.30351e+06
3469,2.18916e+06,945624
3470,-2.42859e+06,408496
3471,-615066,-2.31174e+06
3472,284545,2.32858e+06
3473,2.15274e+06,480946
3474,2.27146e+06,-139024
3475,-2.15645e+06,-564209
3476,633419,2.19069e+06
3477,-2.09128e+06,951281
3478,1.68491e+06,-1.4397e+06
3479,-1.4741e+06,1.78528e+06
3480,1.78756e+06,1.69904e+06
3481,1.07178e+06,-2.2435e+06
3482,1.24191e+06,-1.70026e+06
3483,-1.19704e+06,1.97138e+06
3484,1.46388e+06,-1.20032e+06
3485,-1.91061e+06,1.07622e+06
3486,-2.3725e+06,882172
3487,2.37712e+06,-327560
3488,773886,-2.29947e+06
3489,-2.06256e+06,-956520
3490,2.29107e+06,115549
3491,2.28803e+06,330633
3492,-2.2013e+06,985765
3493,-1.2412e+06,-2.06225e+06
3494,3.34425e+06,684620
3495,809135,-2.17104e+06
3496,-1.91256e+06,-1.76646e+06
3497,-2.11791e+06,1.4653e+06
3498,470236,2.22658e+06
3499,-2.24311e+06,-742125
3500,-100507,2.449e+06
3501,-2.31288e+06,598760
3502,-434318,-2.18739e+06
3503,-649632,2.25341e+06
3504,2.34539e+06,137804
3505,1.24666e+06,1.82219e+06
3506,-1.56263e+06,-1.6279e+06
3507,-573657,2.27574e+06
3508,-1.03218e+06,2.75016e+06
3509,828264,-2.22801e+06
3510,-285270,-2.29267e+06
3511,548919,-2.30154e+06
3512,-1.75327e+06,-1.64738e+06
3513,455011,2.57166e+06
3514,128267,2.3351e+06
3515,-329558,-2.35109e+06
3516,-2.35836e+06,104380
3517,636788,2.08067e+06
3518,-854023,-1.70004e+06
3519,2.28086e+06,383274
3520,1.73967e+06,1.46347e+06
3521,-1.39989e+06,-1.13522e+06
3522,-1.94628e+06,-952955
3523,-2.44443e+06,-42514.5
3524,-2.34644e+06,271846
3525,1.11818e+06,2.02139e+06
3526,-1.67855e+06,-1.16524e+06
3527,-92830,-2.36511e+06
3528,1.67861e+06,1.73342e+06
3529,2.26528e+06,-458618
3530,-1.37856e+06,-1.24395e+06
3531,-1.06034e+06,2.16334e+06
3532,416859,-2.32322e+06
3533,2.9022e+06,-489697
3534,-894911,2.25776e+06
3535,-2.16363e+06,1.09809e+06
3536,2.08873e+06,-1.1707e+06
3537,406138,1.61464e+06
3538,2.07343e+06,1.53719e+06
3539,868714,2.15325e+06
3540,-202705,-2.2945e+06
3541,-903252,-2.15688e+06
3542,1.769e+06,-1.51023e+06
3543,843865,2.30099e+06
3544,1.52571e+06,-1.89166e+06
3545,1.51105e+06,1.80352e+06
3546,1.73506e+06,1.87687e+06
3547,-2.47782e+06,729279
3548,721302,2.10493e+06
3549,-2.13628e+06,1.0643e+06
3550,1.0422e+06,2.07164e+06
3551,1.33697e+06,2.0587e+06
3552,1.14531e+06,-2.16772e+06
3553,792739,2.46573e+06
3554,175720,1.92886e+06
3555,-2.15807e+06,2.42201e+06
3556,-2.16938e+06,960280
3557,300149,2.25721e+06
3558,-1.23921e+06,2.06533e+06
3559,-141730,-2.21749e+06
3560,2.07961e+06,1.17988e+06
3561,-2.36008e+06,-522522
3562,3.28344e+06,1.01288e+06
3563,-2.4218e+06,-578981
3564,-2.26985e+06,732900
3565,1.98258e+06,-1.244e+06
3566,1.59755e+06,1.61086e+06
3567,2.04529e+06,1.22567e+06
3568,-456284,2.18593e+06
3569,127161,2.37235e+06
3570,120441,-2.26864e+06
3571,-786261,-2.25194e+06
3572,1.58788e+06,-1.55537e+06
3573,-1.65638e+06,1.62077e+06
3574,943851,-1.73355e+06
3575,-1.98909e+06,-2.22769e+06
3576,-1.42145e+06,-2.10629e+06
3577,-2.02391e+06,1.16655e+06
3578,-1.32279e+06,-1.95204e+06
3579,-180194,2.17678e+06
3580,-1.60299e+06,1.96114e+06
3581,1.44941e+06,1.79304e+06
3582,-1.46682e+06,1.69952e+06
3583,-1.68471e+06,-2.07187e+06
3584,889737,2.10423e+06
3585,-1.48476e+06,1.67426e+06
3586,-1.83394e+06,-1.15933e+06
3587,474971,2.33437e+06
3588,547539,2.10985e+06
3589,145548,2.32133e+06
3590,2.31204e+06,210995
3591,-1.68682e+06,-923979
3592,3333.87,2.28309e+06
3593,2.06017e+06,920698
3594,-2.11928e+06,-801974
3595,2.46881e+06,2.06795e+06
3596,450732,-2.20947e+06
3597,1.52191e+06,1.78816e+06
3598,1.10977e+06,-2.44083e+06
3599,2.18843e+06,-802387
3600,-1.7181e+06,-1.46777e+06
3601,2.03928e+06,1.68137e+06
3602,193097,2.88907e+06
3603,-2412.24,-2.28237e+06
3604,4544.08,-2.10247e+06
3605,-1.7596e+06,-587051
3606,-1.3647e+06,1.77008e+06
3607,2.08184e+06,-293556
3608,1.9968e+06,1.20362e+06
3609,-1.45431e+06,-1.8096e+06
3610,-191589,-2.26019e+06
3611,1.29632e+06,1.85489e+06
3612,-520675,2.25333e+06
3613,2.28969e+06,-515996
3614,1.90495e+06,-1.04797e+06
3615,-2.28901e+06,-1.52784e+06
3616,1.32695e+06,-2.03075e+06
3617,2.43572e+06,538821
3618,-2.00096e+06,-496096
3619,1.81206e+06,1.43474e+06
3620,1.77004e+06,-1.19012e+06
3621,-1.9531e+06,-1.51288e+06
3622,-1.49337e+06,1.32083e+06
3623,-1.77471e+06,1.43205e+06
3624,-1.0714e+06,2.3045e+06
3625,-1.89768e+06,-1.28329e+06
3626,-1.97395e+06,-636015
3627,-1.68109e+06,2.04379e+06
3628,-197861,2.23158e+06
3629,693015,2.11135e+06
3630,1.7555e+06,191414
3631,-287070,1.95889e+06
3632,1.06547e+06,1.91836e+06
3633,-2.08944e+06,1.56219e+06
3634,493301,2.24957e+06
3635,1.84489e+06,1.4433e+06
3636,-844221,-2.12304e+06
3637,-2.24497e+06,-58247.1
3638,1.19363e+06,2.05595e+06
3639,1.71564e+06,1.33334e+06
3640,-1.99011e+06,1.23583e+06
3641,1.70152e+06,996827
3642,-2.20233e+06,-1.15848e+06
3643,-728727,2.30204e+06
3644,-962849,2.01207e+06
3645,2.31712e+06,-90189.8
3646,2.26077e+06,399543
3647,-1.34865e+06,1.86401e+06
3648,-2.04162e+06,-1.81066e+06
3649,-1.68173e+06,2.14189e+06
3650,-2.1369e+06,170050
3651,-2.13724e+06,785686
3652,-916621,-2.05616e+06
3653,-1.71664e+06,-1.38659e+06
3654,587518,2.15951e+06
3655,-266936,-2.23451e+06
3656,-1.97476e+06,-1.20051e+06
3657,-2.27371e+06,522160
3658,-1.51534e+06,1.71809e+06
3659,-2.09942e+06,941948
3660,-348396,-1.67952e+06
3661,1.6044e+06,1.42331e+06
3662,-879633,2.04713e+06
3663,753073,2.19689e+06
3664,-364028,2.02537e+06
3665,-1.17495e+06,2.24476e+06
3666,2.26956e+06,94509.9
3667,2.12407e+06,-407408
3668,242954,1.83681e+06
3669,-2.14945e+06,-589527
3670,-1.95632e+06,1.31786e+06
3671,-1.69396e+06,-1.42558e+06
3672,2.26968e+06,473920
3673,-1.0226e+06,-1.9601e+06
3674,-289262,2.23609e+06
3675,-880188,2.11436e+06
3676,161853,-2.43859e+06
3677,145655,2.25245e+06
3678,-2.06435e+06,286238
3679,2.65299e+06,232349
3680,-1.20162e+06,-1.86705e+06
3681,1.3483e+06,1.88515e+06
3682,2.26174e+06,8353.12
3683,-1.3071e+06,1.75531e+06
3684,-2.08357e+06,-807328
3685,-1.30894e+06,1.53249e+06
3686,-2.15818e+06,-557213
3687,1.77986e+06,2.21731e+06
3688,512440,691554
3689,1.88157e+06,1.20909e+06
3690,-2.36206e+06,-528067
3691,1.87375e+06,1.39296e+06
3692,5776.85,2.23251e+06
3693,-1.0073e+06,1.626e+06
3694,-767665,-2.35367e+06
3695,350290,2.25687e+06
3696,2.09252e+06,583170
3697,-2.30988e+06,-450435
3698,-1.30472e+06,-1.64737e+06
3699,-247451,2.21342e+06
3700,72734.6,2.24634e+06
3701,-1.40515e+06,-909262
3702,-1.04611e+06,2.12188e+06
3703,1.05504e+06,-1.88805e+06
3704,772654,2.01427e+06
3705,-189944,-2.24242e+06
3706,1.32851e+06,-2.14272e+06
3707,-2.16905e+06,-428881
3708,-2.25319e+06,-325826
3709,-1.79186e+06,-477184
3710,-2.63481e+06,-128026
3711,-502251,2.24894e+06
3712,1.63911e+06,642073
3713,-2.40321e+06,-1.05377e+06
3714,-2.22443e+06,-740329
3715,1.36608e+06,-1.52275e+06
3716,227123,-2.22776e+06
3717,-2.09994e+06,579844
3718,-854305,2.0281e+06
3719,-1.90556e+06,-1.5343e+06
3720,1.87686e+06,-1.03262e+06
3721,2.15385e+06,575756
3722,676668,-2.09988e+06
3723,-1.17717e+06,1.80423e+06
3724,-1.03255e+06,2.1466e+06
3725,-1.92986e+06,1.14444e+06
3726,419917,-2.72131e+06
3727,-2.22224e+06,-1.19624e+06
3728,1.84936e+06,-1.03716e+06
3729,-60326.6,-2.06814e+06
3730,971397,1.61727e+06
3731,2.2541e+06,-1.10843e+06
3732,-2.47505e+06,-300920
3733,2.32751e+06,1.2776e+06
3734,2.12863e+06,-907673
3735,849174,2.04835e+06
3736,432147,-2.31748e+06
3737,-285413,-2.25124e+06
3738,1.00636e+06,1.26433e+06
3739,2.41174e+06,301267
3740,-1.68749e+06,-1.45659e+06
3741,-259524,-2.22852e+06
3742,912522,-2.0664e+06
3743,2.00393e+06,790724
3744,2.51447e+06,1.44059e+06
3745,901515,-2.00741e+06
3746,-815934,-692310
3747,1.51101e+06,1.18156e+06
3748,1.00419e+06,-1.88066e+06
3749,243245,2.13239e+06
3750,-2.16301e+06,-501076
3751,1.46267e+06,1.89154e+06
3752,519352,2.18282e+06
3753,-1.49962e+06,-1.5806e+06
3754,-1.79049e+06,1.36657e+06
3755,-2.01221e+06,-1.02728e+06
3756,1.99199e+06,-997200
3757,-195825,-2.40416e+06
3758,2.24211e+06,37120.3
3759,1.58015e+06,1.60794e+06
3760,2.06179e+06,230747
3761,-743865,-2.34829e+06
3762,1.86586e+06,938887
3763,-664471,-2.07794e+06
3764,1.91485e+06,1.09567e+06
3765,1.0356e+06,-1.96564e+06
3766,-1.8373e+06,359158
3767,-1.51669e+06,1.66442e+06
3768,2.04081e+06,-663314
3769,-1.93516e+06,-1.29305e+06
3770,752082,-2.05972e+06
3771,1.98901e+06,321720
3772,-2.59543e+06,759114
3773,-630164,1.96001e+06
3774,-923759,-1.91359e+06
3775,-1.72164e+06,-1.393e+06
3776,1.38949e+06,1.73085e+06
3777,-724156,1.71578e+06
3778,-1.88957e+06,1.16442e+06
3779,1.87235e+06,-943876
3780,1.39351e+06,2.47214e+06
3781,-1.91247e+06,1.07817e+06
3782,-1.86007e+06,1.05199e+06
3783,1.97007e+06,-568691
3784,363052,2.26026e+06
3785,-1.11819e+06,-2.41562e+06
3786,-2.64681e+06,81072.6
3787,1.51656e+06,-417686
3788,-1.16627e+06,-454355
3789,-2.05962e+06,-296502
3790,-2.01048e+06,202180
3791,-146717,2.39765e+06
3792,282954,-2.14362e+06
3793,1.83228e+06,1.87542e+06
3794,198003,1.9835e+06
3795,-37754.4,-2.27416e+06
3796,2.032e+06,-991012
3797,724093,1.90405e+06
3798,-1.95889e+06,-1.07973e+06
3799,2.25717e+06,-94823.2
3800,2.5341e+06,-406633
3801,-738516,2.01289e+06
3802,1.64654e+06,427254
3803,-1.95133e+06,-1.19163e+06
3804,-1.39898e+06,-1.64589e+06
3805,-100615,2.18584e+06
3806,-1.39138e+06,1.62056e+06
3807,-2.11626e+06,193814
3808,-1.61379e+06,1.51972e+06
3809,2.15077e+06,-451465
3810,633244,-1.99628e+06
3811,1.98518e+06,-561410
3812,816476,-2.01041e+06
3813,735854,-1.89477e+06
3814,979.969,-2.14881e+06
3815,1.80502e+06,-1.32599e+06
3816,1.71987e+06,1.38506e+06
3817,-1.38089e+06,1.44088e+06
3818,1.46256e+06,1.56808e+06
3819,1.29989e+06,-1.87544e+06
3820,-369910,-2.1114e+06
3821,2.49428e+06,-99191.7
3822,-1.64786e+06,1.19584e+06
3823,-1.127e+06,1.89268e+06
3824,456616,2.09872e+06
3825,-3647.84,-2.28131e+06
3826,79824.1,2.22051e+06
3827,1.62447e+06,1.53425e+06
3828,1.70988e+06,-1.75528e+06
3829,2.07698e+06,476068
3830,2.42553e+06,-1.3258e+06
3831,887896,-1.95024e+06
3832,-1.35126e+06,1.63302e+06
3833,-175938,2.17004e+06
3834,1.58577e+06,-1.44222e+06
3835,-339067,2.06793e+06
3836,2.254e+06,780908
3837,-2.15391e+06,284157
3838,1.56642e+06,1.5058e+06
3839,517134,2.08795e+06
3840,-1.99675e+06,688194
3841,1.82394e+06,1.26496e+06
3842,1.3399e+06,-1.65394e+06
3843,288183,2.70089e+06
3844,-2.08457e+06,-802394
3845,1.88983e+06,-526165
3846,-1.98361e+06,270562
3847,1.02803e+06,-1.82287e+06
3848,-423730,2.09436e+06
3849,1.09037e+06,2.29617e+06
3850,-1.86468e+06,-1.41363e+06
3851,-1.90561e+06,-1.22352e+06
3852,789137,2.55263e+06
3853,192508,2.25319e+06
3854,-2.06867e+06,-1.3781e+06
3855,-1.30909e+06,1.73794e+06
3856,1.56041e+06,1.8407e+06
3857,-1.98673e+06,914632
3858,-1.6173e+06,1.41005e+06
3859,1.66963e+06,-1.73493e+06
3860,1.72325e+06,1.10315e+06
3861,1.33709e+06,-1.61998e+06
3862,1.66995e+06,1.28222e+06
3863,-2.11658e+06,527823
3864,-239631,2.17933e+06
3865,156753,2.22109e+06
3866,1.81435e+06,1.3399e+06
3867,-2.1412e+06,509472
3868,-467727,2.10801e+06
3869,1.89862e+06,-1.03199e+06
3870,1.92186e+06,68546.9
3871,-1.08943e+06,1.68494e+06
3872,1.72683e+06,1.15166e+06
3873,351167,2.08943e+06
3874,-1.2387e+06,-1.15176e+06
3875,-787956,2.37621e+06
3876,-886912,-1.91986e+06
3877,925290,1.72138e+06
3878,1.52623e+06,-1.37579e+06
3879,-1.59598e+06,-2.51491e+06
3880,-1.85819e+06,1.14508e+06
3881,918792,1.95372e+06
3882,357762,-1.77295e+06
3883,2.01035e+06,-360699
3884,-2.02382e+06,-923914
3885,2.56067e+06,-225441
3886,-1.9007e+06,533275
3887,565531,2.03055e+06
3888,2.06577e+06,734663
3889,-2.10643e+06,482205
3890,-851038,1.98859e+06
3891,2.00538e+06,-232226
3892,-651057,-1.96423e+06
3893,-749267,-1.50307e+06
3894,-1.90328e+06,764088
3895,1.92428e+06,-716755
3896,-2.00014e+06,-782554
3897,-1.73064e+06,-1.31395e+06
3898,1.82528e+06,1.08737e+06
3899,-135933,2.2092e+06
3900,1.04317e+06,-1.92114e+06
3901,-1.32995e+06,1.62889e+06
3902,2.04048e+06,-483436
3903,-709153,-1.8769e+06
3904,-2.35588e+06,-167577
3905,-2.3039e+06,1.31139e+06
3906,-1.86662e+06,-719920
3907,-1.71499e+06,1.31374e+06
3908,-433532,2.13181e+06
3909,1.70962e+06,1.26324e+06
3910,-555285,-2.19654e+06
3911,1.3288e+06,-1.58878e+06
3912,1.76548e+06,1.28424e+06
3913,-613381,2.04546e+06
3914,1.18908e+06,-2.28745e+06
3915,1.17216e+06,-1.74574e+06
3916,2.04019e+06,315318
3917,854369,-2.11865e+06
3918,-738944,1.98316e+06
3919,1.74556e+06,1.05406e+06
3920,844009,2.01205e+06
3921,-1.95503e+06,-1.96463e+06
3922,289611,1.63179e+06
3923,188287,-2.03964e+06
3924,-1.46082e+06,-1.43778e+06
3925,1.15236e+06,-1.81728e+06
3926,-665135,-1.32926e+06
3927,-2.294e+06,-727207
3928,2.10879e+06,550067
3929,-2.44601e+06,-1.63109e+06
3930,544844,1.98831e+06
3931,1.43256e+06,-1.3613e+06
3932,-409688,-1.97927e+06
3933,-467227,-1.69505e+06
3934,2.18525e+06,-328190
3935,-273544,-1.05826e+06
3936,-1.16904e+06,-1.73276e+06
3937,549366,1.90548e+06
3938,-1.0282e+06,-1.37358e+06
3939,1.9647e+06,-502380
3940,-1.73074e+06,-1.36563e+06
3941,961530,-1.98316e+06
3942,-983726,1.61964e+06
3943,-371908,1.78978e+06
3944,-1.67903e+06,-362316
3945,995068,1.3439e+06
3946,2.15887e+06,-1.14079e+06
3947,1.16858e+06,-1.90603e+06
3948,680218,1.49949e+06
3949,-58386.1,-2.0518e+06
3950,1.20214e+06,-1.71007e+06
3951,571479,-1.99242e+06
3952,1.86295e+06,1.97331e+06
3953,323605,-2.06483e+06
3954,-438206,1.75445e+06
3955,1.25402e+06,-1.69363e+06
3956,2.11165e+06,1.32149e+06
3957,-967643,1.91674e+06
3958,1.29722e+06,-1.34847e+06
3959,2.01199e+06,-49830.4
3960,1.72938e+06,-1.2987e+06
3961,-2.03093e+06,-252989
3962,980522,1.76712e+06
3963,1.28314e+06,-1.60028e+06
3964,785118,-2.06093e+06
3965,153806,2.22797e+06
3966,1.08756e+06,-1.80667e+06
3967,-2.32583e+06,-181382
3968,1.75453e+06,1.78628e+06
3969,-1.05998e+06,1.96141e+06
3970,392176,2.04784e+06
3971,2.09704e+06,-21608.5
3972,-1.85751e+06,807527
3973,1.323e+06,-1.57173e+06
3974,862379,-1.69708e+06
3975,1.78974e+06,1.02057e+06
3976,-2.36057e+06,424556
3977,-2.03072e+06,-375184
3978,1.50746e+06,1.9773e+06
3979,-1.23079e+06,-1.59407e+06
3980,-1.8001e+06,809610
3981,1.98826e+06,-528626
3982,-1.29684e+06,1.58279e+06
3983,738596,1.89088e+06
3984,-1.32094e+06,-961633
3985,2.00238e+06,-311312
3986,-2.03867e+06,156358
3987,1.10146e+06,-1.79376e+06
3988,-782617,1.9338e+06
3989,-9523.25,-2.08916e+06
3990,-816408,-1.86885e+06
3991,-338292,2.14177e+06
3992,-527246,2.21707e+06
3993,-1.6838e+06,-1.29758e+06
3994,-522106,1.57253e+06
3995,-1.82809e+06,1.58224e+06
3996,-1.26789e+06,2.1011e+06
3997,-1.27158e+06,-1.5556e+06
3998,1.33829e+06,301264
3999,-545493,-2.13739e+06
4000,846174,1.88575e+06
4001,1.62317e+06,1.58408e+06
4002,-1.501e+06,-250663
4003,-2.0838e+06,448343
4004,2.09355e+06,662992
4005,-1.93821e+06,-937368
4006,527776,-2.01346e+06
4007,135660,-2.05425e+06
4008,-1.92038e+06,155207
4009,-771287,-1.15216e+06
4010,1.2767e+06,-1.48674e+06
4011,-223744,-2.12146e+06
4012,887860,-1.95596e+06
4013,-2.03794e+06,-845238
4014,-1.73406e+06,1.09654e+06
4015,1.33447e+06,-422446
4016,-1.16606e+06,1.66499e+06
4017,-1.68579e+06,-1.22137e+06
4018,-1.65378e+06,-1.00494e+06
4019,-2.07183e+06,-91022.5
4020,-1.18222e+06,2.12071e+06
4021,1.63088e+06,-340314
4022,2.80304e+06,701748
4023,1.80099e+06,-977405
4024,131686,-1.85263e+06
4025,2.00611e+06,-680993
4026,1.19592e+06,1.67822e+06
4027,1.13176e+06,2.09754e+06
4028,-1.73592e+06,922513
4029,1.42293e+06,630347
4030,-2.47948e+06,590064
4031,-1.78854e+06,-1.36607e+06
4032,1.79856e+06,902503
4033,-1.62762e+06,1.27785e+06
4034,-572865,-2.57824e+06
4035,328837,-2.02887e+06
4036,1.51785e+06,937298
4037,2.08012e+06,471507
4038,1.93159e+06,-1.35713e+06
4039,-1.75427e+06,525016
4040,113268,1.73386e+06
4041,1.91867e+06,-491111
4042,-2.08785e+06,562933
4043,-2.2225e+06,-1.54813e+06
4044,908564,2.12016e+06
4045,-1.36412e+06,-1.38825e+06
4046,770047,1.94271e+06
4047,-1.23836e+06,-1.63698e+06
4048,-2.01296e+06,-303096
4049,1.42273e+06,35631.6
4050,1.04758e+06,-2.24765e+06
4051,1.81063e+06,-919218
4052,1.03876e+06,-1.89464e+06
4053,-1.34979e+06,1.57417e+06
4054,-992229,1.62477e+06
4055,-1.05374e+06,-2.3692e+06
4056,957874,1.80813e+06
4057,-737510,-2.16675e+06
4058,2.00016e+06,334454
4059,-2.23124e+06,-808457
4060,1.72223e+06,1.09331e+06
4061,1.00309e+06,-2.03307e+06
4062,-1.9009e+06,761513
4063,1.92103e+06,648113
4064,1.49125e+06,1.25885e+06
4065,-1.54577e+06,1.26735e+06
4066,-842687,-1.82687e+06
4067,853428,-1.78715e+06
4068,1.51132e+06,917937
4069,-861656,-1.90642e+06
4070,1.33885e+06,-1.51987e+06
4071,-589404,2.0033e+06
4072,-1.90253e+06,-1.67415e+06
4073,-1.77446e+06,1.02864e+06
4074,288976,1.94797e+06
4075,1.216e+06,1.67655e+06
4076,-1.69985e+06,738608
4077,-676942,-1.6658e+06
4078,1.98685e+06,345638
4079,2.05416e+06,-9975.89
4080,928178,1.75725e+06
4081,-1.84486e+06,900840
4082,2.24438e+06,-644576
4083,-1.98848e+06,81490.9
4084,-1.04913e+06,1.59342e+06
4085,-2.4035e+06,1.06375e+06
4086,335365,2.03859e+06
4087,1.15383e+06,-1.53086e+06
4088,1.70711e+06,-1.65387e+06
4089,602922,-1.96911e+06
4090,45002.3,2.03382e+06
4091,554626,1.91973e+06
4092,-690099,1.39211e+06
4093,-1.48452e+06,1.33835e+06
4094,1.30205e+06,1.53082e+06
4095,847689,1.82301e+06
4096,784422,1.87639e+06
4097,-157951,2.00787e+06
4098,-1.70448e+06,1.09665e+06
4099,350681,-1.6013e+06
4100,-443929,2.00486e+06
4101,171216,2.0082e+06
4102,-169371,1.96793e+06
4103,-1.7544e+06,-555740
4104,1.98703e+06,-521943
4105,446007,1.86468e+06
4106,2.0267e+06,644949
4107,-932375,-2.01083e+06
4108,1.88359e+06,799179
4109,-675386,-1.67162e+06
4110,-1.05632e+06,-1.68166e+06
4111,-633789,-1.82021e+06
4112,-1.3001e+06,-1.48316e+06
4113,-267682,1.998e+06
4114,1.93138e+06,413430
4115,2.14532e+06,-163701
4116,51455.4,-2.26699e+06
4117,-1.29607e+06,-1.30643e+06
4118,-1.07674e+06,1.61289e+06
4119,1.97758e+06,1.20651e+06
4120,-29721.2,1.86889e+06
4121,-86799.9,2.00976e+06
4122,1.31969e+06,-1.61289e+06
4123,-78005.1,2.01573e+06
4124,486145,1.76203e+06
4125,-1.67176e+06,-816661
4126,-2.05212e+06,462073
4127,1.01024e+06,1.78816e+06
4128,1.87584e+06,-406262
4129,-715920,-1.58763e+06
4130,1.90993e+06,713345
4131,747503,1.91174e+06
4132,292688,-1.99445e+06
4133,-787270,-1.78442e+06
4134,-1.27689e+06,-1.77574e+06
4135,1.80058e+06,835606
4136,12283.7,-2.05747e+06
4137,-1.73472e+06,-1.04319e+06
4138,1.83967e+06,-839190
4139,-1.03316e+06,-2.25238e+06
4140,112924,2.00377e+06
4141,1.27495e+06,1.43854e+06
4142,-856070,1.89687e+06
4143,-755724,-1.63954e+06
4144,-784253,1.81946e+06
4145,2.02702e+06,696302
4146,1.94661e+06,297156
4147,1.87373e+06,-242778
4148,-825364,1.79781e+06
4149,-1.43197e+06,-1.21222e+06
4150,-1.656e+06,1.13392e+06
4151,-1.70422e+06,-1.08133e+06
4152,1.69149e+06,-455547
4153,-1.08285e+06,2.43842e+06
4154,1.59362e+06,-1.86922e+06
4155,-1.92683e+06,-384343
4156,551993,-1.85205e+06
4157,1.45733e+06,-1.49291e+06
4158,1.97645e+06,10446.9
4159,2.04235e+06,1.54235e+06
4160,1.66267e+06,-842894
4161,1.96013e+06,-41827.4
4162,349891,-2.00774e+06
4163,-2.16647e+06,-1.215e+06
4164,-1.52861e+06,1.51978e+06
4165,2.17743e+06,350510
4166,-172581,-2.00352e+06
4167,948068,-1.06375e+06
4168,-1.99906e+06,-43527.7
4169,493210,-1.93264e+06
4170,-1.58181e+06,795763
4171,-781683,-1.91901e+06
4172,-2.35913e+06,2.10507e+06
4173,1.93436e+06,225552
4174,-934762,-1.97057e+06
4175,616327,-1.87195e+06
4176,1.76401e+06,-966159
4177,1.01431e+06,-1.23532e+06
4178,-845035,1.6664e+06
4179,-1.91765e+06,277947
4180,-1.93205e+06,457241
4181,1.1465e+06,1.69918e+06
4182,1.93971e+06,-569132
4183,441022,-1.93238e+06
4184,1.78783e+06,969300
4185,-944859,1.54452e+06
4186,-98430.3,-1.73147e+06
4187,1.78345e+06,864289
4188,-1.8795e+06,-830594
4189,-1.15844e+06,-1.51716e+06
4190,1.49634e+06,1.22365e+06
4191,-967853,1.77918e+06
4192,-1.9904e+06,-536941
4193,-1.04256e+06,1.68838e+06
4194,110338,-2.00134e+06
4195,522091,2.3673e+06
4196,-1.78348e+06,426615
4197,-1.88237e+06,-705447
4198,1.94414e+06,-395885
4199,-17015.9,-2.19332e+06
4200,-1.23306e+06,-1.4973e+06
4201,-1.99416e+06,1.46885e+06
4202,1.37817e+06,1.78668e+06
4203,-1.84951e+06,-369114
4204,-1.16419e+06,1.66007e+06
4205,1.08647e+06,449334
4206,-1.22206e+06,-1.52782e+06
4207,1.0908e+06,1.39136e+06
4208,2.01421e+06,-259296
4209,-991271,-1.48553e+06
4210,-1.58017e+06,487014
4211,2.01279e+06,306101
4212,307264,2.00433e+06
4213,-1.85997e+06,80069.2
4214,-1.76289e+06,-1.00148e+06
4215,-972458,-1.63601e+06
4216,1.80943e+06,-908765
4217,-691258,1.86836e+06
4218,-1.69468e+06,-1.01342e+06
4219,-902593,-1.8236e+06
4220,1.36057e+06,1.46456e+06
4221,-1.02539e+06,-392345
4222,-621729,2.17129e+06
4223,1.31497e+06,-616203
4224,-1.9193e+06,534129
4225,1.16953e+06,-1.25438e+06
4226,1.79496e+06,-436844
4227,-1.81417e+06,-888666
4228,-70091.7,1.89099e+06
4229,-126610,1.99353e+06
4230,1.25454e+06,1.57958e+06
4231,1.10764e+06,-1.46634e+06
4232,-861190,-2.1347e+06
4233,1.8585e+06,-296126
4234,1.2438e+06,-1.50212e+06
4235,-1.39209e+06,1.34742e+06
4236,-1.02627e+06,-1.74023e+06
4237,543221,-1.72794e+06
4238,-1.00872e+06,1.65199e+06
4239,-685784,-2.19935e+06
4240,1.81662e+06,-768742
4241,-1.42427e+06,-1.37815e+06
4242,1.87817e+06,-653745
4243,1.07302e+06,-1.48136e+06
4244,1.76327e+06,891227
4245,-1.96097e+06,59097.4
4246,225987,1.86524e+06
4247,1.80532e+06,1.46594e+06
4248,927794,1.31052e+06
4249,-1.45444e+06,-1.16038e+06
4250,-1.65025e+06,-574852
4251,454922,1.75914e+06
4252,-1.70307e+06,888356
4253,1.66257e+06,988041
4254,-1.93846e+06,35903.6
4255,-141286,1.53321e+06
4256,-1.97226e+06,-245627
4257,-860163,1.7904e+06
4258,-1.67753e+06,-1.20788e+06
4259,-590464,1.86141e+06
4260,-1.82874e+06,680997
4261,446351,-1.95864e+06
4262,-1.60576e+06,1.01837e+06
4263,-1.92425e+06,-287622
4264,-788888,1.80022e+06
4265,-1.85851e+06,655108
4266,-1.65758e+06,219825
4267,1.58281e+06,753629
4268,339259,1.9947e+06
4269,-2.16046e+06,-726696
4270,15563.2,-1.49556e+06
4271,339001,-1.96142e+06
4272,-1.24215e+06,-1.34797e+06
4273,-1.3883e+06,1.30278e+06
4274,-1.92154e+06,239194
4275,1.80008e+06,851465
4276,317295,2.49436e+06
4277,-730707,-1.85969e+06
4278,822968,1.79954e+06
4279,-990717,2.40747e+06
4280,94788.8,2.02746e+06
4281,1.8546e+06,128374
4282,-1.28341e+06,654457
4283,-1.69361e+06,825656
4284,772041,-1.7867e+06
4285,-1.93193e+06,-15403.7
4286,-1.61401e+06,1.28428e+06
4287,-1.80963e+06,-773095
4288,-1.30012e+06,555431
4289,-1.37795e+06,1.37562e+06
4290,218007,-2.08389e+06
4291,-275385,2.08141e+06
4292,1.88237e+06,-697432
4293,-1.31765e+06,-1.39954e+06
4294,575365,-1.95709e+06
4295,1.27414e+06,-1.71684e+06
4296,1.74389e+06,-1.04003e+06
4297,-1.53555e+06,-1.30131e+06
4298,1.75355e+06,141769
4299,-501397,1.26274e+06
4300,1.26872e+06,-502175
4301,1.81693e+06,-1.63422e+06
4302,1.85131e+06,107393
4303,1.1149e+06,-1.62999e+06
4304,732804,1.7517e+06
4305,-1.15516e+06,-1.32137e+06
4306,-1.86562e+06,-749992
4307,-1.08135e+06,1.65548e+06
4308,200042,2.42971e+06
4309,37242,2.03805e+06
4310,-86650.3,-1.87977e+06
4311,-1.29573e+06,1.47628e+06
4312,1.98828e+06,-92377.6
4313,2.41427e+06,-351246
4314,1.96031e+06,58225.3
4315,1.04537e+06,-1.61138e+06
4316,-548070,-1.45352e+06
4317,-1.27945e+06,-1.25546e+06
4318,-285873,1.72547e+06
4319,-1.91049e+06,10635.6
4320,1.65515e+06,-937007
4321,1.47956e+06,1.5134e+06
4322,-1.16335e+06,1.16279e+06
4323,-1.87991e+06,902269
4324,-1.91455e+06,-155970
4325,-1.46089e+06,-1.39252e+06
4326,709429,1.79942e+06
4327,-1.36752e+06,1.45771e+06
4328,1.85484e+06,455088
4329,2.13057e+06,-254515
4330,-2.38434e+06,925946
4331,1.3494e+06,1.32685e+06
4332,2.22985e+06,684881
4333,-1.79907e+06,1.19534e+06
4334,1.6614e+06,-938084
4335,842739,1.52826e+06
4336,1.52488e+06,274336
4337,57278,1.8975e+06
4338,2.15043e+06,519651
4339,1.162e+06,1.35553e+06
4340,-1.96278e+06,-242142
4341,-1.88517e+06,182934
4342,1.33371e+06,1.0577e+06
4343,314309,1.45613e+06
4344,-1.46912e+06,-1.80046e+06
4345,2.24788e+06,-606174
4346,1.71466e+06,1.15969e+06
4347,2.16048e+06,-373335
4348,-2.05417e+06,1.07419e+06
4349,-326376,-1.88053e+06
4350,1.62809e+06,1.9267e+06
4351,802040,-1.55257e+06
4352,894448,1.68898e+06
4353,1.73384e+06,931130
4354,1.7969e+06,-435428
4355,-1.85057e+06,-333240
4356,-109660,1.70332e+06
4357,-1.54526e+06,-1.37455e+06
4358,-852524,1.71383e+06
4359,-1.54008e+06,77328.7
4360,629264,1.92423e+06
4361,-476770,1.85434e+06
4362,-688911,1.69655e+06
4363,1.14174e+06,1.60828e+06
4364,767348,-1.84415e+06
4365,-1.68482e+06,830551
4366,984155,1.47109e+06
4367,-1.51688e+06,-1.13382e+06
4368,-1.30817e+06,1.36001e+06
4369,-1.20881e+06,-1.68568e+06
4370,-1.89056e+06,713769
4371,-739065,-1.75791e+06
4372,2.19958e+06,-820077
4373,-1.76215e+06,-425385
4374,-2.33853e+06,-1.89008e+06
4375,1.90724e+06,-50346.7
4376,1.84885e+06,196296
4377,1.03591e+06,711247
4378,-665464,1.77765e+06
4379,-1.34971e+06,-1.43254e+06
4380,1.92058e+06,547043
4381,-479299,-2.00468e+06
4382,1.3491e+06,1.96301e+06
4383,-536854,-2.06015e+06
4384,-1.43215e+06,-1.32493e+06
4385,175647,2.07006e+06
4386,632397,1.85757e+06
4387,877159,-1.12257e+06
4388,-1.87647e+06,685260
4389,1.69215e+06,889246
4390,1.3739e+06,-1.20341e+06
4391,1.38335e+06,1.53189e+06
4392,1.60158e+06,830309
4393,74284.2,-1.9281e+06
4394,1.74038e+06,-743423
4395,849250,-1.37262e+06
4396,-1.46281e+06,701334
4397,-1.65556e+06,-811920
4398,871008,1.69518e+06
4399,1.89068e+06,970044
4400,593009,1.86781e+06
4401,-594098,1.585e+06
4402,-1.7059e+06,266773
4403,2.15447e+06,927710
4404,-815286,-1.87998e+06
4405,1.04999e+06,1.61153e+06
4406,-1.8271e+06,413609
4407,-119692,1.56638e+06
4408,1.36508e+06,-490191
4409,-945856,-1.69818e+06
4410,1.51643e+06,-1.29123e+06
4411,-377016,1.87138e+06
4412,-625386,1.63199e+06
4413,-1.13633e+06,-1.38878e+06
4414,614525,-1.79059e+06
4415,-1.01696e+06,-1.71696e+06
4416,1.75571e+06,1.04209e+06
4417,1.6394e+06,885059
4418,-1.81684e+06,310086
4419,-2.32585e+06,-126700
4420,1.37447e+06,1.43167e+06
4421,19155.6,1.34144e+06
4422,1.92843e+06,235231
4423,1.18981e+06,-1.43033e+06
4424,-782584,-1.65668e+06
4425,-607973,1.74116e+06
4426,-232993,-2.07807e+06
4427,1.11986e+06,1.45727e+06
4428,-967325,-1.80911e+06
4429,1.14965e+06,-1.59259e+06
4430,-120272,-1.8055e+06
4431,-2.03996e+06,158972
4432,876006,-2.19358e+06
4433,-1.70219e+06,399895
4434,1.14918e+06,-1.46438e+06
4435,-891010,1.62784e+06
4436,1.79318e+06,-59670.2
4437,941765,946682
4438,-1.84141e+06,448753
4439,536179,-1.84233e+06
4440,1.64329e+06,416772
4441,898274,1.61585e+06
4442,-1.29991e+06,876318
4443,1.61046e+06,986794
4444,1.16062e+06,-1.12703e+06
4445,-363131,2.06179e+06
4446,-966967,1.55389e+06
4447,1.8077e+06,19426.1
4448,-1.66357e+06,814981
4449,-1.54284e+06,1.0217e+06
4450,1.59247e+06,900639
4451,1.24925e+06,1.42149e+06
4452,1.6131e+06,-979801
4453,-2.07115e+06,-972364
4454,1.25933e+06,1.38288e+06
4455,-1.49056e+06,1.20066e+06
4456,-1.02929e+06,1.53423e+06
4457,1.74569e+06,865587
4458,-1.38956e+06,1.23618e+06
4459,-1.10358e+06,1.6429e+06
4460,-1.77719e+06,-715122
4461,-36894.9,-1.88726e+06
4462,-773149,1.73359e+06
4463,-1.47053e+06,1.19553e+06
4464,1.71462e+06,1.3539e+06
4465,200174,1.91392e+06
4466,252353,-1.84154e+06
4467,1.4872e+06,474245
4468,1.6492e+06,731972
4469,734312,2.33333e+06
4470,1.79012e+06,355386
4471,1.75574e+06,-714523
4472,-1.51147e+06,1.26769e+06
4473,903142,-1.05596e+06
4474,973376,1.6693e+06
4475,2.06626e+06,-703885
4476,-845031,1.67183e+06
4477,-418858,-1.61371e+06
4478,-2.30463e+06,1.22024e+06
4479,-1.788e+06,-258076
4480,-62194.1,1.89613e+06
4481,-298287,1.84149e+06
4482,800784,1.7289e+06
4483,-817980,1.82684e+06
4484,-859449,560414
4485,1.88872e+06,-592018
4486,1.91824e+06,-363064
4487,1.43201e+06,-210664
4488,271292,-1.74935e+06
4489,-1.05208e+06,-1.56865e+06
4490,22709.9,1.91287e+06
4491,1.87217e+06,-398508
4492,-966970,-1.63028e+06
4493,-707085,-1.92313e+06
4494,209218,-1.87249e+06
4495,-1.94167e+06,466683
4496,-118023,1.87993e+06
4497,1.65308e+06,-849878
4498,1.56709e+06,26380.7
4499,1.74809e+06,546113
4500,1.25253e+06,-1.32291e+06
4501,-432571,1.81873e+06
4502,-444250,1.7661e+06
4503,1.2625e+06,-1.38035e+06
4504,-1.62579e+06,-874391
4505,-1.30988e+06,-1.43701e+06
4506,-1.8786e+06,-170817
4507,-1.61424e+06,929400
4508,-1.80928e+06,-240371
4509,-1.56975e+06,-1.03606e+06
4510,1.67661e+06,-825015
4511,-1.27185e+06,1.43774e+06
4512,-1.1552e+06,-1.47303e+06
4513,-1.39274e+06,1.02659e+06
4514,-264597,1.84887e+06
4515,-1.35588e+06,1.6551e+06
4516,1.73164e+06,1.29703e+06
4517,1.76436e+06,1.16388e+06
4518,-1.55614e+06,-355467
4519,148655,-1.83136e+06
4520,1.45663e+06,1.31403e+06
4521,1.71283e+06,-759028
4522,906573,-1.57096e+06
4523,-2.7008e+06,34855.6
4524,-762768,1.52151e+06
4525,1.399e+06,890658
4526,1.70923e+06,-717955
4527,-1.21165e+06,1.2545e+06
4528,-694849,-1.74104e+06
4529,559352,-2.02802e+06
4530,29055.6,-1.85297e+06
4531,1.69227e+06,-632819
4532,1.49438e+06,-1.5055e+06
4533,-1.602e+06,943148
4534,-1.59662e+06,981368
4535,-1.67409e+06,-763923
4536,245866,-1.6851e+06
4537,-1.47508e+06,1.1084e+06
4538,1.46559e+06,1.33829e+06
4539,-1.24494e+06,-1.36679e+06
4540,-688779,-1.78371e+06
4541,1.6936e+06,695484
4542,684545,-1.72307e+06
4543,-564049,-1.65084e+06
4544,-470259,1.68152e+06
4545,-1.85508e+06,5274.99
4546,-118643,-1.89334e+06
4547,-1.40529e+06,-187993
4548,-1.02997e+06,1.55724e+06
4549,-1.80288e+06,451783
4550,1.20272e+06,-1.28068e+06
4551,661013,1.67902e+06
4552,-593076,1.7398e+06
4553,1.45249e+06,1.03726e+06
4554,-1.49027e+06,1.07773e+06
4555,-1.53069e+06,-1.17669e+06
4556,-166748,1.6204e+06
4557,448676,1.78719e+06
4558,-110378,1.70272e+06
4559,-997880,1.53679e+06
4560,-507994,1.63369e+06
4561,-1.38153e+06,864872
4562,1.77803e+06,274709
4563,-813717,1.21932e+06
4564,-1.7837e+06,-299918
4565,2.0242e+06,-163493
4566,-1.56342e+06,-978225
4567,-2.08401e+06,766064
4568,483472,1.91838e+06
4569,-1.85223e+06,61576
4570,-890269,1.68494e+06
4571,79535.8,1.87067e+06
4572,-639725,-2.05742e+06
4573,624669,-1.48907e+06
4574,602855,-1.61638e+06
4575,512811,-1.74537e+06
4576,1.6974e+06,383479
4577,1.28385e+06,-184690
4578,-474588,-1.76979e+06
4579,488535,-1.57702e+06
4580,1.0431e+06,1.53992e+06
4581,974563,-1.42564e+06
4582,2.3322e+06,-115648
4583,-1.45793e+06,-1.08099e+06
4584,1.42534e+06,-1.94904e+06
4585,-1.06086e+06,1.67063e+06
4586,-637539,-1.67954e+06
4587,1.46887e+06,1.08628e+06
4588,-1.27491e+06,-1.20206e+06
4589,-1.75651e+06,1.69686e+06
4590,-1.39299e+06,1.10932e+06
4591,-921552,1.65705e+06
4592,-1.17489e+06,1.19117e+06
4593,1.6042e+06,-1.1727e+06
4594,-1.92003e+06,-545120
4595,1.52743e+06,1.11212e+06
4596,-674613,1.73779e+06
4597,1.39916e+06,-1.06178e+06
4598,775225,1.31343e+06
4599,1.78567e+06,306470
4600,-1.25496e+06,1.31844e+06
4601,-206406,-1.62082e+06
4602,1.51948e+06,-1.36084e+06
4603,-670565,-1.70927e+06
4604,-1.78581e+06,11533.4
4605,1.81382e+06,565674
4606,-1.02112e+06,-1.5892e+06
4607,818767,-1.47824e+06
4608,-96678.3,-1.32466e+06
4609,106217,-2.00429e+06
4610,-301598,-1.76897e+06
4611,577880,-2.0289e+06
4612,1.51815e+06,1.08539e+06
4613,169660,-1.66973e+06
4614,-560302,-1.36821e+06
4615,-1.46396e+06,-1.02386e+06
4616,1.37875e+06,-660324
4617,953072,-1.68139e+06
4618,-1.76486e+06,-69384.9
4619,1.82762e+06,-135421
4620,219409,-1.80276e+06
4621,1.0828e+06,1.50907e+06
4622,1.97899e+06,137487
4623,1.58384e+06,950286
4624,-600599,-1.96901e+06
4625,-981365,-1.69396e+06
4626,944682,-2.01737e+06
4627,-1.12189e+06,-18374.8
4628,-894913,1.24951e+06
4629,-1.38449e+06,926947
4630,1.86409e+06,253578
4631,-445370,1.74781e+06
4632,-1.60062e+06,1.41909e+06
4633,1.87167e+06,834129
4634,-140695,1.68542e+06
4635,1.12798e+06,-1.16622e+06
4636,1.20362e+06,-1.34415e+06
4637,-912592,-1.56636e+06
4638,-20631.6,2.00456e+06
4639,-654659,2.05828e+06
4640,-1.55917e+06,1.0107e+06
4641,1.65121e+06,783542
4642,-363507,-1.75416e+06
4643,646635,1.66259e+06
4644,-2.01183e+06,979528
4645,-508199,1.77033e+06
4646,-1.79229e+06,-361880
4647,1.81742e+06,-102724
4648,1.42824e+06,811817
4649,1.0546e+06,-1.28658e+06
4650,1.58339e+06,-516802
4651,-1.55149e+06,-861807
4652,1.27482e+06,1.33078e+06
4653,-1.21102e+06,1.2639e+06
4654,237759,-1.77838e+06
4655,1.3194e+06,-401366
4656,-773034,-1.6493e+06
4657,1.76705e+06,-1.3423e+06
4658,-1.26798e+06,-1.52493e+06
4659,198605,1.16343e+06
4660,-763473,1.89721e+06
4661,-664642,1.50172e+06
4662,-1.99921e+06,-631722
4663,-187219,1.68395e+06
4664,-1.60974e+06,-811202
4665,-865902,-1.65468e+06
4666,-768502,1.8922e+06
4667,-1.85194e+06,-284834
4668,-1.06995e+06,-1.14357e+06
4669,585288,1.64137e+06
4670,-1.92584e+06,-871370
4671,1.46616e+06,1.08448e+06
4672,-1.30087e+06,-918290
4673,993766,1.52508e+06
4674,-1.74608e+06,352767
4675,556322,-1.69954e+06
4676,-1.76855e+06,142522
4677,1.41751e+06,-1.00222e+06
4678,-1.36852e+06,-528094
4679,1.37721e+06,-70412.3
4680,-506387,1.78694e+06
4681,559167,-1.74446e+06
4682,862844,-1.65222e+06
4683,-2.10591e+06,774683
4684,-1.69546e+06,406290
4685,1.30548e+06,1.44509e+06
4686,-1.28649e+06,1.315e+06
4687,-423382,1.80109e+06
4688,-178180,-1.75096e+06
4689,1.59997e+06,-606113
4690,1.58892e+06,1.17382e+06
4691,1.61399e+06,-14342.6
4692,-268634,1.81537e+06
4693,-389516,1.74365e+06
4694,1.8117e+06,-359999
4695,175635,-1.76604e+06
4696,-1.39797e+06,1.11674e+06
4697,-979367,1.45149e+06
4698,1.70838e+06,968938
4699,1.70064e+06,355539
4700,990713,-1.31297e+06
4701,240153,-1.82801e+06
4702,-1.77031e+06,-26111.4
4703,-432394,1.66711e+06
4704,269422,1.7128e+06
4705,557365,1.691e+06
4706,-1.58802e+06,-230000
4707,1.13996e+06,-1.51494e+06
4708,2.72262e+06,-376624
4709,414946,-1.60902e+06
4710,692885,-1.65095e+06
4711,1.59084e+06,-544906
4712,-71534.3,1.81406e+06
4713,135933,-1.38999e+06
4714,-1.56198e+06,841077
4715,-1.09767e+06,1.28137e+06
4716,-1.17953e+06,1.40428e+06
4717,-550259,1.7518e+06
4718,-1.13684e+06,-1.16719e+06
4719,-254258,-1.57513e+06
4720,686612,1.01312e+06
4721,-1.57214e+06,-637828
4722,1.67717e+06,-699938
4723,-1.49413e+06,-635020
4724,930651,990196
4725,-2.12817e+06,258724
4726,275226,2.17597e+06
4727,1.96873e+06,-1.08156e+06
4728,1.94921e+06,1.36305e+06
4729,-1.31935e+06,-1.48522e+06
4730,-1.64824e+06,-646940
4731,-1.82347e+06,-62291.9
4732,620420,-1.65031e+06
4733,969672,1.39541e+06
4734,1.73774e+06,89664.1
4735,631475,1.68373e+06
4736,866614,-1.5363e+06
4737,-1.88642e+06,782630
4738,-690949,1.68427e+06
4739,1.50945e+06,876841
4740,-2.35472e+06,237366
4741,-1.51552e+06,441315
4742,854356,-2.00168e+06
4743,-2.11503e+06,925510
4744,1.64252e+06,587726
4745,1.21624e+06,1.53506e+06
4746,-1.30129e+06,1.44576e+06
4747,1.35797e+06,-1.16522e+06
4748,-277151,1.57032e+06
4749,675126,1.52255e+06
4750,-218414,1.52828e+06
4751,1.04667e+06,-1.48429e+06
4752,-1.68552e+06,52191.7
4753,-1.19439e+06,1.41118e+06
4754,-1.54729e+06,897585
4755,-1.5684e+06,-554784
4756,-1.18438e+06,2.07445e+06
4757,163794,1.77897e+06
4758,-1.35214e+06,736747
4759,-1.11812e+06,-1.29563e+06
4760,-862922,-1.71498e+06
4761,-1.79906e+06,54005.7
4762,1.50899e+06,786534
4763,-2.04179e+06,523344
4764,1.81009e+06,-604352
4765,-1.49953e+06,-873445
4766,-1.86384e+06,-347844
4767,1.52373e+06,813505
4768,-80124.7,-1.61509e+06
4769,-320698,1.75464e+06
4770,821052,-1.61622e+06
4771,-1.80351e+06,-383682
4772,-1.48138e+06,-768214
4773,-345533,-1.6153e+06
4774,-961389,708339
4775,-1.84108e+06,-491531
4776,262434,-1.71241e+06
4777,-1.62204e+06,-756066
4778,1.56682e+06,708384
4779,824964,1.45042e+06
4780,-1.18309e+06,-1.44885e+06
4781,1.49861e+06,-1.70571e+06
4782,1.63431e+06,-633841
4783,-946928,-593232
4784,-1.03395e+06,-1.32316e+06
4785,1.45094e+06,-948636
4786,1.75467e+06,-154847
4787,-615803,-1.75369e+06
4788,950794,1.43517e+06
4789,-350273,-1.78256e+06
4790,1.1872e+06,-1.56446e+06
4791,-1.20306e+06,1.36879e+06
4792,-144766,2.00772e+06
4793,322695,1.73175e+06
4794,315050,1.73591e+06
4795,766888,1.47146e+06
4796,-10935.4,1.78561e+06
4797,-872120,-1.4707e+06
4798,-374646,1.71757e+06
4799,-1.00735e+06,1.13142e+06
4800,1.43657e+06,570498
4801,-1.7701e+06,507519
4802,-1.28934e+06,249987
4803,-416237,1.70544e+06
4804,-2.0201e+06,-323166
4805,-1.71479e+06,420637
4806,539772,-1.71432e+06
4807,-80758.2,1.80675e+06
4808,-142502,-1.896e+06
4809,195760,1.77959e+06
4810,-1.41012e+06,-1.64096e+06
4811,731874,-1.63741e+06
4812,872346,2.34761e+06
4813,-1.73071e+06,-637499
4814,-1.84664e+06,852219
4815,1.12467e+06,1.27589e+06
4816,203795,1.82948e+06
4817,-643783,-1.64421e+06
4818,-894152,-1.95315e+06
4819,1.48953e+06,-1.0949e+06
4820,1.77366e+06,-634973
4821,232131,-1.88399e+06
4822,1.5844e+06,-808370
4823,-1.2138e+06,1.28636e+06
4824,-44560.1,1.80842e+06
4825,-68715.7,1.97462e+06
4826,-765208,1.1042e+06
4827,1.76615e+06,-110237
4828,2.1474e+06,244526
4829,-43575.6,-1.76693e+06
4830,-2.87342e+06,649936
4831,1.03497e+06,-1.38336e+06
4832,-164053,-1.68359e+06
4833,-1.49991e+06,884884
4834,-1.78413e+06,-434989
4835,1.48725e+06,1.74977e+06
4836,1.30844e+06,1.62255e+06
4837,-1.29355e+06,577565
4838,120647,-1.74443e+06
4839,921755,1.98473e+06
4840,887670,-1.58104e+06
4841,1.22668e+06,-962494
4842,1.11766e+06,35779.6
4843,1.67572e+06,920269
4844,516928,-1.72528e+06
4845,-768439,-1.59096e+06
4846,-1.516e+06,-675693
4847,-1.25032e+06,1.37821e+06
4848,1.5389e+06,-1.0616e+06
4849,564307,1.57081e+06
4850,-1.44862e+06,-983460
4851,2.06435e+06,-549087
4852,-1.23197e+06,-670533
4853,-1.57771e+06,-827693
4854,-208787,-1.83643e+06
4855,-1.02988e+06,-1.49697e+06
4856,1.95639e+06,-687443
4857,1.48354e+06,-809541
4858,-664165,-1.62834e+06
4859,-1.39317e+06,1.20982e+06
4860,1.32577e+06,-1.10677e+06
4861,1.66603e+06,-621069
4862,-1.36787e+06,736260
4863,1.2046e+06,-1.38491e+06
4864,-1.08075e+06,487618
4865,-471592,1.71163e+06
4866,356946,2.31814e+06
4867,-1.65259e+06,538791
4868,1.4078e+06,1.89293e+06
4869,-1.63038e+06,-603418
4870,217002,2.66749e+06
4871,941758,1.21152e+06
4872,1.10473e+06,551024
4873,-1.1259e+06,-59534.1
4874,557556,-1.6604e+06
4875,1.41123e+06,1.0624e+06
4876,-1.5645e+06,-1.61956e+06
4877,1.31741e+06,-372683
4878,1.6601e+06,-1.40659e+06
4879,-567212,-1.32756e+06
4880,589684,1.69833e+06
4881,425391,2.17693e+06
4882,1.2949e+06,1.11305e+06
4883,-626418,1.96846e+06
4884,972230,1.40888e+06
4885,1.40881e+06,-1.02359e+06
4886,801758,-1.65074e+06
4887,1.51453e+06,892547
4888,1.29723e+06,-1.16863e+06
4889,-1.40497e+06,-1.54692e+06
4890,-1.57708e+06,-1.33602e+06
4891,-637471,1.66101e+06
4892,969662,1.43506e+06
4893,1.73751e+06,279144
4894,70581.6,1.41796e+06
4895,-1.40902e+06,-1.02453e+06
4896,-769806,-1.59691e+06
4897,457532,-1.91071e+06
4898,-689081,1.63689e+06
4899,-1.48011e+06,950505
4900,1.33416e+06,-927891
4901,-1.53588e+06,835810
4902,1.69091e+06,278600
4903,1.75288e+06,-230429
4904,-1.1118e+06,-606114
4905,-449193,-1.71204e+06
4906,-1.73789e+06,413416
4907,221081,-1.72008e+06
4908,-1.68116e+06,562601
4909,1.55675e+06,-762182
4910,-1.52441e+06,-825420
4911,876543,1.70311e+06
4912,1.61168e+06,767784
4913,1.68665e+06,624681
4914,1.7306e+06,-275110
4915,-1.31891e+06,-1.36313e+06
4916,1.97046e+06,-1.26547e+06
4917,-1.34764e+06,1.30006e+06
4918,-2.03266e+06,122710
4919,-1.79856e+06,-2.21022e+06
4920,1.54501e+06,870967
4921,442113,1.19158e+06
4922,-1.08523e+06,-1.41365e+06
4923,1.71494e+06,-63272.1
4924,1.10579e+06,-1.4825e+06
4925,-498958,1.74706e+06
4926,1.31936e+06,1.37143e+06
4927,-143864,-1.70434e+06
4928,1.08797e+06,-1.34189e+06
4929,718762,1.47293e+06
4930,1.81166e+06,-474652
4931,1.74447e+06,102810
4932,1.95781e+06,-93495.1
4933,1.45476e+06,1.28785e+06
4934,1.13165e+06,1.01341e+06
4935,639296,-1.10815e+06
4936,1.62861e+06,606841
4937,-876226,1.50405e+06
4938,-1.7797e+06,502265
4939,-1.71898e+06,295960
4940,228975,-1.69743e+06
4941,1.50982e+06,-454452
4942,-502032,-1.44424e+06
4943,-958689,1.53295e+06
4944,1.6889e+06,461279
4945,1.15889e+06,-18859.9
4946,836273,848118
4947,-541691,1.70749e+06
4948,-356532,-1.83697e+06
4949,-56755.7,-1.89139e+06
4950,829986,1.57904e+06
4951,739141,1.63202e+06
4952,-2.05777e+06,-590028
4953,-1.33532e+06,-1.83757e+06
4954,-1.10181e+06,-1.31157e+06
4955,-1.43813e+06,1.06528e+06
4956,-673137,1.64065e+06
4957,1.40485e+06,1.00121e+06
4958,-343427,1.74513e+06
4959,1.29308e+06,-1.1557e+06
4960,1.59569e+06,-1.00008e+06
4961,-445759,1.86235e+06
4962,-1.63059e+06,566665
4963,-1.8024e+06,-790602
4964,1.16311e+06,1.44384e+06
4965,-957643,1.21968e+06
4966,1.83071e+06,-443530
4967,-1.2369e+06,-722186
4968,-126972,1.79818e+06
4969,1.18083e+06,1.28777e+06
4970,-1.04676e+06,-1.46642e+06
4971,1.6233e+06,818198
4972,493004,1.30678e+06
4973,1.67233e+06,514982
4974,317590,-1.70903e+06
4975,858791,-1.52772e+06
4976,-445442,-1.69015e+06
4977,-1.18696e+06,-1.25833e+06
4978,1.77434e+06,522515
4979,1.21168e+06,1.66852e+06
4980,2.21057e+06,-209807
4981,603031,-1.61023e+06
4982,-1.46691e+06,981285
4983,545320,1.65328e+06
4984,-1.48151e+06,-842566
4985,-200378,-1.73058e+06
4986,-1.71276e+06,-540655
4987,-1.71471e+06,48438.4
4988,-1.53664e+06,-735894
4989,2.64291e+06,601549
4990,-1.06978e+06,1.40481e+06
4991,997915,-1.45122e+06
4992,1.59701e+06,492259
4993,-1.43383e+06,-902461
4994,155272,-1.70087e+06
4995,-63133.1,1.73009e+06
4996,-1.72222e+06,235826
4997,383379,1.81481e+06
4998,-1.70353e+06,357669
4999,-1.00583e+06,1.4077e+06
