body_index,force_x,force_y
0,4427.09,-3175.64
1,-1.10343e+08,1.13926e+08
2,3.55842e+07,1.33726e+08
3,-6.19365e+06,1.50578e+08
4,9.16204e+07,1.16801e+08
5,6.2302e+07,-1.3125e+08
6,-1.10075e+08,-9.44505e+07
7,1.30188e+08,-1.15155e+07
8,-1.41146e+08,7.35929e+06
9,8.64789e+07,-1.24545e+08
10,9.62121e+07,-9.84884e+07
11,1.36503e+08,1.07185e+07
12,4.02762e+07,1.26591e+08
13,-1.29333e+08,-318120
14,8.7161e+07,-9.997e+07
15,-1.30452e+08,-1.17965e+07
16,1.32483e+08,4.78008e+06
17,-1.20901e+08,-1.12404e+07
18,-9.14783e+07,7.63195e+07
19,-5.78521e+06,-1.1753e+08
20,1.19411e+08,1.07992e+07
21,9.05568e+06,1.12423e+08
22,5.75865e+07,9.54654e+07
23,9.72885e+07,-4.33619e+07
24,2.53798e+07,-1.03404e+08
25,-4.73903e+07,-9.10726e+07
26,-9.60139e+07,3.23388e+07
27,-7.11398e+07,7.89273e+07
28,-9.864e+07,2.55712e+07
29,-3.50421e+07,9.37355e+07
30,-7.47072e+07,-6.91134e+07
31,4.95141e+07,8.53471e+07
32,-1.03155e+08,-1.97579e+06
33,-6.13369e+07,-6.18911e+07
34,-5.23512e+07,8.11724e+07
35,-4.74553e+06,-9.37607e+07
36,-9.18052e+07,-7.94367e+06
37,5.28558e+07,7.52759e+07
38,-8.45226e+07,-3.63876e+07
39,-4.53263e+07,-8.59652e+07
40,8.33446e+07,-4.08987e+07
41,4.06008e+07,-8.06345e+07
42,-8.57901e+07,-2.857e+07
43,8.59928e+07,2.6067e+07
44,-4.69136e+07,-7.65598e+07
45,-6.95442e+06,8.48167e+07
46,-8.12698e+07,-2.33307e+07
47,4.49214e+07,6.06052e+07
48,7.69289e+07,2.98148e+07
49,-3.53492e+07,-6.9089e+07
50,-1.10731e+07,8.17931e+07
51,5.50588e+07,-5.96357e+07
52,-2.63936e+07,7.96531e+07
53,-7.48138e+07,1.76578e+07
54,-3.09888e+07,-7.57661e+07
55,-7.97072e+07,-1.81562e+07
56,2.59581e+07,7.23266e+07
57,4.61348e+07,7.4339e+07
58,-5.64829e+07,-5.46763e+07
59,-1.53836e+07,-7.46692e+07
60,-6.77554e+07,-2.96495e+07
61,-7.0884e+07,2.0996e+07
62,-4.89657e+07,-4.51558e+07
63,-4.16743e+07,-5.7473e+07
64,-1.75026e+07,-7.27792e+07
65,-5.45573e+07,4.11989e+07
66,3.46947e+07,6.34167e+07
67,-6.99385e+07,2.17958e+07
68,-6.95223e+07,1.09613e+07
69,-3.92123e+07,-6.21564e+07
70,5.23025e+07,-4.29275e+07
71,6.41617e+07,-2.62198e+07
72,-6.6084e+07,-1.59134e+07
73,-2.05862e+06,-6.47223e+07
74,-6.49319e+07,-3.23533e+07
75,-3.94554e+07,-5.18696e+07
76,4.00967e+07,4.96479e+07
77,3.44683e+07,-4.68185e+07
78,2.78499e+07,5.6083e+07
79,1.43855e+07,-6.19183e+07
80,5.34865e+07,2.29452e+07
81,-6.05933e+07,3.9047e+06
82,-3.98725e+07,-4.49079e+07
83,3.92334e+07,-4.66925e+07
84,1.0864e+07,-5.71687e+07
85,4.32408e+07,3.83027e+07
86,4.46354e+07,-3.98162e+07
87,5.40586e+07,2.43777e+07
88,-3.58956e+07,-4.77394e+07
89,-1.41524e+07,-5.55347e+07
90,3.80803e+07,-4.94141e+07
91,-9.20533e+06,-5.20291e+07
92,-2.39348e+07,-5.0763e+07
93,1.81347e+07,5.45822e+07
94,1.30788e+07,-5.32989e+07
95,4.01227e+06,5.58389e+07
96,-4.7257e+07,2.11672e+07
97,-5.20844e+07,-1.98595e+07
98,3.68704e+07,4.13107e+07
99,-5.51149e+07,1.04459e+07
100,-6.98039e+06,-5.82403e+07
101,5.20924e+07,-5.60896e+06
102,2.66414e+07,-4.73068e+07
103,-1.93455e+07,4.8562e+07
104,-2.48735e+07,4.65054e+07
105,-4.43038e+07,-3.96415e+07
106,4.50882e+07,2.36805e+07
107,3.37697e+07,-3.91982e+07
108,4.96671e+07,2.5151e+06
109,-2.6086e+07,4.37154e+07
110,-4.33177e+07,-2.70945e+07
111,4.387e+07,-2.01219e+07
112,3.21603e+06,4.96436e+07
113,-3.85032e+07,2.85639e+07
114,4.62172e+07,-1.2104e+07
115,-4.79392e+07,1.51648e+07
116,-8.96497e+06,-4.77956e+07
117,-1.86782e+06,-4.58068e+07
118,4.64874e+07,-955715
119,-4.5616e+07,-7.16932e+06
120,-1.92998e+07,4.54546e+07
121,4.76711e+07,520075
122,-3.3155e+07,-3.12376e+07
123,2.79155e+07,-3.67775e+07
124,-3.16396e+07,3.12494e+07
125,4.29347e+07,1.54001e+07
126,3.96255e+07,2.29484e+07
127,3.67383e+07,2.77948e+07
128,-1.19642e+07,4.22353e+07
129,-3.42778e+07,2.92404e+07
130,1.71857e+07,4.01349e+07
131,4.10992e+07,-1.62094e+07
132,-1.88542e+07,3.92676e+07
133,-1.6751e+07,-4.25014e+07
134,-3.88763e+07,2.01047e+07
135,1.20361e+07,4.17402e+07
136,-2.4311e+07,-3.42622e+07
137,-1.30419e+07,-3.71423e+07
138,3.9797e+07,6.27216e+06
139,-1.26598e+07,-3.49414e+07
140,386968,-4.5991e+07
141,3.82979e+07,2.41843e+07
142,-1.43854e+07,-3.37234e+07
143,-1.83738e+06,-4.10338e+07
144,7.6878e+06,3.84167e+07
145,-3.46324e+07,1.00658e+07
146,-6.43147e+06,3.60441e+07
147,-3.25569e+07,2.24723e+07
148,-4.49563e+07,-4.0261e+06
149,2.70119e+07,-2.51022e+07
150,3.67791e+07,-9.10325e+06
151,2.93778e+06,-4.35074e+07
152,3.47294e+07,1.30478e+07
153,-4.57173e+07,-4.50972e+06
154,-1.51786e+07,4.0277e+07
155,-3.5339e+07,-1.48794e+07
156,1.62158e+07,-3.30586e+07
157,-3.68026e+07,7.49522e+06
158,-2.07795e+07,3.18401e+07
159,-2.98455e+07,1.63237e+07
160,3.74265e+07,-2.11706e+07
161,-3.82427e+07,1.04943e+07
162,3.62581e+07,-9.68573e+06
163,2.92774e+07,-2.43364e+07
164,2.11335e+07,-2.88329e+07
165,1.49685e+07,-3.3831e+07
166,-3.83919e+07,4.83578e+06
167,3.42497e+07,-1.5628e+07
168,3.63468e+07,2.04085e+07
169,1.17031e+07,3.45539e+07
170,-1.18117e+07,3.33228e+07
171,-3.93287e+07,3.39838e+06
172,-2.68885e+07,2.01605e+07
173,3.42839e+07,6.85063e+06
174,3.39345e+07,-6.76623e+06
175,-1.48588e+07,-3.22474e+07
176,1.33654e+07,-3.15748e+07
177,-3.01966e+07,-1.46673e+07
178,3.58456e+07,1.93806e+06
179,2.5251e+07,-2.23766e+07
180,-1.16273e+06,-3.43701e+07
181,-2.30783e+07,2.60804e+07
182,3.07527e+07,-1.51232e+07
183,3.3634e+07,-6.07383e+06
184,-2.83934e+07,-2.07837e+07
185,-1.35594e+07,-3.34496e+07
186,-2.85139e+07,-1.28847e+07
187,3.18459e+07,-5.07583e+06
188,3.31785e+07,1.17832e+06
189,1.62388e+07,3.00731e+07
190,2.57979e+07,2.11244e+07
191,1.90234e+07,2.42145e+07
192,9.05932e+06,2.96084e+07
193,6.48855e+06,3.32887e+07
194,1.76398e+07,2.34123e+07
195,2.86293e+07,1.53848e+07
196,-8.99588e+06,2.6381e+07
197,4.36642e+06,-3.05005e+07
198,-5.70918e+06,3.21183e+07
199,-3.17866e+07,1.16124e+06
200,-2.47958e+07,-1.88208e+07
201,1.73972e+07,2.66395e+07
202,1.86772e+06,-2.96297e+07
203,1.2653e+07,2.76319e+07
204,-1.00845e+07,2.76774e+07
205,-1.5612e+07,2.88398e+07
206,-1.4972e+07,2.70286e+07
207,2.86673e+07,8.13545e+06
208,-2.83047e+07,-1.24825e+07
209,-2.03715e+07,-2.16115e+07
210,7.62985e+06,-3.05774e+07
211,-8.80402e+06,-2.83853e+07
212,-3.93647e+06,2.80747e+07
213,-2.38812e+07,-1.83172e+07
214,1.69175e+07,-2.48094e+07
215,-2.00299e+07,-2.34436e+07
216,2.52221e+07,-1.65445e+07
217,9.95921e+06,2.75343e+07
218,-2.79169e+07,-849717
219,2.06324e+07,1.90837e+07
220,783045,-2.67358e+07
221,2.41996e+07,1.51286e+07
222,-2.82725e+07,-1.08312e+07
223,-1.95424e+07,2.04405e+07
224,2.81822e+07,8.95318e+06
225,2.89068e+07,-6.76171e+06
226,-2.74702e+07,8.17026e+06
227,2.66299e+07,-1.01127e+07
228,9.72794e+06,-2.49683e+07
229,-7.07006e+06,2.68731e+07
230,-1.14659e+07,2.62037e+07
231,-2.70603e+07,-1.42564e+06
232,2.38997e+07,1.36336e+07
233,1.0563e+07,2.70866e+07
234,1.07095e+07,-2.43936e+07
235,-1.07754e+07,-2.58766e+07
236,-1.80963e+07,2.06247e+07
237,1.52603e+07,-1.99466e+07
238,5.336e+06,-2.60075e+07
239,-1.8196e+07,-2.13587e+07
240,4.51819e+06,2.57085e+07
241,2.45068e+06,-2.96485e+07
242,-2.55491e+07,-7.89199e+06
243,-1.09973e+06,-2.46607e+07
244,1.74994e+07,1.80598e+07
245,2.58261e+07,4.02829e+06
246,1.63568e+07,-2.0141e+07
247,-1.80965e+07,2.06226e+07
248,2.35281e+07,-1.22589e+07
249,1.66896e+07,1.91547e+07
250,8.96398e+06,2.41749e+07
251,-3.82594e+06,2.5688e+07
252,-2.51973e+07,5.23325e+06
253,1.18884e+07,-2.37616e+07
254,-2.3813e+07,6.87694e+06
255,7.57553e+06,-2.30244e+07
256,1.66774e+07,-1.91307e+07
257,2.58896e+07,334741
258,2.07854e+07,1.3281e+07
259,1.28343e+07,-2.50173e+07
260,-2.05687e+07,-1.7059e+07
261,-1.403e+07,-2.02664e+07
262,3.34008e+06,-2.47389e+07
263,2.5638e+07,4.95648e+06
264,1.83584e+07,-1.76215e+07
265,1.76224e+07,1.6277e+07
266,-2.29884e+07,-8.88773e+06
267,-9.15618e+06,2.39214e+07
268,-2.46074e+07,-6.0336e+06
269,-2.25534e+07,-8.11151e+06
270,-2.66737e+07,-2.94084e+06
271,1.68634e+07,1.92139e+07
272,2.34619e+07,-5.26268e+06
273,-1.17614e+07,2.12102e+07
274,3.23586e+06,2.35814e+07
275,-2.19443e+07,1.53708e+06
276,1.75219e+07,-1.76993e+07
277,-1.38412e+07,1.6975e+07
278,-2.175e+07,-1.18717e+07
279,-2.02668e+07,1.8513e+07
280,1.69055e+07,-1.82634e+07
281,-2.13517e+07,-1.22335e+07
282,1.05687e+07,-2.30014e+07
283,2.06063e+07,-1.0598e+07
284,8.47608e+06,2.23709e+07
285,2.36232e+07,5.31565e+06
286,2.61214e+07,-4.59142e+06
287,-1.87728e+07,1.48774e+07
288,2.02802e+07,-1.0819e+07
289,-2.25905e+07,-9.94428e+06
290,5.23797e+06,2.1731e+07
291,1.97554e+07,1.02399e+07
292,2.07401e+07,-8.9583e+06
293,1.44122e+07,1.91362e+07
294,1.80253e+07,1.24226e+07
295,1.21121e+07,-1.99787e+07
296,4.4585e+06,-2.26563e+07
297,-1.35647e+07,-1.83585e+07
298,1.78028e+07,1.61352e+07
299,1.94167e+07,-1.38996e+07
300,1.67129e+07,1.69477e+07
301,-1.08593e+07,-2.04862e+07
302,2.05116e+07,1.14901e+07
303,-4.84267e+06,-2.02859e+07
304,2.38487e+07,-9.51981e+06
305,5.13076e+06,-2.31171e+07
306,4.71965e+06,2.15018e+07
307,1.71978e+07,-1.48853e+07
308,-2.0621e+07,8.78535e+06
309,-1.49842e+07,2.00259e+07
310,-8.29059e+06,-2.04673e+07
311,1.17681e+07,-1.76084e+07
312,1.9691e+07,8.92516e+06
313,1.67493e+07,1.61356e+07
314,1.04273e+07,-1.64983e+07
315,-2.25466e+07,-2.4957e+06
316,-1.07253e+07,1.89338e+07
317,-1.37558e+07,-1.80047e+07
318,-2.38956e+07,-3.67436e+06
319,1.47941e+06,2.02173e+07
320,-6.75216e+06,-1.93104e+07
321,-2.76003e+06,-2.17248e+07
322,-6.44025e+06,-1.9239e+07
323,7.24339e+06,1.96239e+07
324,1.45454e+07,-1.65852e+07
325,-808262,2.30422e+07
326,1.3902e+07,-1.89096e+07
327,1.80065e+07,1.29672e+07
328,4.48324e+06,2.19454e+07
329,2.38924e+06,1.90068e+07
330,-2.19965e+07,-19145.2
331,2.03083e+07,5.82032e+06
332,-1.60813e+07,-1.20415e+07
333,1.60641e+07,1.49974e+07
334,-406446,-2.14961e+07
335,3.60777e+06,-2.16115e+07
336,-7.10629e+06,1.98718e+07
337,-1.56541e+07,1.31206e+07
338,-2.36823e+07,-971749
339,-964731,2.05425e+07
340,309226,2.04946e+07
341,-1.67371e+07,-1.31103e+07
342,1.39232e+07,-1.82213e+07
343,2.08164e+07,-4.62069e+06
344,6.9586e+06,1.90412e+07
345,-1.99582e+07,4.35442e+06
346,-8.5128e+06,1.83816e+07
347,-2.03717e+07,2.48214e+06
348,-1.58011e+07,-1.37139e+07
349,-2.06344e+07,3.10315e+06
350,1.3011e+07,1.57189e+07
351,1.09391e+07,1.69975e+07
352,-5.24395e+06,-1.92362e+07
353,-1.27002e+07,1.58928e+07
354,-1.75575e+07,-1.02482e+07
355,1.92353e+07,-7.87619e+06
356,-5.36511e+06,-1.99435e+07
357,1.4066e+06,2.01844e+07
358,-1.85428e+07,6.89958e+06
359,1.28814e+07,1.58982e+07
360,2.00194e+07,-7.43612e+06
361,1.24296e+07,-1.66034e+07
362,-4.4599e+06,1.86694e+07
363,-1.95084e+07,-5.16436e+06
364,1.53271e+07,-8.68426e+06
365,-1.70823e+07,-7.82375e+06
366,-3.55898e+06,-1.89782e+07
367,5.89849e+06,1.93787e+07
368,-1.99595e+07,1.1793e+06
369,-3.00721e+06,1.90563e+07
370,-9.03113e+06,1.74207e+07
371,-5.58764e+06,-1.88824e+07
372,1.44982e+06,1.79276e+07
373,7.6543e+06,1.82155e+07
374,-5.22334e+06,1.98326e+07
375,1.7686e+06,1.88945e+07
376,-1.34029e+07,1.32586e+07
377,-1.76291e+07,-1.05562e+06
378,1.87682e+07,3.84499e+06
379,399683,-1.97449e+07
380,1.43839e+07,1.31933e+07
381,-1.24564e+06,1.97992e+07
382,1.59967e+07,-8.36792e+06
383,1.83952e+07,-8.70613e+06
384,1.8761e+07,-1.59004e+06
385,5.06656e+06,-1.80408e+07
386,8.3475e+06,-1.67146e+07
387,-6.32586e+06,1.78477e+07
388,-1.9035e+07,-1.94703e+06
389,1.39896e+07,-1.31373e+07
390,1.71726e+07,8.43905e+06
391,-71653.4,1.98034e+07
392,1.03406e+06,-1.90817e+07
393,1.77715e+07,-4.83971e+06
394,-1.88999e+07,2.39224e+06
395,1.76307e+07,-9.46878e+06
396,-196909,1.85356e+07
397,1.42336e+07,1.07885e+07
398,1.68723e+07,6.88665e+06
399,-1.62824e+07,-8.9985e+06
400,-1.18393e+07,1.36241e+07
401,8.83514e+06,1.62694e+07
402,-1.00991e+07,1.48681e+07
403,-7.48199e+06,1.64837e+07
404,1.0873e+07,-1.35769e+07
405,-1.32164e+07,-1.18642e+07
406,-5.56049e+06,-1.77141e+07
407,9.4691e+06,1.48147e+07
408,8.75118e+06,-1.63359e+07
409,-1.16519e+07,-1.2843e+07
410,-9.24156e+06,1.51672e+07
411,7.18268e+06,-1.65232e+07
412,-3.60665e+06,-1.78742e+07
413,1.77589e+07,-1.00748e+06
414,1.63794e+07,-7.78686e+06
415,-1.1493e+07,-1.31961e+07
416,1.02469e+07,-1.39273e+07
417,-1.22781e+07,1.2099e+07
418,-4.67841e+06,1.71571e+07
419,1.4436e+07,8.46176e+06
420,-1.71781e+07,-245301
421,-1.26155e+07,1.27495e+07
422,-1.61588e+07,-5.71821e+06
423,-4.94933e+06,-1.79094e+07
424,-1.6942e+07,6.82547e+06
425,-7.61755e+06,1.57702e+07
426,-1.68861e+07,-3.45045e+06
427,-3.6179e+06,-1.73369e+07
428,4.02954e+06,-1.59747e+07
429,-1.73684e+07,-104266
430,1.28138e+07,1.08435e+07
431,-1.44848e+07,7.12566e+06
432,1.12657e+06,1.86529e+07
433,1.67834e+07,-4.08198e+06
434,1.17785e+07,1.1741e+07
435,1.98032e+06,1.81149e+07
436,-1.23318e+07,-1.11584e+07
437,-1.7264e+07,-620655
438,-1.43881e+07,-8.35732e+06
439,4.81233e+06,-1.64024e+07
440,-3.86516e+06,-1.73643e+07
441,-641621,1.68954e+07
442,7.47721e+06,-1.48328e+07
443,-1.66623e+07,-2.25265e+06
444,-6.88846e+06,-1.39995e+07
445,-1.18265e+07,1.11185e+07
446,9.17352e+06,-1.43292e+07
447,-1.81919e+07,-1.45883e+06
448,-8.28314e+06,1.50733e+07
449,1.16183e+07,1.17483e+07
450,-1.68971e+07,-930365
451,1.09837e+07,1.24353e+07
452,1.4459e+07,5.73931e+06
453,-1.10644e+07,-1.17062e+07
454,1.00965e+07,-1.47651e+07
455,-796743,-1.65287e+07
456,3.5516e+06,1.59117e+07
457,1.35001e+07,-9.28023e+06
458,-8.41525e+06,1.24566e+07
459,1.28273e+06,-1.60774e+07
460,-1.03487e+07,1.34764e+07
461,1.27956e+07,9.86165e+06
462,-7.96911e+06,-1.46882e+07
463,9.29684e+06,1.32746e+07
464,-1.61048e+06,1.61398e+07
465,-6.93656e+06,-1.49425e+07
466,-1.20107e+07,9.1932e+06
467,-1.31683e+07,9.84555e+06
468,-3.86461e+06,-1.66516e+07
469,6.08795e+06,1.43481e+07
470,-1.09739e+07,-1.05051e+07
471,4.82277e+06,-1.56276e+07
472,-3.52458e+06,1.47743e+07
473,1.41714e+07,6.77313e+06
474,-1.58088e+07,-4.34744e+06
475,1.59035e+07,1.35553e+06
476,7.55918e+06,1.23157e+07
477,-1.48792e+07,6.3526e+06
478,-1.31643e+07,9.21424e+06
479,-7.58172e+06,-1.42131e+07
480,1.41248e+07,-5.77783e+06
481,-1.06221e+07,1.13575e+07
482,-6.25712e+06,1.46464e+07
483,-8.94498e+06,-1.16968e+07
484,-4.30178e+06,1.50798e+07
485,1.50635e+07,-3.16299e+06
486,-1.2958e+07,-8.08158e+06
487,-1.48525e+07,-2.77202e+06
488,1.42088e+07,5.26261e+06
489,-1.03004e+07,-1.23563e+07
490,7.67474e+06,1.41765e+07
491,-1.07998e+07,-1.08934e+07
492,1.31976e+07,-8.00564e+06
493,1.68022e+07,-2.99701e+06
494,-1.3585e+07,-7.2051e+06
495,-1.52402e+07,2.35245e+06
496,1.01917e+07,-1.16736e+07
497,2.90272e+06,1.56194e+07
498,1.12342e+06,1.60664e+07
499,1.52977e+07,-376479
500,1.50098e+07,-6.10439e+06
501,-1.08888e+07,1.05732e+07
502,1.22822e+06,1.54645e+07
503,1.24189e+07,-9.14385e+06
504,-7.06444e+06,-1.54756e+07
505,-7.8501e+06,-1.27552e+07
506,-2.58823e+06,1.44927e+07
507,5.94826e+06,-1.42636e+07
508,1.36898e+07,6.15805e+06
509,-3.79328e+06,1.53815e+07
510,1.52392e+07,-5.60268e+06
511,-8.56324e+06,-1.21423e+07
512,-1.51273e+07,1.12863e+06
513,1.36406e+07,-7.4333e+06
514,1.32682e+07,6.685e+06
515,1.4665e+07,-2.00478e+06
516,-253173,1.53198e+07
517,-9.83622e+06,1.14765e+07
518,1.4722e+07,835070
519,318289,1.45565e+07
520,1.21548e+07,7.37877e+06
521,-1.48192e+07,-3.1953e+06
522,-1.43986e+07,-26832.8
523,109903,-1.3978e+07
524,-1.38552e+07,-4.64468e+06
525,-1.18351e+07,-8.52002e+06
526,6.13311e+06,1.22293e+07
527,1.30557e+07,-7.04645e+06
528,-1.36133e+07,4.59475e+06
529,4.61909e+06,1.32074e+07
530,4.25815e+06,-1.37043e+07
531,-9.05546e+06,8.9055e+06
532,-1.23374e+07,-6.71751e+06
533,-1.1088e+07,-9.12566e+06
534,-1.98797e+06,-1.42398e+07
535,-8.77618e+06,1.09684e+07
536,7.14125e+06,1.1793e+07
537,1.1202e+07,6.49967e+06
538,-7.33325e+06,1.21761e+07
539,8.20074e+06,-1.17571e+07
540,8.95209e+06,1.09987e+07
541,-1.33344e+07,-5.02133e+06
542,1.39892e+07,2.1099e+06
543,4.33811e+06,1.35489e+07
544,-1.43914e+07,-670075
545,1.32552e+07,-3.81069e+06
546,1.05043e+06,-1.42057e+07
547,2.81545e+06,-1.34232e+07
548,-1.13349e+07,9.49155e+06
549,-1.22789e+07,-7.39113e+06
550,-1.14794e+07,9.96443e+06
551,6.65966e+06,1.21788e+07
552,-1.23391e+07,7.07488e+06
553,1.33251e+07,4.24213e+06
554,-1.19875e+07,5.08769e+06
555,-3.8984e+06,-1.32548e+07
556,-1.39176e+07,1.77491e+06
557,1.04516e+07,-8.91688e+06
558,1.42229e+07,-3.72811e+06
559,-1.09219e+07,-8.45335e+06
560,9.68478e+06,-9.59161e+06
561,-1.12589e+07,8.29148e+06
562,-2.14662e+06,1.36552e+07
563,1.26643e+07,2.40565e+06
564,-1.31387e+07,3.75297e+06
565,1.35546e+07,740664
566,4.27992e+06,1.37026e+07
567,1.24243e+07,-5.21634e+06
568,1.03368e+07,9.04294e+06
569,1.29487e+07,3.03648e+06
570,-9.2076e+06,1.02105e+07
571,-1.18891e+07,-5.6035e+06
572,2.771e+06,1.349e+07
573,-1.29421e+07,5.35326e+06
574,6.63575e+06,1.26729e+07
575,1.15171e+07,7.78742e+06
576,-7.9489e+06,1.08467e+07
577,-1.04739e+07,8.64218e+06
578,1.00683e+07,8.64947e+06
579,-1.36155e+07,-913121
580,1.32205e+07,-853960
581,169740,1.34902e+07
582,4.8566e+06,-1.25164e+07
583,7.26184e+06,1.05438e+07
584,1.22247e+07,6.08211e+06
585,77256.1,-1.31479e+07
586,5.36419e+06,1.14381e+07
587,5.02546e+06,-1.20036e+07
588,-8.25558e+06,1.09208e+07
589,-9.80426e+06,-8.18345e+06
590,-1.64514e+06,1.34845e+07
591,9.66438e+06,-9.05212e+06
592,-1.09116e+07,8.75133e+06
593,-8.9352e+06,-9.76482e+06
594,5.59209e+06,-1.18968e+07
595,-5.57696e+06,1.17012e+07
596,-8.61296e+06,1.03088e+07
597,-2.25028e+06,1.28284e+07
598,9.34287e+06,9.18367e+06
599,-259808,1.24551e+07
600,1.21965e+07,-4.29845e+06
601,1.06029e+07,7.48951e+06
602,1.01186e+07,8.87161e+06
603,1.16565e+07,-5.50583e+06
604,-9.54709e+06,9.75104e+06
605,7.41879e+06,-1.02446e+07
606,1.26405e+06,-1.26163e+07
607,2.48684e+06,-1.22485e+07
608,1.21192e+07,-1.15632e+06
609,-509181,1.26311e+07
610,1.0939e+07,6.76646e+06
611,8.20342e+06,9.6061e+06
612,1.73317e+06,-1.24769e+07
613,5.15613e+06,1.18794e+07
614,-8.77864e+06,-8.50217e+06
615,-2.7475e+06,1.22313e+07
616,9.0159e+06,9.68103e+06
617,-357526,-1.3207e+07
618,-4.02196e+06,-1.18617e+07
619,4.4778e+06,1.2168e+07
620,-8.42524e+06,-9.89194e+06
621,-4.02882e+06,1.23875e+07
622,1.18186e+07,2.88177e+06
623,-9.8211e+06,9.01083e+06
624,-2.1213e+06,1.27676e+07
625,-5.69963e+06,1.08094e+07
626,6.72458e+06,1.10746e+07
627,3.00544e+06,-1.24381e+07
628,-3.80466e+06,-1.14887e+07
629,-3.31251e+06,1.17313e+07
630,5.91832e+06,-1.04953e+07
631,-5.87711e+06,1.07776e+07
632,5.12308e+06,1.21132e+07
633,-3.52785e+06,1.20212e+07
634,1.18884e+07,-3.69429e+06
635,7.12966e+06,1.01961e+07
636,7.2553e+06,1.06122e+07
637,-6.69833e+06,-9.95135e+06
638,-869326,1.25871e+07
639,-6.2373e+06,1.12369e+07
640,1.17438e+07,1.77683e+06
641,-1.1159e+07,3.71381e+06
642,5.53347e+06,1.06037e+07
643,-1.21138e+07,197148
644,-1.11254e+07,-3.41561e+06
645,-1.19582e+07,3.88467e+06
646,1.89844e+06,1.1728e+07
647,-1.05567e+07,-5.65154e+06
648,-5.45732e+06,-1.08385e+07
649,-8.76727e+06,-8.8011e+06
650,-1.21968e+07,-856664
651,8.22739e+06,-9.01834e+06
652,-9.31461e+06,-8.02527e+06
653,-1.00348e+07,-7.11496e+06
654,1.09736e+07,-4.56053e+06
655,1.90016e+06,-1.17705e+07
656,-1.10729e+07,-4.6408e+06
657,6.86078e+06,-1.02462e+07
658,-3.58283e+06,-1.19386e+07
659,1.12176e+07,-1.81712e+06
660,-9.53371e+06,-5.5136e+06
661,-1.16723e+07,3.27582e+06
662,1.1747e+07,-1.21147e+06
663,-8.45868e+06,-8.6083e+06
664,1.15045e+07,2.36163e+06
665,-1.13265e+07,2.47111e+06
666,1.13755e+07,-2.73417e+06
667,1.20483e+07,-2.12412e+06
668,-8.45379e+06,-8.6842e+06
669,-1.15966e+07,1.53519e+06
670,-8.96161e+06,8.00242e+06
671,-9.88822e+06,-5.36446e+06
672,3.21067e+06,1.0903e+07
673,4.17182e+06,1.11687e+07
674,1.14818e+07,772615
675,-7.43423e+06,-9.28813e+06
676,-1.0505e+07,4.82486e+06
677,9.71433e+06,-5.28995e+06
678,9.32888e+06,4.08975e+06
679,8.17051e+06,8.84762e+06
680,8.51778e+06,8.23192e+06
681,-1.15431e+07,-1.48557e+06
682,3.33929e+06,1.16383e+07
683,1.04615e+07,5.4071e+06
684,-1.01652e+07,-4.79907e+06
685,-1.11816e+07,-2.31866e+06
686,6.01932e+06,-9.72318e+06
687,5.33567e+06,-1.02677e+07
688,4.23277e+06,-1.03229e+07
689,-4.27981e+06,-1.08876e+07
690,-7.58106e+06,-9.50884e+06
691,5.45036e+06,1.02732e+07
692,-2.99916e+06,1.10997e+07
693,8.22735e+06,8.05873e+06
694,-1.11326e+07,-4.38746e+06
695,-1.95506e+06,-1.11197e+07
696,-4.90445e+06,1.06359e+07
697,1.2291e+07,-862309
698,-1.10549e+07,-2.41868e+06
699,1.02465e+07,-4.20269e+06
700,7.22722e+06,8.74923e+06
701,-1.15401e+07,498273
702,1.00774e+07,4.35881e+06
703,-9.86701e+06,4.60014e+06
704,-2.48292e+06,1.11701e+07
705,-9.35399e+06,5.70867e+06
706,9.95129e+06,2.68662e+06
707,-1.0747e+07,4.12053e+06
708,-8.71814e+06,7.4994e+06
709,1.22749e+06,1.13398e+07
710,-3.45221e+06,1.08364e+07
711,9.31865e+06,-5.49905e+06
712,-9.8407e+06,-6.77076e+06
713,-8.3756e+06,-6.48821e+06
714,8.04356e+06,-7.28842e+06
715,-4.65248e+06,-1.00874e+07
716,-6.05038e+06,9.37241e+06
717,1.07333e+07,1.15879e+06
718,1.06166e+07,3.47145e+06
719,-1.06196e+07,-2.43637e+06
720,4.70211e+06,-1.0391e+07
721,686138,-1.08782e+07
722,-1.07853e+07,2.22407e+06
723,-5.03333e+06,9.7663e+06
724,1.06342e+07,2.69299e+06
725,9.58984e+06,1.82176e+06
726,-1.11261e+07,-3.64524e+06
727,2.39196e+06,1.09595e+07
728,-1.82046e+06,1.08416e+07
729,5.56226e+06,-1.00041e+07
730,9.91765e+06,5.19204e+06
731,6.80153e+06,-8.30225e+06
732,2.3403e+06,1.03643e+07
733,-6.3831e+06,8.60497e+06
734,-1.1286e+06,-1.05133e+07
735,1.00582e+06,-1.08733e+07
736,5.60319e+06,9.50327e+06
737,-5.10176e+06,9.73699e+06
738,-8.27173e+06,-7.27338e+06
739,1.02174e+07,4.29494e+06
740,9.11272e+06,-5.19123e+06
741,1.44204e+06,-9.87088e+06
742,4.85882e+06,9.6438e+06
743,-8.7021e+06,-6.9011e+06
744,204198,-1.06279e+07
745,-6.45761e+06,8.29214e+06
746,-5.12288e+06,-9.45887e+06
747,4.77152e+06,-9.75135e+06
748,-8.87656e+06,6.33978e+06
749,-8.50565e+06,-6.22458e+06
750,1.0401e+07,762310
751,5.71733e+06,9.68545e+06
752,5.99506e+06,8.53488e+06
753,-7.63288e+06,-7.77166e+06
754,-2.46312e+06,-1.02683e+07
755,-9.47062e+06,5.38456e+06
756,-6.15551e+06,-8.30982e+06
757,965246,-1.02446e+07
758,-9.64782e+06,4.54129e+06
759,-1.02241e+07,2.82394e+06
760,-8.47959e+06,6.07485e+06
761,1.02116e+07,-4.38128e+06
762,9.33625e+06,-4.79669e+06
763,-9.691e+06,4.43377e+06
764,-9.18001e+06,-5.46425e+06
765,-1.05896e+07,2.04961e+06
766,9.45194e+06,-4.88087e+06
767,6.96832e+06,-7.48047e+06
768,-5.32755e+06,9.26806e+06
769,4.04301e+06,9.99802e+06
770,-9.20694e+06,5.81903e+06
771,9.25097e+06,5.61438e+06
772,1.0386e+07,1.55692e+06
773,5.07765e+06,-9.27406e+06
774,7.62958e+06,-7.23983e+06
775,9.42403e+06,-4.47045e+06
776,7.01885e+06,7.5977e+06
777,-931047,9.617e+06
778,8.54214e+06,-5.41527e+06
779,9.85269e+06,2.4346e+06
780,1.03758e+07,1.47725e+06
781,5.12557e+06,-9.29355e+06
782,1.01694e+07,2.91378e+06
783,-6.72602e+06,8.18134e+06
784,9.94229e+06,5.26795e+06
785,1.13132e+06,-1.02617e+07
786,8.05828e+06,6.38215e+06
787,1.01922e+07,-34912.6
788,-9.15231e+06,3.95398e+06
789,1.0331e+07,1.4685e+06
790,3.6553e+06,-9.65591e+06
791,-8.76933e+06,-5.86731e+06
792,6.31109e+06,-7.64262e+06
793,-7.85129e+06,6.43955e+06
794,2.12541e+06,1.10052e+07
795,-5.59545e+06,-8.65571e+06
796,-1.0254e+07,2.3178e+06
797,1.04557e+07,2.75013e+06
798,-5.97668e+06,-8.3678e+06
799,1.02496e+07,1.28502e+06
800,1.06233e+07,4.65692e+06
801,-8.39432e+06,6.28767e+06
802,-8.181e+06,-7.04769e+06
803,-8.35556e+06,-6.47275e+06
804,6.26294e+06,7.20638e+06
805,5.70682e+06,-7.50638e+06
806,8.56398e+06,-4.1762e+06
807,-5.2713e+06,-8.74544e+06
808,-1.29407e+06,-9.00274e+06
809,974611,9.78521e+06
810,-3.14926e+06,8.84584e+06
811,8.95628e+06,4.71501e+06
812,2.61539e+06,9.87002e+06
813,-6.53915e+06,-7.37473e+06
814,-8.93139e+06,2.91762e+06
815,1.77539e+06,-1.03027e+07
816,-924930,9.78794e+06
817,-8.55157e+06,-5.55019e+06
818,6.53689e+06,-7.36152e+06
819,-8.82351e+06,-4.5213e+06
820,-8.63605e+06,4.48856e+06
821,-9.48748e+06,3.71416e+06
822,5.91214e+06,7.6478e+06
823,6.12054e+06,8.01026e+06
824,-1.23513e+06,-9.03087e+06
825,9.5336e+06,-1.60262e+06
826,-9.71074e+06,820308
827,-382959,-9.76734e+06
828,-6.76682e+06,7.69412e+06
829,7.07173e+06,6.73792e+06
830,-5.70559e+06,7.27758e+06
831,402984,9.73391e+06
832,-3.36138e+06,-9.03828e+06
833,3.41906e+06,9.22278e+06
834,-1.05375e+06,-9.59171e+06
835,-9.50585e+06,-639866
836,3.29312e+06,8.69986e+06
837,-1.90807e+06,-9.03226e+06
838,3.33248e+06,8.86274e+06
839,-2.89836e+06,9.25277e+06
840,-2.84664e+06,8.94984e+06
841,5.34363e+06,-7.8956e+06
842,-8.91035e+06,-3.03487e+06
843,-504712,9.48028e+06
844,8.33213e+06,-3.62857e+06
845,7.68961e+06,5.40744e+06
846,2.85924e+06,-8.97311e+06
847,4.27182e+06,-8.48203e+06
848,-1.96135e+06,-9.50207e+06
849,-5.02013e+06,7.53986e+06
850,5.78065e+06,7.39451e+06
851,-7.49529e+06,-5.95983e+06
852,5.66964e+06,-7.43116e+06
853,9.60533e+06,1.49539e+06
854,1.24126e+06,8.85301e+06
855,7.57524e+06,-5.66521e+06
856,6.65388e+06,-6.18923e+06
857,8.89501e+06,2.03606e+06
858,6.21176e+06,6.73737e+06
859,1.18689e+06,8.80863e+06
860,9.31883e+06,96792.8
861,-1.14086e+06,9.29772e+06
862,5.90477e+06,-6.78824e+06
863,-7.4289e+06,5.09976e+06
864,-9.13754e+06,-1.07375e+06
865,9.01203e+06,-1.23401e+06
866,-8.12456e+06,4.31056e+06
867,8.76152e+06,-2.41121e+06
868,7.77551e+06,4.15034e+06
869,-8.89842e+06,-871578
870,-7.76505e+06,4.85305e+06
871,2.42117e+06,-9.43915e+06
872,1.93763e+06,-9.07278e+06
873,-6.29867e+06,-6.44973e+06
874,2.67386e+06,-9.12352e+06
875,-8.39749e+06,-3.18521e+06
876,9.08629e+06,552168
877,8.30505e+06,3.80084e+06
878,5.74735e+06,7.06433e+06
879,415709,8.82411e+06
880,-1.44737e+06,-8.92416e+06
881,7.61374e+06,-4.87468e+06
882,5.23018e+06,7.85968e+06
883,-2.47328e+06,9.09449e+06
884,-344189,-9.12822e+06
885,9.01132e+06,2.12946e+06
886,-8.52549e+06,3.19606e+06
887,-8.61267e+06,-2.18361e+06
888,5.78879e+06,-6.14405e+06
889,8.97344e+06,-746864
890,7.71244e+06,-4.94315e+06
891,-4.91049e+06,-7.51816e+06
892,4.36602e+06,7.85978e+06
893,3.00587e+06,-8.17505e+06
894,6.64535e+06,-5.77179e+06
895,7.1973e+06,5.45025e+06
896,8.66418e+06,-2.64721e+06
897,8.00827e+06,-4.17783e+06
898,-4.51449e+06,8.04118e+06
899,-6.06364e+06,6.35294e+06
900,-3.10926e+06,8.77141e+06
901,7.08087e+06,-5.13934e+06
902,1.85489e+06,8.62037e+06
903,9.03611e+06,712045
904,6.57099e+06,5.99835e+06
905,8.22734e+06,-3.34447e+06
906,-8.4149e+06,-2.51387e+06
907,8.35372e+06,-3.64151e+06
908,7.47742e+06,-5.04727e+06
909,-5.98129e+06,6.46383e+06
910,8.51877e+06,-1.70562e+06
911,2.43333e+06,8.39171e+06
912,-5.95701e+06,-6.65506e+06
913,5.59566e+06,-6.9003e+06
914,6.03859e+06,-6.28397e+06
915,-7.24821e+06,4.88544e+06
916,7.89807e+06,3.8182e+06
917,-8.57393e+06,936990
918,3.22677e+06,-8.42459e+06
919,2.78475e+06,-7.96788e+06
920,1.38873e+06,-8.71825e+06
921,8.09554e+06,2.34925e+06
922,-8.48981e+06,1.93391e+06
923,-245765,8.90526e+06
924,1.85967e+06,-8.1966e+06
925,512204,-8.27754e+06
926,-6.1026e+06,6.54303e+06
927,-4.42648e+06,-7.48218e+06
928,-6.2355e+06,-5.81108e+06
929,-7.02116e+06,-4.76691e+06
930,7.57593e+06,3.55775e+06
931,3.27917e+06,8.01122e+06
932,3.51546e+06,-8.13005e+06
933,886024,8.3234e+06
934,-8.24197e+06,2.61191e+06
935,8.17892e+06,-2.64739e+06
936,-1.91915e+06,-7.92398e+06
937,8.4496e+06,-1.38777e+06
938,-8.55573e+06,973152
939,-5.52784e+06,6.31437e+06
940,-8.17368e+06,-2.75752e+06
941,7.76928e+06,3.54805e+06
942,1.14468e+06,-8.10395e+06
943,-7.96454e+06,-1.36196e+06
944,-3.24831e+06,-7.67528e+06
945,1.5905e+06,-8.49304e+06
946,-7.9585e+06,-3.24786e+06
947,573791,8.6458e+06
948,-8.43023e+06,-477388
949,5.67775e+06,6.55223e+06
950,-7.24925e+06,4.20178e+06
951,-6.18828e+06,-6.01693e+06
952,3.5365e+06,-7.69813e+06
953,7.87463e+06,2.83221e+06
954,-7.41385e+06,3.92922e+06
955,8.24525e+06,2.59999e+06
956,5.85863e+06,6.50316e+06
957,4.28306e+06,-6.68136e+06
958,5.98385e+06,6.85818e+06
959,-4.79963e+06,6.60834e+06
960,-5.68329e+06,6.56703e+06
961,2.99191e+06,7.75657e+06
962,6.10971e+06,-6.07997e+06
963,-1.75978e+06,-7.61059e+06
964,-8.27109e+06,110520
965,7.12401e+06,-4.29411e+06
966,7.52004e+06,3.22089e+06
967,-2.67485e+06,7.60322e+06
968,8.3265e+06,-515133
969,7.49454e+06,4.36398e+06
970,4.19254e+06,-7.57269e+06
971,-7.30781e+06,-3.96869e+06
972,4.71916e+06,-7.38539e+06
973,-1.95502e+06,-8.60904e+06
974,6.83248e+06,4.7754e+06
975,5.09673e+06,-6.88989e+06
976,5.56184e+06,-6.42695e+06
977,2.01533e+06,8.01393e+06
978,-7.50928e+06,3.34575e+06
979,3.56644e+06,7.32578e+06
980,1.06459e+06,8.27657e+06
981,-6.68969e+06,-4.74237e+06
982,8.18128e+06,588122
983,-4.49942e+06,6.79343e+06
984,1.48005e+06,8.11785e+06
985,-5.25139e+06,6.83866e+06
986,-363008,-8.12084e+06
987,-3.3052e+06,7.32312e+06
988,255907,8.34067e+06
989,-1.73188e+06,7.87493e+06
990,-7.30894e+06,-3.55673e+06
991,-2.45382e+06,-7.8245e+06
992,7.87102e+06,1.17654e+06
993,-7.18057e+06,-4.38466e+06
994,8.19165e+06,-1.48198e+06
995,2.62616e+06,7.87066e+06
996,39870.9,-8.01174e+06
997,1.2259e+06,8.15055e+06
998,-7.37182e+06,-3.32062e+06
999,-5.69792e+06,5.59425e+06
1000,669182,-8.46752e+06
1001,7.11674e+06,-3.83393e+06
1002,6.56728e+06,-4.77431e+06
1003,-3.02489e+06,-7.46415e+06
1004,7.79904e+06,-2.28187e+06
1005,5.83476e+06,-5.61598e+06
1006,-2.57244e+06,-7.45755e+06
1007,4.79024e+06,-6.69244e+06
1008,-7.24491e+06,-3.731e+06
1009,-3.23647e+06,-7.29127e+06
1010,5.01596e+06,-6.36292e+06
1011,7.7546e+06,1.67848e+06
1012,-902565,-8.48525e+06
1013,7.64533e+06,-2.43657e+06
1014,-4.93797e+06,6.1361e+06
1015,-7.81785e+06,1.65726e+06
1016,4.66653e+06,-6.69282e+06
1017,5.66182e+06,-6.14336e+06
1018,-1.90179e+06,-7.88691e+06
1019,7.63128e+06,1.85942e+06
1020,4.55664e+06,6.51968e+06
1021,3.57937e+06,6.80384e+06
1022,-7.79525e+06,-1.95431e+06
1023,-3.28677e+06,6.76298e+06
1024,7.715e+06,722385
1025,-3.42382e+06,7.16425e+06
1026,-6.00331e+06,-5.26786e+06
1027,-7.87886e+06,-1.68479e+06
1028,6.27682e+06,-4.80726e+06
1029,-6.37069e+06,3.5995e+06
1030,-3.59428e+06,6.5623e+06
1031,-7.81474e+06,-662740
1032,7.67245e+06,2.33972e+06
1033,-7.62031e+06,-717678
1034,2.85004e+06,-7.29505e+06
1035,-5.78046e+06,5.47922e+06
1036,-7.35166e+06,-2.39388e+06
1037,6.23373e+06,-5.07688e+06
1038,-7.62154e+06,-376062
1039,783163,-7.75725e+06
1040,-4.81648e+06,-6.04051e+06
1041,-6.43674e+06,3.69248e+06
1042,3.54474e+06,-6.84714e+06
1043,11354,7.80624e+06
1044,-2.49649e+06,-7.45399e+06
1045,3.49191e+06,-6.9279e+06
1046,588514,-7.97447e+06
1047,7.69389e+06,923711
1048,-6.91844e+06,-4.2797e+06
1049,-3.56441e+06,-6.72526e+06
1050,-7.71059e+06,-1.72951e+06
1051,6.93512e+06,-4.18872e+06
1052,-6.12505e+06,-4.72044e+06
1053,155835,-7.85438e+06
1054,-6.75581e+06,3.39494e+06
1055,-7.13612e+06,2.7628e+06
1056,-5.1625e+06,5.61805e+06
1057,-4.35026e+06,-6.12939e+06
1058,-7.06945e+06,3.22371e+06
1059,-7.84044e+06,-1.11963e+06
1060,6.15352e+06,4.56199e+06
1061,7.36935e+06,2.01176e+06
1062,-3.43471e+06,6.66006e+06
1063,-7.64661e+06,-378310
1064,-7.71401e+06,-1.64442e+06
1065,-7.44121e+06,383839
1066,3.1274e+06,6.95627e+06
1067,-598324,7.42122e+06
1068,571038,7.7e+06
1069,-2.16921e+06,-7.64037e+06
1070,1.99777e+06,7.33792e+06
1071,-3.54309e+06,-6.38422e+06
1072,3.96961e+06,6.6015e+06
1073,2.2576e+06,7.16762e+06
1074,3.31703e+06,6.68386e+06
1075,-4.34723e+06,6.05533e+06
1076,-7.24452e+06,2.104e+06
1077,2.80366e+06,-6.91105e+06
1078,-2.62957e+06,-7.20903e+06
1079,-2.3712e+06,6.93614e+06
1080,-154048,-7.74111e+06
1081,6.32231e+06,4.03137e+06
1082,-7.01914e+06,2.37972e+06
1083,-1.15274e+06,7.2505e+06
1084,-1.87508e+06,7.18904e+06
1085,-7.2398e+06,-2.17769e+06
1086,7.27695e+06,-327279
1087,-4.18479e+06,-6.12034e+06
1088,6.78542e+06,-3.21851e+06
1089,5.77078e+06,-4.83635e+06
1090,3.0255e+06,-6.81069e+06
1091,-6.04513e+06,4.04633e+06
1092,-5.28508e+06,4.75053e+06
1093,6.14697e+06,-4.02703e+06
1094,-1.38555e+06,-7.41971e+06
1095,-5.20274e+06,-5.91781e+06
1096,7.08783e+06,2.58377e+06
1097,6.98153e+06,2.41587e+06
1098,-2.78506e+06,7.13122e+06
1099,127081,-7.58822e+06
1100,7.42513e+06,1.75213e+06
1101,-5.05325e+06,5.43619e+06
1102,-1.53513e+06,7.12124e+06
1103,-1.90182e+06,-7.19891e+06
1104,6.35829e+06,-3.90922e+06
1105,-2.47234e+06,6.92622e+06
1106,-5.29948e+06,-5.10942e+06
1107,1.71558e+06,7.15132e+06
1108,-6.34104e+06,4.18779e+06
1109,602703,-7.84324e+06
1110,5.63355e+06,4.71877e+06
1111,4.39609e+06,-6.17527e+06
1112,-791624,-7.27598e+06
1113,-7.22898e+06,-2151.36
1114,6.29734e+06,3.69939e+06
1115,-5.94593e+06,4.14677e+06
1116,5.69846e+06,4.65479e+06
1117,-6.60911e+06,2.88766e+06
1118,-411688,7.02908e+06
1119,-6.1359e+06,4.8438e+06
1120,-6.67947e+06,-2.56796e+06
1121,-4.92868e+06,-5.3262e+06
1122,7.0873e+06,-1.24455e+06
1123,-1.37117e+06,7.27304e+06
1124,6.4762e+06,-3.37092e+06
1125,-7.07985e+06,1.61657e+06
1126,-4.1915e+06,5.70958e+06
1127,4.92023e+06,5.18985e+06
1128,4.0592e+06,5.93444e+06
1129,6.82458e+06,2.80421e+06
1130,1.42133e+06,7.16655e+06
1131,5.19352e+06,-5.13497e+06
1132,7.17821e+06,-301059
1133,-7.19437e+06,-210631
1134,4.49566e+06,5.48616e+06
1135,7.22763e+06,-918084
1136,3.95365e+06,6.05811e+06
1137,-2.58144e+06,6.31231e+06
1138,-7.14161e+06,726400
1139,-6.38216e+06,3.71526e+06
1140,-1.86149e+06,-6.88924e+06
1141,3.49658e+06,-6.45438e+06
1142,-503619,-7.24878e+06
1143,-1.68015e+06,-7.05583e+06
1144,-6.71697e+06,-2.57861e+06
1145,-6.6067e+06,2.45396e+06
1146,6.97719e+06,1.91823e+06
1147,-3.69349e+06,-6.34197e+06
1148,1.61599e+06,7.00862e+06
1149,892296,-7.11217e+06
1150,7.39995e+06,2.75806e+06
1151,636768,-7.10854e+06
1152,-2.24139e+06,6.82974e+06
1153,-1.9813e+06,6.79397e+06
1154,6.91932e+06,1.32682e+06
1155,-2.71388e+06,6.63198e+06
1156,-6.69482e+06,2.59415e+06
1157,4.17112e+06,5.75e+06
1158,-5.30126e+06,-4.69888e+06
1159,-80938.2,7.0261e+06
1160,4.44211e+06,-5.60141e+06
1161,-3.77445e+06,-5.98066e+06
1162,3.84462e+06,6.07509e+06
1163,3.57312e+06,6.18469e+06
1164,-3.21232e+06,6.38721e+06
1165,-7.01186e+06,463251
1166,4.9256e+06,4.58006e+06
1167,6.88567e+06,115205
1168,6.30998e+06,2.55654e+06
1169,4.84037e+06,-5.15648e+06
1170,4.84852e+06,5.09354e+06
1171,71273.2,6.73216e+06
1172,-660739,6.88761e+06
1173,6.89872e+06,696381
1174,-6.6259e+06,2.48342e+06
1175,6.99211e+06,1.18224e+06
1176,-6.7051e+06,-2.30736e+06
1177,-286687,-7.00191e+06
1178,-3.90001e+06,-5.70106e+06
1179,-6.79566e+06,-789514
1180,6.41795e+06,3.46457e+06
1181,-3.3064e+06,6.44878e+06
1182,-3.57084e+06,5.8842e+06
1183,-5.64439e+06,269140
1184,3.36474e+06,6.05639e+06
1185,-5.24592e+06,4.2555e+06
1186,-2.3679e+06,-6.37322e+06
1187,-2.63538e+06,6.28896e+06
1188,361815,-6.9335e+06
1189,-1.00058e+06,6.67422e+06
1190,-6.04195e+06,3.35524e+06
1191,-375234,-6.86506e+06
1192,5.53918e+06,-3.9396e+06
1193,5.04834e+06,4.70119e+06
1194,4.55226e+06,-4.43633e+06
1195,5.55209e+06,3.9492e+06
1196,6.74266e+06,330760
1197,913187,-6.83286e+06
1198,-1.92877e+06,-6.6298e+06
1199,-3.07479e+06,-6.0187e+06
1200,-6.79552e+06,97598.7
1201,5.63852e+06,-3.71702e+06
1202,-6.52103e+06,1.31526e+06
1203,4.07853e+06,5.55199e+06
1204,2.14663e+06,6.34105e+06
1205,-6.95958e+06,-1.34144e+06
1206,-3.76416e+06,5.71271e+06
1207,5.81496e+06,3.32539e+06
1208,-4.10294e+06,5.61374e+06
1209,-837689,6.63898e+06
1210,2.15941e+06,-6.35716e+06
1211,2.8159e+06,5.8873e+06
1212,2.92662e+06,5.95206e+06
1213,5.59413e+06,-4.08102e+06
1214,3.44153e+06,-5.86095e+06
1215,-1.0522e+06,6.52845e+06
1216,3.08657e+06,6.45236e+06
1217,1.09931e+06,6.58752e+06
1218,6.61371e+06,1.69722e+06
1219,5.64109e+06,3.52732e+06
1220,2.42491e+06,-6.2157e+06
1221,4.881e+06,-4.53062e+06
1222,-5.79322e+06,3.02797e+06
1223,2.34878e+06,-6.26108e+06
1224,5.14904e+06,4.19917e+06
1225,6.02598e+06,2.09871e+06
1226,4.84044e+06,4.27512e+06
1227,-3.05295e+06,5.97049e+06
1228,-6.01687e+06,2.61545e+06
1229,1.77094e+06,6.03098e+06
1230,-6.36943e+06,-1.3345e+06
1231,6.04514e+06,-2.61544e+06
1232,-7.28661e+06,334745
1233,6.06692e+06,-2.49889e+06
1234,-6.43461e+06,-1.73296e+06
1235,-5.97659e+06,-2.75159e+06
1236,5.70537e+06,-2.44279e+06
1237,5.61521e+06,3.08174e+06
1238,-6.56863e+06,-3.28172e+06
1239,-5.34186e+06,3.72992e+06
1240,4.47586e+06,4.74367e+06
1241,-5.10028e+06,3.83436e+06
1242,4.26553e+06,5.02006e+06
1243,-4.22568e+06,-4.90508e+06
1244,1.26426e+06,-6.35406e+06
1245,6.52056e+06,-2.03359e+06
1246,316535,6.45122e+06
1247,-2.20486e+06,6.14494e+06
1248,-6.23638e+06,-446755
1249,5.37074e+06,-3.9618e+06
1250,-1.95866e+06,-6.07979e+06
1251,-1.18441e+06,6.36036e+06
1252,5.87549e+06,2.07703e+06
1253,511094,6.33742e+06
1254,5.44744e+06,3.72076e+06
1255,-5.93051e+06,2.58892e+06
1256,-6.09294e+06,-1.45503e+06
1257,6.02823e+06,2.34962e+06
1258,6.30277e+06,1.19725e+06
1259,-6.7165e+06,-1.20097e+06
1260,-5.30096e+06,2.95263e+06
1261,-5.03863e+06,-3.1156e+06
1262,5.41619e+06,-3.60159e+06
1263,6.26345e+06,163743
1264,5.39943e+06,-2.93634e+06
1265,-4.2685e+06,-4.60928e+06
1266,-1.35301e+06,-6.19891e+06
1267,6.24823e+06,-1.69049e+06
1268,-2.19054e+06,-5.49384e+06
1269,1.81215e+06,6.5995e+06
1270,690783,6.13832e+06
1271,-5.62746e+06,-2.4875e+06
1272,2.34066e+06,5.81044e+06
1273,2.38291e+06,-5.9089e+06
1274,5.07042e+06,4.31546e+06
1275,-118328,6.13145e+06
1276,69447.9,6.29869e+06
1277,3.78357e+06,-5.06764e+06
1278,-5.93345e+06,1.97372e+06
1279,-3.88994e+06,-4.76515e+06
1280,-348777,6.09745e+06
1281,-4.53327e+06,-4.0103e+06
1282,-4.73782e+06,-2.33764e+06
1283,-2.80948e+06,5.65031e+06
1284,4.172e+06,-4.6115e+06
1285,6.19359e+06,692940
1286,-6.03338e+06,1.18184e+06
1287,-5.82918e+06,2.35156e+06
1288,3.57041e+06,5.17207e+06
1289,-168830,-6.15432e+06
1290,5.84977e+06,-432205
1291,-3.95353e+06,4.6461e+06
1292,-996774,-5.96999e+06
1293,5.89384e+06,-723330
1294,-2.3976e+06,-5.65099e+06
1295,5.66372e+06,-1.03954e+06
1296,4.52066e+06,4.56447e+06
1297,-1.22484e+06,6.14292e+06
1298,-5.58667e+06,2.80131e+06
1299,-5.87887e+06,1.40605e+06
1300,5.26407e+06,3.18477e+06
1301,4.11516e+06,-4.59048e+06
1302,5.61084e+06,2.64612e+06
1303,5.39072e+06,-2.93362e+06
1304,-301477,-6.10799e+06
1305,5.4638e+06,-2.88276e+06
1306,6.32264e+06,1.979e+06
1307,5.16656e+06,3.46396e+06
1308,5.55997e+06,2.67673e+06
1309,1.87824e+06,5.89892e+06
1310,-4.59746e+06,4.00419e+06
1311,-2.12211e+06,-5.86155e+06
1312,2.67776e+06,-5.48542e+06
1313,3.84858e+06,4.81572e+06
1314,4.70178e+06,-3.5784e+06
1315,5.64954e+06,1.76414e+06
1316,-4.67588e+06,-3.76748e+06
1317,2.03039e+06,5.77873e+06
1318,-6.08764e+06,369011
1319,5.8373e+06,-1.14122e+06
1320,4.67032e+06,-3.71624e+06
1321,-5.98057e+06,-264387
1322,6.13914e+06,1.13005e+06
1323,821343,5.78313e+06
1324,6.14546e+06,-1.35531e+06
1325,-5.78611e+06,-2.52347e+06
1326,110747,-6.0911e+06
1327,2.44964e+06,4.95152e+06
1328,-5.72678e+06,-2.45919e+06
1329,-5.24831e+06,-2.83173e+06
1330,1.65003e+06,-5.755e+06
1331,-4.79834e+06,-2.70461e+06
1332,-5.91946e+06,-1.33347e+06
1333,-6.39066e+06,538402
1334,5.87969e+06,-1.97519e+06
1335,-5.48848e+06,-3.37527e+06
1336,5.84966e+06,-579684
1337,-4.63333e+06,3.74252e+06
1338,4.27453e+06,-4.24863e+06
1339,6.3296e+06,-14304.8
1340,5.18895e+06,3.18121e+06
1341,5.84644e+06,-2.06957e+06
1342,-5.1449e+06,-2.79813e+06
1343,-4.54601e+06,-3.30922e+06
1344,2.33489e+06,5.07383e+06
1345,-5.8512e+06,-1.20619e+06
1346,5.12992e+06,2.38447e+06
1347,-536156,-5.86154e+06
1348,-5.69652e+06,1.5871e+06
1349,-816622,-5.90456e+06
1350,5.5673e+06,482562
1351,3.9591e+06,4.51784e+06
1352,-3.63375e+06,-4.66833e+06
1353,-5.55672e+06,663666
1354,-5.58318e+06,-883571
1355,-3.88337e+06,4.21606e+06
1356,-3.36675e+06,-5.20362e+06
1357,4.13437e+06,4.28444e+06
1358,1.44701e+06,-5.7426e+06
1359,5.3079e+06,3.01352e+06
1360,4.57588e+06,-4.15764e+06
1361,-5.64197e+06,-1.84168e+06
1362,-231847,5.64989e+06
1363,-4.62196e+06,-3.66416e+06
1364,-1.45728e+06,5.79207e+06
1365,-5.2599e+06,2.60929e+06
1366,5.45967e+06,-1.03824e+06
1367,5.64396e+06,2.0512e+06
1368,5.27196e+06,-2.59049e+06
1369,894141,-5.72435e+06
1370,-1.0011e+06,5.57557e+06
1371,-5.7086e+06,-431940
1372,-4.52112e+06,3.16095e+06
1373,-628385,6.00474e+06
1374,503226,-5.70472e+06
1375,1.33497e+06,5.21634e+06
1376,5.50011e+06,2.16945e+06
1377,260227,-5.69337e+06
1378,-5.55533e+06,-1.54187e+06
1379,-2.68014e+06,-6.7059e+06
1380,-5.36606e+06,1.99167e+06
1381,5.40477e+06,-918495
1382,-435125,5.47835e+06
1383,-5.42083e+06,1.72971e+06
1384,-5.71602e+06,-580811
1385,-4.92113e+06,-3.08707e+06
1386,2.09974e+06,4.91931e+06
1387,195491,5.65158e+06
1388,5.54402e+06,594768
1389,-3.8394e+06,3.98382e+06
1390,2.27442e+06,5.33451e+06
1391,5.48506e+06,-1.25559e+06
1392,761960,-5.6209e+06
1393,1.3066e+06,-5.56541e+06
1394,-4.83163e+06,-2.9554e+06
1395,-2.28225e+06,-5.71003e+06
1396,-3.33029e+06,4.75887e+06
1397,-5.79036e+06,413074
1398,-896442,-4.04833e+06
1399,-3.28183e+06,4.58231e+06
1400,4.32963e+06,-3.52671e+06
1401,-5.66349e+06,722574
1402,604271,5.62063e+06
1403,3.21808e+06,4.73805e+06
1404,-1.08471e+06,-5.61258e+06
1405,-743408,5.1963e+06
1406,-4.22525e+06,-3.73537e+06
1407,4.98902e+06,-3.42197e+06
1408,-4.96467e+06,2.64482e+06
1409,1.70124e+06,4.86182e+06
1410,1.23984e+06,-5.56224e+06
1411,-3.74111e+06,-4.16309e+06
1412,5.43828e+06,1.36588e+06
1413,-3.7619e+06,4.58104e+06
1414,-4.32731e+06,3.5754e+06
1415,3.39816e+06,4.57004e+06
1416,-903142,5.47304e+06
1417,-4.38908e+06,3.46323e+06
1418,1.7192e+06,-5.38294e+06
1419,5.19864e+06,-2.3372e+06
1420,309295,5.77451e+06
1421,2.45926e+06,-4.98058e+06
1422,4.47253e+06,-2.88377e+06
1423,-2.74716e+06,-4.16744e+06
1424,2.19627e+06,4.97567e+06
1425,5.23333e+06,-565508
1426,3.40516e+06,-4.44661e+06
1427,-3.17177e+06,-4.21132e+06
1428,-1.4009e+06,5.32129e+06
1429,-1.82631e+06,5.39899e+06
1430,-3.94276e+06,-3.20657e+06
1431,-5.39347e+06,1.73524e+06
1432,-4.78753e+06,-3.33016e+06
1433,-1.97981e+06,4.74961e+06
1434,-4.52095e+06,3.23469e+06
1435,-354141,-5.5551e+06
1436,4.84112e+06,-3.11147e+06
1437,3.56905e+06,-4.32681e+06
1438,471344,5.39006e+06
1439,4.68749e+06,3.0825e+06
1440,4.80877e+06,-2.97847e+06
1441,4.09805e+06,3.95032e+06
1442,-2.99045e+06,4.5198e+06
1443,5.55018e+06,-388809
1444,-4.92207e+06,2.65553e+06
1445,4.56188e+06,-3.30568e+06
1446,-2.31902e+06,5.07126e+06
1447,-2.66717e+06,-4.69226e+06
1448,-5.29877e+06,-2.06969e+06
1449,-4.1134e+06,3.78069e+06
1450,-5.63217e+06,138173
1451,5.25125e+06,-1.10262e+06
1452,-5.4311e+06,-1.29569e+06
1453,5.4971e+06,202754
1454,5.81472e+06,-973715
1455,4.45178e+06,3.22372e+06
1456,-5.27166e+06,-2.56318e+06
1457,-118638,5.43444e+06
1458,4.38715e+06,3.34796e+06
1459,-578694,-5.43435e+06
1460,389525,4.72298e+06
1461,-2.57604e+06,-4.83352e+06
1462,-3.19846e+06,4.9504e+06
1463,-710358,-5.96009e+06
1464,-1.13616e+06,-5.46914e+06
1465,5.53593e+06,-143238
1466,-3.72177e+06,-4.05187e+06
1467,1.45237e+06,-5.35313e+06
1468,-1.51967e+06,5.32854e+06
1469,-5.18043e+06,-2.62386e+06
1470,-299874,-5.31585e+06
1471,1.75015e+06,5.17313e+06
1472,3.99444e+06,-4.08474e+06
1473,-4.66913e+06,-2.88545e+06
1474,-3.84103e+06,-3.93299e+06
1475,4.20022e+06,3.59533e+06
1476,2.9463e+06,4.61493e+06
1477,-5.19951e+06,-2.19522e+06
1478,-5.41399e+06,-857540
1479,-1.57133e+06,5.29241e+06
1480,-867454,5.38043e+06
1481,-1.24628e+06,-5.4925e+06
1482,-2.03501e+06,4.95897e+06
1483,-3.75502e+06,-4.03565e+06
1484,-3.47783e+06,4.1017e+06
1485,-1.41309e+06,-5.45899e+06
1486,-2.91059e+06,4.7779e+06
1487,-5.08259e+06,2.24774e+06
1488,-4.56153e+06,3.11535e+06
1489,-3.85196e+06,-3.53029e+06
1490,-4.9437e+06,2.50322e+06
1491,5.39271e+06,1.35208e+06
1492,-123529,5.52539e+06
1493,-5.11167e+06,1.98939e+06
1494,5.33513e+06,708290
1495,-652901,5.43567e+06
1496,-5.22604e+06,985840
1497,-3.06847e+06,3.96516e+06
1498,-230093,5.15681e+06
1499,2.14694e+06,5.06766e+06
1500,612989,-5.54042e+06
1501,2.75033e+06,5.21857e+06
1502,-3.80376e+06,3.93927e+06
1503,5.40956e+06,720239
1504,-5.02607e+06,-2.29158e+06
1505,-1.4512e+06,4.81885e+06
1506,5.51292e+06,653348
1507,-3.17633e+06,-4.28756e+06
1508,-3.37189e+06,4.03328e+06
1509,-2.18325e+06,-4.94442e+06
1510,-5.31833e+06,1.06647e+06
1511,3.18312e+06,-4.27778e+06
1512,-413498,-5.46353e+06
1513,-2.01065e+06,4.78842e+06
1514,-2.29936e+06,-4.78748e+06
1515,5.22894e+06,-903612
1516,5.0688e+06,1.79281e+06
1517,2.8767e+06,-4.47111e+06
1518,11393,6.38807e+06
1519,5.02911e+06,-1.42174e+06
1520,26238.5,-5.32485e+06
1521,-385312,5.83039e+06
1522,-3.00778e+06,-4.86262e+06
1523,1.22078e+06,6.02224e+06
1524,3.77578e+06,3.81322e+06
1525,-4.31704e+06,-3.03485e+06
1526,2.28495e+06,5.20756e+06
1527,-4.31439e+06,3.17913e+06
1528,-1.78298e+06,5.055e+06
1529,-2.90177e+06,-4.29361e+06
1530,-4.97444e+06,1.10333e+06
1531,-2.49918e+06,4.6322e+06
1532,1.05297e+06,-4.94654e+06
1533,4.66429e+06,2.0626e+06
1534,-98857,-5.27455e+06
1535,5.09428e+06,1.66844e+06
1536,1.3198e+06,5.03056e+06
1537,-4.0135e+06,-3.79768e+06
1538,317163,5.27414e+06
1539,5.05416e+06,-869746
1540,-3.68956e+06,3.24755e+06
1541,1.50731e+06,-5.02202e+06
1542,-5.2232e+06,-251655
1543,2.37775e+06,-4.56157e+06
1544,-4.27235e+06,2.83855e+06
1545,-5.22324e+06,-470580
1546,5.15758e+06,-2.07121e+06
1547,-4.06664e+06,-3.33654e+06
1548,5.16848e+06,151150
1549,-439725,-4.70526e+06
1550,-3.61738e+06,3.69329e+06
1551,-3.37074e+06,3.91636e+06
1552,3.35304e+06,3.99322e+06
1553,-2.89147e+06,4.32778e+06
1554,-1.12887e+06,5.74309e+06
1555,-5.2051e+06,-46422.9
1556,-4.59293e+06,1.92168e+06
1557,4.95912e+06,-1.35731e+06
1558,-1.1084e+06,-4.97677e+06
1559,2.69004e+06,4.50637e+06
1560,-1.88095e+06,5.52574e+06
1561,-532569,5.19828e+06
1562,5.03174e+06,955292
1563,1.97028e+06,4.75124e+06
1564,-2.03619e+06,4.70022e+06
1565,-3.59846e+06,3.9439e+06
1566,-4.63107e+06,-2.41691e+06
1567,2.11241e+06,-4.55543e+06
1568,-4.99062e+06,902957
1569,1.71763e+06,4.86054e+06
1570,-5.42498e+06,2.36006e+06
1571,-5.09625e+06,536413
1572,-4.7806e+06,1.73783e+06
1573,5.04063e+06,359082
1574,-5.00147e+06,-704654
1575,4.95948e+06,-418089
1576,-884680,-4.97446e+06
1577,-2.54851e+06,-4.53695e+06
1578,-4.63977e+06,2.72516e+06
1579,-4.96061e+06,-1.00837e+06
1580,2.4734e+06,4.65179e+06
1581,4.65014e+06,-1.64052e+06
1582,-5.00491e+06,720974
1583,288734,-5.04454e+06
1584,3.30021e+06,-3.6785e+06
1585,-5.08811e+06,201971
1586,4.87948e+06,-1.22645e+06
1587,1.16961e+06,-4.89714e+06
1588,-661571,4.92199e+06
1589,3.39302e+06,-3.52939e+06
1590,4.81623e+06,1.84273e+06
1591,2.56826e+06,-4.45428e+06
1592,-3.32784e+06,-3.78888e+06
1593,4.11623e+06,2.78029e+06
1594,4.44588e+06,-1.91099e+06
1595,9389.3,4.95636e+06
1596,650824,-4.6988e+06
1597,-2.16592e+06,4.58068e+06
1598,-2.47922e+06,-4.27455e+06
1599,-3.91445e+06,3.60325e+06
1600,4.89518e+06,-1.03311e+06
1601,-2.88289e+06,-4.36604e+06
1602,4.69859e+06,-1.92576e+06
1603,4.60416e+06,2.0857e+06
1604,299035,4.55932e+06
1605,-2.89131e+06,-3.37215e+06
1606,4.75849e+06,-1.58301e+06
1607,-3.31985e+06,3.64111e+06
1608,4.31065e+06,2.49171e+06
1609,-213785,-4.51747e+06
1610,3.02297e+06,-3.92615e+06
1611,-224077,5.05498e+06
1612,2.84465e+06,-4.01512e+06
1613,4.35629e+06,406844
1614,132619,5.22325e+06
1615,-4.21326e+06,3.01034e+06
1616,-4.74128e+06,-1.37962e+06
1617,4.59956e+06,-1.47886e+06
1618,-1.41722e+06,4.86254e+06
1619,-966153,5.28914e+06
1620,3.95889e+06,2.9737e+06
1621,4.22114e+06,-2.61358e+06
1622,-2.51815e+06,-4.41729e+06
1623,2.21964e+06,-4.01746e+06
1624,-2.59354e+06,-3.84385e+06
1625,-3.45333e+06,-2.84031e+06
1626,1.57493e+06,-4.66359e+06
1627,-275864,-5.58055e+06
1628,-2.15853e+06,-4.37471e+06
1629,4.21142e+06,-1.17871e+06
1630,-2.35449e+06,-4.50289e+06
1631,4.42283e+06,-1.76615e+06
1632,-4.02877e+06,2.1137e+06
1633,5.2569e+06,-922322
1634,-955098,-4.64916e+06
1635,1.47097e+06,4.68991e+06
1636,-4.73449e+06,2.04361e+06
1637,-4.30283e+06,-2.67753e+06
1638,-1.88154e+06,4.76572e+06
1639,4.45288e+06,-104628
1640,-3.91566e+06,3.1742e+06
1641,-3.94155e+06,3.0186e+06
1642,4.00489e+06,-2.64785e+06
1643,-3.58064e+06,3.48535e+06
1644,1.52634e+06,4.55693e+06
1645,1.89322e+06,-4.45243e+06
1646,-4.82388e+06,1.09698e+06
1647,-770160,-4.88288e+06
1648,879791,-5.29431e+06
1649,3.88659e+06,-2.97151e+06
1650,4.53393e+06,1.53148e+06
1651,3.3476e+06,-3.53203e+06
1652,-2.5868e+06,-4.51588e+06
1653,5.45498e+06,297303
1654,2.04047e+06,-4.3507e+06
1655,4.70884e+06,-1.35563e+06
1656,4.85173e+06,-569238
1657,-202917,-4.85832e+06
1658,2.10768e+06,4.38687e+06
1659,3.84294e+06,2.92486e+06
1660,4.45405e+06,-172918
1661,2.80242e+06,3.9818e+06
1662,-3.334e+06,3.76343e+06
1663,-1.65136e+06,-4.63074e+06
1664,4.55195e+06,1.13736e+06
1665,230454,4.6593e+06
1666,3.79739e+06,-3.39006e+06
1667,3.37627e+06,3.45842e+06
1668,-1.66615e+06,4.64054e+06
1669,-4.68512e+06,-1.09106e+06
1670,4.75773e+06,704406
1671,-2.39049e+06,3.96198e+06
1672,1.03461e+06,4.58617e+06
1673,4.624e+06,1.26842e+06
1674,-3.98088e+06,-3.16898e+06
1675,-4.48142e+06,-1.00098e+06
1676,-3.03875e+06,3.81292e+06
1677,-1.46096e+06,4.63619e+06
1678,-3.24091e+06,-4.02319e+06
1679,4.59196e+06,1.37889e+06
1680,747182,4.75107e+06
1681,874229,-5.18631e+06
1682,3.64519e+06,-3.10075e+06
1683,4.3858e+06,-721953
1684,3.06616e+06,3.53457e+06
1685,-2.93217e+06,-3.8997e+06
1686,-3.94044e+06,-2.96603e+06
1687,-614131,4.26147e+06
1688,-3.20153e+06,-3.02205e+06
1689,3.66474e+06,-2.72725e+06
1690,-2.77945e+06,-4.27016e+06
1691,-3.11261e+06,-3.68408e+06
1692,940802,-5.18202e+06
1693,-479123,4.70461e+06
1694,168606,-4.94002e+06
1695,-2.81401e+06,-4.01453e+06
1696,-3.01307e+06,-3.56882e+06
1697,-4.33398e+06,1.43262e+06
1698,4.79701e+06,-1.10824e+06
1699,4.13615e+06,1.60651e+06
1700,2.81081e+06,3.87941e+06
1701,5.38046e+06,-439157
1702,186345,4.90962e+06
1703,-147612,-4.75922e+06
1704,3.96918e+06,-1.92466e+06
1705,-1.99274e+06,-4.28786e+06
1706,337279,-4.87259e+06
1707,4.93686e+06,-576996
1708,-4.04172e+06,-3.48765e+06
1709,3.02288e+06,-3.59143e+06
1710,1.77888e+06,4.40366e+06
1711,-4.18734e+06,-1.20922e+06
1712,-10523.9,4.75425e+06
1713,1.78356e+06,-4.48831e+06
1714,-1.0621e+06,4.72232e+06
1715,4.19168e+06,1.68384e+06
1716,-3.56582e+06,-2.86077e+06
1717,-4.29136e+06,-1.82585e+06
1718,3.11733e+06,-3.35841e+06
1719,-2.01715e+06,4.26227e+06
1720,-3.59806e+06,-2.32819e+06
1721,-2.65058e+06,-4.19084e+06
1722,4.06897e+06,2.21847e+06
1723,3.30925e+06,2.92467e+06
1724,104777,-4.74956e+06
1725,3.96445e+06,-2.78766e+06
1726,2.94413e+06,-3.87793e+06
1727,-2.2638e+06,3.82065e+06
1728,2.2713e+06,-3.69886e+06
1729,1.35268e+06,-4.48671e+06
1730,2.07127e+06,-4.16817e+06
1731,4.41648e+06,-2.53542e+06
1732,4.68512e+06,518450
1733,-4.97447e+06,-189028
1734,859013,4.60513e+06
1735,-4.5407e+06,740199
1736,-400907,-4.67465e+06
1737,-4.3927e+06,1.15792e+06
1738,3.53261e+06,3.01287e+06
1739,3.90505e+06,2.49349e+06
1740,-4.06558e+06,-2.05568e+06
1741,-4.27996e+06,-1.6437e+06
1742,-4.21335e+06,-1.50382e+06
1743,-317404,-4.32384e+06
1744,4.48287e+06,1.15879e+06
1745,-4.24683e+06,1.7676e+06
1746,-97347.1,4.94508e+06
1747,-4.31323e+06,-660657
1748,-1.94696e+06,-4.26669e+06
1749,-4.58902e+06,-256319
1750,-1.0075e+06,-4.77632e+06
1751,1.37417e+06,4.23892e+06
1752,-103371,4.67921e+06
1753,3.18002e+06,3.45653e+06
1754,4.05283e+06,-2.01082e+06
1755,216581,-4.6397e+06
1756,462351,4.9195e+06
1757,2.08085e+06,-4.04401e+06
1758,-2.15756e+06,-4.07617e+06
1759,-3.78867e+06,-2.51354e+06
1760,4.47691e+06,1.5194e+06
1761,3.74013e+06,-2.20677e+06
1762,3.84045e+06,-2.46816e+06
1763,742185,4.59784e+06
1764,515210,4.63777e+06
1765,-1.71818e+06,-4.2009e+06
1766,-342292,-4.55376e+06
1767,978439,-4.30376e+06
1768,-3.11523e+06,-3.40173e+06
1769,-940221,-5.02273e+06
1770,3.38882e+06,-3.12605e+06
1771,-2.22493e+06,4.35645e+06
1772,4.25903e+06,-2.07694e+06
1773,-2.5473e+06,-3.9752e+06
1774,4.29044e+06,-1.32649e+06
1775,-4.51358e+06,542005
1776,4.35133e+06,279429
1777,-2.23627e+06,3.99357e+06
1778,-960220,4.24664e+06
1779,3.36436e+06,3.11398e+06
1780,-4.32609e+06,-886077
1781,4.1537e+06,1.34728e+06
1782,-4.33495e+06,1.12937e+06
1783,4.37506e+06,-1.0576e+06
1784,2.81244e+06,-3.29219e+06
1785,3.64609e+06,2.88278e+06
1786,1.60965e+06,-4.20059e+06
1787,-66461.9,4.48244e+06
1788,-4.13951e+06,1.61577e+06
1789,2.071e+06,4.33267e+06
1790,-826841,-4.53607e+06
1791,2.18715e+06,3.62086e+06
1792,-2.43428e+06,3.27263e+06
1793,-1.97594e+06,3.8453e+06
1794,-2.29885e+06,3.30036e+06
1795,2.64674e+06,-3.6179e+06
1796,820954,-4.46208e+06
1797,-152630,4.60224e+06
1798,-2.81785e+06,3.97783e+06
1799,4.33986e+06,544676
1800,2.45844e+06,-3.69781e+06
1801,3.71986e+06,-2.4119e+06
1802,-4.37959e+06,1.06603e+06
1803,3.64957e+06,2.58086e+06
1804,2.05784e+06,-4.33418e+06
1805,1.25609e+06,4.55486e+06
1806,1.89504e+06,4.36177e+06
1807,2.97927e+06,3.2248e+06
1808,5.02179e+06,-905853
1809,-3.0074e+06,-3.60561e+06
1810,-2.98888e+06,3.40002e+06
1811,-2.30355e+06,4.05413e+06
1812,2.84536e+06,3.42483e+06
1813,-3.63387e+06,-2.6016e+06
1814,-1.05968e+06,4.64291e+06
1815,4.22048e+06,-1.53933e+06
1816,4.22582e+06,-1.06738e+06
1817,-3.34976e+06,2.67769e+06
1818,-1.00751e+06,-3.82655e+06
1819,-1.98719e+06,3.89342e+06
1820,-2.71675e+06,-3.65969e+06
1821,1.82028e+06,4.09041e+06
1822,-4.37957e+06,-395452
1823,-880617,-4.35575e+06
1824,893683,4.41189e+06
1825,-4.20253e+06,1.22135e+06
1826,-3.65454e+06,2.37841e+06
1827,4.275e+06,693279
1828,4.38074e+06,-285116
1829,-2.01185e+06,-4.12058e+06
1830,2.81144e+06,-3.2531e+06
1831,-135397,-4.08622e+06
1832,-543869,3.8418e+06
1833,3.62389e+06,-2.77881e+06
1834,-3.75691e+06,2.22549e+06
1835,3.15939e+06,-3.39545e+06
1836,-1.87974e+06,3.87746e+06
1837,3.93682e+06,2.11689e+06
1838,-3.1554e+06,2.84838e+06
1839,4.16916e+06,-2.04358e+06
1840,-1.90558e+06,-3.98596e+06
1841,-3.81577e+06,2.09732e+06
1842,3.06157e+06,-2.65468e+06
1843,3.98038e+06,1.71522e+06
1844,4.18772e+06,-1.56265e+06
1845,-3.36459e+06,-2.90559e+06
1846,1.28394e+06,-4.06537e+06
1847,-1.76042e+06,-4.1207e+06
1848,-447622,-4.3559e+06
1849,1.2004e+06,4.00294e+06
1850,4.30607e+06,-713931
1851,-3.06018e+06,-3.09906e+06
1852,4.30182e+06,-1.24152e+06
1853,-3.5928e+06,-2.13321e+06
1854,-4.1831e+06,-1.5322e+06
1855,-4.20343e+06,-1.06758e+06
1856,-1.25695e+06,4.02701e+06
1857,925053,4.42672e+06
1858,-979628,-4.24797e+06
1859,4.35277e+06,16266.5
1860,-2.6196e+06,3.4227e+06
1861,-4.42576e+06,517336
1862,2.77291e+06,3.39172e+06
1863,165561,-4.41653e+06
1864,-4.16578e+06,-1.10185e+06
1865,-3.87055e+06,1.97038e+06
1866,3.8302e+06,-1.28101e+06
1867,-4.32656e+06,-699151
1868,4.17233e+06,1.24248e+06
1869,4.36308e+06,-129492
1870,609030,-4.27943e+06
1871,3.44514e+06,-2.59834e+06
1872,2.28577e+06,3.39064e+06
1873,1.35048e+06,4.13179e+06
1874,-3.80748e+06,1.82199e+06
1875,3.66529e+06,-2.43901e+06
1876,-1.14399e+06,4.17976e+06
1877,-3.97071e+06,-1.4735e+06
1878,4.17728e+06,422367
1879,-4.19943e+06,295115
1880,-3.7921e+06,1.29486e+06
1881,-4.13617e+06,-1.01984e+06
1882,1.79143e+06,-3.94338e+06
1883,4.30256e+06,-433004
1884,-1.40014e+06,-4.30754e+06
1885,-4.19132e+06,-505358
1886,2.38347e+06,3.33174e+06
1887,4.17421e+06,556886
1888,-3.60832e+06,-1.90271e+06
1889,-3.31508e+06,-2.65303e+06
1890,4.24068e+06,634410
1891,2.38863e+06,3.52763e+06
1892,-3.79434e+06,-1.79474e+06
1893,-1.51522e+06,4.09899e+06
1894,-3.18222e+06,2.83297e+06
1895,-1.97315e+06,-3.79059e+06
1896,260994,-4.93476e+06
1897,-2.9866e+06,2.75134e+06
1898,-2.46503e+06,3.47601e+06
1899,-3.78272e+06,487764
1900,-488660,4.50429e+06
1901,-4.1723e+06,-887798
1902,1.33536e+06,-3.848e+06
1903,3.51151e+06,2.43216e+06
1904,-2.31627e+06,3.64792e+06
1905,4.32517e+06,37211.7
1906,-4.21149e+06,42303
1907,229553,-4.59235e+06
1908,-3.42952e+06,2.44429e+06
1909,2.3584e+06,-3.50118e+06
1910,3.78242e+06,-2.20567e+06
1911,729031,4.16096e+06
1912,-750987,-4.22362e+06
1913,-3.70832e+06,-1.62105e+06
1914,4.07752e+06,-1.14887e+06
1915,555299,-3.93466e+06
1916,3.6105e+06,890050
1917,-3.75003e+06,2.6908e+06
1918,2.10806e+06,4.11958e+06
1919,3.31468e+06,-2.50653e+06
1920,-2.08507e+06,3.67001e+06
1921,-1.48034e+06,4.17887e+06
1922,4.33297e+06,-1.54788e+06
1923,2.26104e+06,3.3442e+06
1924,-3.81951e+06,-2.01141e+06
1925,3.56199e+06,-2.25954e+06
1926,1.95751e+06,-3.76211e+06
1927,3.38196e+06,2.13147e+06
1928,4.07644e+06,-952931
1929,3.22878e+06,-2.68857e+06
1930,920632,-3.50518e+06
1931,2.11505e+06,3.42959e+06
1932,-3.5567e+06,-1.39324e+06
1933,3.91006e+06,179889
1934,3.91862e+06,-875040
1935,-3.48312e+06,2.27162e+06
1936,2.03924e+06,-3.55491e+06
1937,4.46812e+06,-352154
1938,-1.11228e+06,-4.10224e+06
1939,-3.85678e+06,-1.50117e+06
1940,1.17991e+06,-3.93423e+06
1941,-1.85331e+06,3.62125e+06
1942,1.50025e+06,-4.1011e+06
1943,4.08535e+06,497848
1944,435742,4.04167e+06
1945,-1.03804e+06,4.00704e+06
1946,375502,4.00897e+06
1947,-2.87562e+06,2.7204e+06
1948,4.18455e+06,-285597
1949,-2.28873e+06,-3.33169e+06
1950,1.58418e+06,-3.80377e+06
1951,4.17046e+06,585944
1952,-4.20766e+06,-482181
1953,-3.75804e+06,1.47077e+06
1954,-4.11168e+06,2.50293e+06
1955,125644,4.07012e+06
1956,-4.41068e+06,1.24095e+06
1957,-3.65576e+06,2.0241e+06
1958,4.31514e+06,409284
1959,1.64256e+06,-4.16596e+06
1960,-3.58261e+06,1.77217e+06
1961,-343255,-4.02842e+06
1962,-2.33388e+06,2.50179e+06
1963,-1.78975e+06,3.92997e+06
1964,3.17916e+06,-1.64989e+06
1965,-3.27018e+06,-2.04453e+06
1966,3.90917e+06,-1.38325e+06
1967,-3.82111e+06,-184572
1968,-2.41694e+06,-3.10071e+06
1969,4.06112e+06,-805556
1970,-204400,4.40837e+06
1971,2.90562e+06,-2.78287e+06
1972,1.23162e+06,-4.77823e+06
1973,3.93486e+06,1.31723e+06
1974,-3.63002e+06,-1.61549e+06
1975,-1.32159e+06,3.61552e+06
1976,-704515,-3.9044e+06
1977,-3.92092e+06,-1.26851e+06
1978,-638265,4.15246e+06
1979,-3.89383e+06,-828633
1980,3.66282e+06,1.63414e+06
1981,1.3063e+06,-4.55e+06
1982,-3.23812e+06,-2.28417e+06
1983,1.93267e+06,3.53072e+06
1984,-2.77608e+06,2.8387e+06
1985,882251,3.89442e+06
1986,-4.26241e+06,198998
1987,-544876,4.22685e+06
1988,-4.35012e+06,1.00095e+06
1989,-218693,3.86353e+06
1990,1.13572e+06,3.84553e+06
1991,3.45622e+06,2.06817e+06
1992,-224579,3.97704e+06
1993,-2.22817e+06,3.16111e+06
1994,-1.89342e+06,3.52382e+06
1995,-3.15203e+06,-2.01951e+06
1996,-2.95924e+06,-2.38729e+06
1997,-3.58675e+06,-2.02226e+06
1998,-3.67352e+06,-1.40033e+06
1999,3.89328e+06,-1.0971e+06
2000,3.87576e+06,-1.17613e+06
2001,-3.55375e+06,1.2235e+06
2002,2.31473e+06,3.25648e+06
2003,178402,3.881e+06
2004,-3.86456e+06,-710639
2005,1.53262e+06,3.55819e+06
2006,3.69105e+06,-1.24433e+06
2007,2.10203e+06,-3.41053e+06
2008,-2.27419e+06,3.07141e+06
2009,3.60917e+06,648454
2010,-240877,3.74274e+06
2011,-523882,3.94536e+06
2012,1.61094e+06,-3.66272e+06
2013,2.91024e+06,-2.56675e+06
2014,-3.84052e+06,-925366
2015,-4.23452e+06,-1.89342e+06
2016,3.19178e+06,2.37855e+06
2017,66295.7,-3.69998e+06
2018,-600460,3.82122e+06
2019,-3.78501e+06,777184
2020,2.11643e+06,3.38518e+06
2021,-3.1352e+06,-2.1843e+06
2022,-43732.8,3.60827e+06
2023,-3.47776e+06,1.32371e+06
2024,-3.39216e+06,-1.73619e+06
2025,4.12053e+06,289414
2026,1.21104e+06,-3.88357e+06
2027,-3.89064e+06,-551941
2028,-702619,3.80301e+06
2029,467948,-3.90106e+06
2030,-137786,4.2502e+06
2031,2.18462e+06,-3.15176e+06
2032,-1.03742e+06,-4.0306e+06
2033,-1.4984e+06,3.59575e+06
2034,1.18819e+06,3.75017e+06
2035,-2.62142e+06,-2.58979e+06
2036,-68750.4,-4.10862e+06
2037,-268713,-3.85462e+06
2038,-3.60404e+06,-1.58319e+06
2039,-1.41376e+06,3.4806e+06
2040,1.44496e+06,-3.26106e+06
2041,2.36246e+06,-2.94102e+06
2042,2.66781e+06,2.97978e+06
2043,1.91833e+06,-3.48867e+06
2044,-2.35455e+06,-3.17245e+06
2045,-3.25876e+06,-1.94222e+06
2046,-3.11469e+06,2.19671e+06
2047,-1.18132e+06,3.849e+06
2048,-2.46247e+06,-3.41271e+06
2049,-2.13122e+06,3.45446e+06
2050,2.07495e+06,3.39485e+06
2051,-765628,3.78622e+06
2052,2.90864e+06,2.6931e+06
2053,-2.11149e+06,3.53517e+06
2054,3.40285e+06,1.24025e+06
2055,3.65993e+06,1.01066e+06
2056,-3.97159e+06,-185188
2057,3.26971e+06,2.16865e+06
2058,-3.83209e+06,-27847.4
2059,-3.47699e+06,442879
2060,-2.71769e+06,-2.28473e+06
2061,714898,-4.82934e+06
2062,2.51641e+06,-2.85392e+06
2063,-2.64366e+06,-2.76707e+06
2064,3.62977e+06,561032
2065,-3.21936e+06,2.12864e+06
2066,-3.29063e+06,1.77607e+06
2067,-3.32362e+06,1.85496e+06
2068,2.9496e+06,2.28826e+06
2069,-2.68445e+06,-2.62963e+06
2070,-3.71028e+06,955675
2071,-3.37554e+06,1.03258e+06
2072,-537728,-3.78963e+06
2073,-1.52481e+06,-3.22722e+06
2074,3.13565e+06,-2.14121e+06
2075,3.73347e+06,769786
2076,-3.06626e+06,-2.07586e+06
2077,3.4746e+06,-1.67926e+06
2078,-3.42087e+06,-1.77525e+06
2079,-3.23122e+06,1.91227e+06
2080,-1.20814e+06,-3.58859e+06
2081,-1.36897e+06,3.55308e+06
2082,1.15957e+06,3.56824e+06
2083,1.79264e+06,3.38295e+06
2084,-2.36919e+06,-3.18794e+06
2085,-3.5062e+06,1.49148e+06
2086,2.6757e+06,2.65629e+06
2087,3.51635e+06,-1.36004e+06
2088,2.43256e+06,2.82793e+06
2089,-2.75746e+06,2.04847e+06
2090,3.3268e+06,-1.77075e+06
2091,-3.43784e+06,367033
2092,876420,3.92019e+06
2093,-1.6824e+06,3.52886e+06
2094,3.39389e+06,-1.61609e+06
2095,-1.82409e+06,4.06363e+06
2096,-850941,3.67675e+06
2097,372470,3.88535e+06
2098,3.71476e+06,48193.6
2099,-2.13329e+06,3.05174e+06
2100,1.21243e+06,-3.60631e+06
2101,-2.36322e+06,2.76331e+06
2102,-3.44059e+06,-1.66483e+06
2103,2.8612e+06,-2.48055e+06
2104,2.27789e+06,2.83291e+06
2105,-2.47797e+06,-2.97715e+06
2106,951873,-3.65383e+06
2107,-2.69224e+06,2.55842e+06
2108,1.63618e+06,3.40662e+06
2109,-3.18757e+06,-2.85269e+06
2110,-2.72425e+06,-2.8996e+06
2111,-2.58957e+06,-2.72808e+06
2112,-3.25129e+06,-2.21258e+06
2113,-2.40751e+06,2.83017e+06
2114,1.39358e+06,-3.56136e+06
2115,1.2973e+06,3.44023e+06
2116,-3.12769e+06,-1.59205e+06
2117,-1.97745e+06,-3.51629e+06
2118,-3.63112e+06,-702266
2119,-3.53733e+06,852304
2120,1.91018e+06,-3.11337e+06
2121,911743,3.67389e+06
2122,-3.36537e+06,1.801e+06
2123,-3.56001e+06,-2.37917e+06
2124,-3.46866e+06,278741
2125,-2.08375e+06,2.54906e+06
2126,2.74614e+06,-2.58459e+06
2127,-1.29049e+06,-3.44064e+06
2128,2.292e+06,-2.91463e+06
2129,3.05357e+06,-2.13065e+06
2130,-3.50563e+06,1.30762e+06
2131,767825,3.68385e+06
2132,-3.54071e+06,-806418
2133,-3.4648e+06,-1.02055e+06
2134,645777,-3.97041e+06
2135,-3.19887e+06,1.7892e+06
2136,3.32583e+06,453789
2137,-734602,3.03083e+06
2138,-3.44568e+06,1.44562e+06
2139,2.25997e+06,-3.00505e+06
2140,3.74766e+06,-752924
2141,3.59041e+06,-984234
2142,2.55294e+06,2.59399e+06
2143,-3.24814e+06,-2.15108e+06
2144,2.09076e+06,3.06124e+06
2145,3.80616e+06,243696
2146,3.57223e+06,1.25023e+06
2147,-2.6902e+06,2.38003e+06
2148,3.52933e+06,-1.02735e+06
2149,-2.87375e+06,-2.9325e+06
2150,1.06511e+06,-3.56297e+06
2151,-4.05417e+06,820534
2152,3.4277e+06,1.26153e+06
2153,-1.68592e+06,3.3317e+06
2154,2.86753e+06,-2.99404e+06
2155,-3.63289e+06,981988
2156,3.20839e+06,1.7981e+06
2157,-3.5951e+06,1.03238e+06
2158,-1.86693e+06,-3.3419e+06
2159,-3.6632e+06,99642.8
2160,-3.51576e+06,924082
2161,3.6402e+06,-591963
2162,-3.64008e+06,-84558
2163,-534933,3.84381e+06
2164,2.44926e+06,2.7382e+06
2165,-2.98178e+06,-2.14662e+06
2166,1.16062e+06,3.45676e+06
2167,2.60978e+06,2.51627e+06
2168,-2.72204e+06,1.91382e+06
2169,2.48251e+06,-2.40765e+06
2170,1.66357e+06,-3.2701e+06
2171,3.4988e+06,-1.30052e+06
2172,-2.84042e+06,-2.67907e+06
2173,-1.1201e+06,-2.60488e+06
2174,-3.66648e+06,45425.3
2175,-3.57587e+06,-1.05402e+06
2176,636935,3.63583e+06
2177,-2.85601e+06,2.55271e+06
2178,-2.26411e+06,-2.74019e+06
2179,563177,3.79155e+06
2180,-865900,-3.51214e+06
2181,2.50525e+06,-2.61914e+06
2182,3.06138e+06,-1.72837e+06
2183,3.52059e+06,-1.10887e+06
2184,-2.23758e+06,2.60829e+06
2185,2.84972e+06,1.77244e+06
2186,2.81909e+06,2.04209e+06
2187,-3.0368e+06,1.84671e+06
2188,-3.47755e+06,1.40886e+06
2189,-2.67566e+06,2.08254e+06
2190,-3.37362e+06,-1.5634e+06
2191,-356184,-3.59016e+06
2192,-2.1941e+06,-2.97659e+06
2193,3.35646e+06,-1.53032e+06
2194,3.75676e+06,-242149
2195,-852075,-3.36218e+06
2196,1.97511e+06,3.05957e+06
2197,-3.44685e+06,329564
2198,3.79256e+06,-385735
2199,-3.8426e+06,-207266
2200,3.43946e+06,-2.41909e+06
2201,2.26127e+06,-2.34876e+06
2202,3.25668e+06,807526
2203,-2.15385e+06,3.05009e+06
2204,-1.82264e+06,3.06417e+06
2205,-142069,3.86322e+06
2206,3.01462e+06,-2.14999e+06
2207,-4.18496e+06,689040
2208,-3.61755e+06,931000
2209,1.0789e+06,3.4204e+06
2210,1.70152e+06,2.99128e+06
2211,-2.46267e+06,3.18895e+06
2212,50073.9,3.67841e+06
2213,-482324,4.05971e+06
2214,3.12359e+06,-1.69851e+06
2215,3.61484e+06,63913.8
2216,1.95748e+06,-3.12056e+06
2217,-1.02544e+06,3.35299e+06
2218,-1.82173e+06,2.99986e+06
2219,-4.17431e+06,-486183
2220,-1.80685e+06,-3.69998e+06
2221,-3.07895e+06,-48697.8
2222,-3.16337e+06,597544
2223,502854,3.62805e+06
2224,-3.22615e+06,485917
2225,-1.73931e+06,3.50507e+06
2226,1.99646e+06,-2.40799e+06
2227,1.154e+06,3.26654e+06
2228,3.3049e+06,-136487
2229,2.05199e+06,-3.09219e+06
2230,2.27929e+06,-2.76684e+06
2231,-2.3362e+06,3.10883e+06
2232,-2.55077e+06,-2.35581e+06
2233,2.66888e+06,-2.80552e+06
2234,2.36935e+06,2.72459e+06
2235,-3.62822e+06,422312
2236,-3.31258e+06,866877
2237,3.2591e+06,1.28504e+06
2238,772760,-3.47502e+06
2239,-2.21728e+06,-2.77424e+06
2240,2.3858e+06,3.0215e+06
2241,-1.26497e+06,-3.25241e+06
2242,195631,3.61044e+06
2243,1.94862e+06,-2.89081e+06
2244,378884,3.59061e+06
2245,-2.39457e+06,2.48211e+06
2246,3.41188e+06,758361
2247,2.87573e+06,-1.9788e+06
2248,-837900,-3.53152e+06
2249,471372,-3.41675e+06
2250,900899,3.51977e+06
2251,-3.4978e+06,-188443
2252,3.25718e+06,990058
2253,2.49618e+06,2.42451e+06
2254,1.17462e+06,3.85518e+06
2255,3.24211e+06,-2.6594e+06
2256,3.10601e+06,-47909.7
2257,-3.66331e+06,65136
2258,3.52846e+06,-5354.35
2259,-2.06505e+06,2.91127e+06
2260,-2.68783e+06,-2.36003e+06
2261,-3.05765e+06,-2.04336e+06
2262,-287514,-3.75227e+06
2263,-2.6314e+06,2.9084e+06
2264,-3.14616e+06,2.49044e+06
2265,-3.0446e+06,2.20262e+06
2266,3.39407e+06,-334705
2267,-3.80568e+06,-1.18121e+06
2268,17271,-3.50849e+06
2269,72807.7,3.3508e+06
2270,-2.38091e+06,2.3397e+06
2271,3.81957e+06,817402
2272,-2.83138e+06,2.23286e+06
2273,2.06226e+06,3.38299e+06
2274,3.49252e+06,1.39058e+06
2275,-2.5226e+06,-2.56973e+06
2276,3.58912e+06,254892
2277,-3.25257e+06,-2.01159e+06
2278,2.75405e+06,-2.66391e+06
2279,-3.10809e+06,1.59342e+06
2280,3.37678e+06,-1.37268e+06
2281,933942,3.62119e+06
2282,3.4299e+06,812343
2283,-3.35498e+06,-719494
2284,3.31376e+06,2.51752e+06
2285,3.60381e+06,199165
2286,3.00193e+06,-1.80501e+06
2287,-3.30057e+06,480459
2288,2.55509e+06,2.36268e+06
2289,-3.46259e+06,-311918
2290,-2.67405e+06,-2.30462e+06
2291,-2.65809e+06,-1.10249e+06
2292,-3.22809e+06,1.34948e+06
2293,2.03269e+06,-2.76878e+06
2294,215154,3.51165e+06
2295,-3.15968e+06,-1.66667e+06
2296,3.36884e+06,852580
2297,-3.22664e+06,2.34502e+06
2298,4.5555e+06,316893
2299,1.69662e+06,2.95902e+06
2300,3.268e+06,1.57026e+06
2301,-3.75863e+06,-393043
2302,-3.56446e+06,14113
2303,-2.88305e+06,-1.39777e+06
2304,-805912,-3.56704e+06
2305,-1.44301e+06,-3.14745e+06
2306,-845411,3.44138e+06
2307,2.43871e+06,2.53443e+06
2308,-64804.7,3.7113e+06
2309,-1.3878e+06,-2.83181e+06
2310,3.26196e+06,1.16508e+06
2311,-751093,-3.42368e+06
2312,-482290,-3.48184e+06
2313,1.85868e+06,-3.25872e+06
2314,-2.43918e+06,1.89389e+06
2315,-1.15556e+06,3.25042e+06
2316,-371924,-2.86626e+06
2317,-1.80708e+06,-3.08033e+06
2318,-2.68961e+06,2.29277e+06
2319,2.6442e+06,-2.38127e+06
2320,3.15126e+06,1.38962e+06
2321,3.62382e+06,-871094
2322,3.26398e+06,-1.09272e+06
2323,-3.46024e+06,800840
2324,-3.27686e+06,2.05307e+06
2325,-159807,3.54215e+06
2326,2.91289e+06,-1.89852e+06
2327,985800,3.74884e+06
2328,-3.35914e+06,1.10106e+06
2329,3.11876e+06,-1.59221e+06
2330,-351682,-3.41772e+06
2331,1.48481e+06,-3.09796e+06
2332,-2.81982e+06,-558004
2333,-2.74268e+06,2.15283e+06
2334,-674742,3.30224e+06
2335,-2.92221e+06,1.38369e+06
2336,-2.24865e+06,-2.137e+06
2337,-3.35859e+06,844885
2338,3.0465e+06,1.11511e+06
2339,-909708,-3.18873e+06
2340,2.17054e+06,-3.03998e+06
2341,2.82632e+06,-1.97852e+06
2342,2.76934e+06,1.49694e+06
2343,-54812.3,3.47511e+06
2344,237126,-3.5147e+06
2345,2.53541e+06,-2.40053e+06
2346,319458,-3.57239e+06
2347,3.37085e+06,1.4579e+06
2348,2.32169e+06,-2.26015e+06
2349,-3.12466e+06,-1.57006e+06
2350,521991,-3.43798e+06
2351,3.24328e+06,-539617
2352,-1.6121e+06,-2.93461e+06
2353,-2.91381e+06,-1.79755e+06
2354,3.12314e+06,927518
2355,533459,-3.21143e+06
2356,3.46264e+06,505224
2357,-470745,3.36995e+06
2358,3.34858e+06,1.63431e+06
2359,2.47201e+06,2.33967e+06
2360,-2.86966e+06,-1.0807e+06
2361,-678946,3.34407e+06
2362,-3.22775e+06,1.21813e+06
2363,-2.23466e+06,2.81563e+06
2364,2.2873e+06,2.27912e+06
2365,-2.13155e+06,1.97571e+06
2366,3.16348e+06,-1.43547e+06
2367,-2.1495e+06,-2.52033e+06
2368,3.32618e+06,762356
2369,-2.56446e+06,-2.3938e+06
2370,2.06846e+06,2.84361e+06
2371,-1.69434e+06,-2.7943e+06
2372,-3.79275e+06,-82856.1
2373,-3.30064e+06,153043
2374,-3.09029e+06,1.4934e+06
2375,3.36799e+06,779744
2376,-273148,3.30766e+06
2377,1.53633e+06,3.22983e+06
2378,-1.16807e+06,-3.19456e+06
2379,-1.24802e+06,3.19482e+06
2380,3.29978e+06,-560124
2381,3.78553e+06,354846
2382,-3.45496e+06,-710679
2383,777773,-3.2374e+06
2384,-3.4379e+06,270299
2385,-2.86499e+06,2.27179e+06
2386,326012,3.46106e+06
2387,1.31834e+06,3.1015e+06
2388,2.78566e+06,1.87361e+06
2389,2.15282e+06,2.43741e+06
2390,-1.41708e+06,-3.05783e+06
2391,-3.6387e+06,1.47429e+06
2392,-1.04118e+06,3.17208e+06
2393,744716,3.0467e+06
2394,3.21132e+06,891526
2395,1.73775e+06,3.64613e+06
2396,2.95874e+06,-1.801e+06
2397,2.83774e+06,1.77719e+06
2398,250661,-2.98706e+06
2399,2.44973e+06,2.16297e+06
2400,1.21747e+06,-2.79e+06
2401,-2.20827e+06,2.52073e+06
2402,-3.24397e+06,-1.14009e+06
2403,-1.78446e+06,3.28941e+06
2404,-3.07202e+06,-1.87786e+06
2405,2.89839e+06,1.46804e+06
2406,-3.19044e+06,-760453
2407,-3.21766e+06,448061
2408,1.30837e+06,3.09495e+06
2409,-1.00339e+06,3.46175e+06
2410,3.24902e+06,-1.02336e+06
2411,-135972,3.44387e+06
2412,2.9963e+06,-537886
2413,1.56743e+06,2.85937e+06
2414,-3.37575e+06,434425
2415,-1.84366e+06,-2.65273e+06
2416,-2.88697e+06,584683
2417,944760,3.24599e+06
2418,1.3563e+06,2.84513e+06
2419,3.57063e+06,-210624
2420,-2.75413e+06,1.85979e+06
2421,1.12878e+06,2.46465e+06
2422,2.89105e+06,-1.66493e+06
2423,2.24386e+06,-2.68468e+06
2424,-3.26845e+06,1.79941e+06
2425,616852,-3.4856e+06
2426,-2.75422e+06,1.84194e+06
2427,-2.65394e+06,2.33784e+06
2428,-769098,3.25035e+06
2429,-2.11063e+06,-2.56309e+06
2430,-3.3925e+06,598810
2431,-3.28911e+06,1.43077e+06
2432,-2.98269e+06,-1.87592e+06
2433,3.41884e+06,1.00018e+06
2434,3.24098e+06,-33281.1
2435,-3.03623e+06,-1.43864e+06
2436,-3.23358e+06,741368
2437,-3.97258e+06,-1.16395e+06
2438,-781514,-3.20667e+06
2439,1.47536e+06,-3.21507e+06
2440,848459,3.23015e+06
2441,-423041,-3.5404e+06
2442,-2.74068e+06,-2.52386e+06
2443,-3.18372e+06,-415096
2444,3.2314e+06,-484072
2445,3.19861e+06,-94335.2
2446,546153,-3.50986e+06
2447,-1.29585e+06,-2.90299e+06
2448,2.63317e+06,-2.11754e+06
2449,867896,-2.58e+06
2450,-3.00217e+06,-1.03706e+06
2451,-3.35443e+06,299155
2452,-2.51486e+06,-1.77073e+06
2453,-817477,2.01818e+06
2454,-2.00426e+06,-2.67842e+06
2455,-1.28056e+06,-3.08511e+06
2456,877834,-3.29173e+06
2457,-2.11383e+06,2.12025e+06
2458,-2.75457e+06,-2.68837e+06
2459,3.10215e+06,1.26746e+06
2460,909549,-3.13625e+06
2461,3.31976e+06,1.13924e+06
2462,110595,-3.62588e+06
2463,-2.32446e+06,2.45482e+06
2464,3.08334e+06,-1.79104e+06
2465,2.86471e+06,1.86509e+06
2466,3.2923e+06,-713856
2467,-2.21344e+06,2.6555e+06
2468,2.28415e+06,2.59066e+06
2469,669601,3.78539e+06
2470,3.14391e+06,182212
2471,-1.20154e+06,-2.31888e+06
2472,-840367,-3.87806e+06
2473,-3.16554e+06,1.50486e+06
2474,-3.23694e+06,1.59e+06
2475,2.65165e+06,1.91452e+06
2476,-868929,-3.19801e+06
2477,2.97241e+06,1.34378e+06
2478,1.33964e+06,-3.0458e+06
2479,-3.3726e+06,-426226
2480,-1.59199e+06,2.80551e+06
2481,-1.92455e+06,2.69605e+06
2482,3.15495e+06,64285.1
2483,2.09475e+06,-2.55035e+06
2484,931262,3.56615e+06
2485,3.22994e+06,-1.01493e+06
2486,-3.70291e+06,-421844
2487,2.72827e+06,-1.95141e+06
2488,-3.22117e+06,820492
2489,3.08113e+06,619458
2490,2.84692e+06,1.28379e+06
2491,-1.6079e+06,-3.04515e+06
2492,-2.26582e+06,-2.22897e+06
2493,2.05097e+06,2.45976e+06
2494,-568060,-3.00676e+06
2495,3.10134e+06,1.03169e+06
2496,2.89083e+06,773384
2497,2.17968e+06,-2.05408e+06
2498,-3.01735e+06,-197856
2499,-74597.4,-3.49346e+06
2500,-635171,3.2922e+06
2501,-3.42612e+06,-373079
2502,2.97497e+06,-1.20479e+06
2503,287826,-3.10766e+06
2504,1.9899e+06,-2.53093e+06
2505,663298,-3.11351e+06
2506,-1.8972e+06,-2.90264e+06
2507,-1.7694e+06,-2.7438e+06
2508,-274602,-3.1844e+06
2509,391066,-2.25624e+06
2510,-2.9318e+06,1.2643e+06
2511,2.97444e+06,400222
2512,3.1357e+06,562212
2513,3.04894e+06,-977317
2514,-2.36728e+06,2.40124e+06
2515,2.68627e+06,-162204
2516,2.20138e+06,-2.46983e+06
2517,-3.10399e+06,220674
2518,-2.22996e+06,2.54882e+06
2519,-584152,-3.30406e+06
2520,-3.24437e+06,-691557
2521,-3.20512e+06,632378
2522,-1.52046e+06,-2.8578e+06
2523,-3.15616e+06,859411
2524,-1.40869e+06,-2.92408e+06
2525,-3.15059e+06,-827428
2526,-3.73643e+06,-1.88015e+06
2527,-318828,3.07719e+06
2528,3.11437e+06,818635
2529,-785877,3.08968e+06
2530,3.29398e+06,-59423.2
2531,-2.08072e+06,2.53131e+06
2532,-2.99911e+06,1.05748e+06
2533,-2.11268e+06,-2.64208e+06
2534,2.13303e+06,-2.49688e+06
2535,-2.67688e+06,-1.64159e+06
2536,-193987,3.40656e+06
2537,351.035,3.28305e+06
2538,642339,2.91345e+06
2539,-58820.4,3.52331e+06
2540,819393,3.35066e+06
2541,1.40367e+06,2.40074e+06
2542,-2.29869e+06,-2.22526e+06
2543,2.41501e+06,2.02774e+06
2544,3.42112e+06,220508
2545,2.0341e+06,-2.37579e+06
2546,-1.56986e+06,-2.79939e+06
2547,3.15639e+06,294419
2548,-1.07817e+06,2.90948e+06
2549,-151765,3.15807e+06
2550,1.61228e+06,-2.60034e+06
2551,-3.14295e+06,7208.71
2552,3.42714e+06,-111125
2553,3.36864e+06,-357177
2554,1.28477e+06,2.94811e+06
2555,2.14494e+06,2.2805e+06
2556,3.1085e+06,-1.0108e+06
2557,-3.16575e+06,771663
2558,-1.30292e+06,2.8749e+06
2559,2.69852e+06,-1.17964e+06
2560,3.36576e+06,533077
2561,-2.97961e+06,1.1941e+06
2562,136116,3.18532e+06
2563,-1.5693e+06,2.97226e+06
2564,3.04969e+06,837342
2565,3.1463e+06,-519569
2566,1.49452e+06,2.69016e+06
2567,-1.18571e+06,2.88781e+06
2568,-850997,3.19486e+06
2569,-2.41581e+06,-2.0496e+06
2570,1.31643e+06,-2.85223e+06
2571,3.00471e+06,1.00298e+06
2572,-2.17043e+06,-1.00246e+06
2573,-3.11969e+06,312923
2574,-2.34374e+06,-2.12242e+06
2575,789407,-3.06053e+06
2576,-3.26963e+06,-816287
2577,2.82901e+06,-1.64869e+06
2578,3.07131e+06,901988
2579,1.40095e+06,2.86728e+06
2580,-1.02454e+06,3.73176e+06
2581,1.70858e+06,2.95866e+06
2582,-2.70107e+06,-1.41499e+06
2583,-509667,-3.1671e+06
2584,3.01248e+06,1.04771e+06
2585,-241408,-3.34937e+06
2586,2.66856e+06,1.9441e+06
2587,-1.31324e+06,2.76749e+06
2588,-1.78276e+06,2.4893e+06
2589,1.17972e+06,3.00207e+06
2590,2.84583e+06,723288
2591,-2.27914e+06,1.59788e+06
2592,-1.63184e+06,-2.82274e+06
2593,-2.75579e+06,-1.55548e+06
2594,2.9929e+06,1.45847e+06
2595,3.86587e+06,-411596
2596,2.3704e+06,-2.5756e+06
2597,-1.2893e+06,-2.76831e+06
2598,-2.85111e+06,-2.51009e+06
2599,264274,2.76472e+06
2600,1.21546e+06,2.92657e+06
2601,-3.00806e+06,-570867
2602,-3.10703e+06,184729
2603,-2.8237e+06,1.28732e+06
2604,-3.06326e+06,-2.009e+06
2605,-1.82828e+06,2.53383e+06
2606,-823259,-3.05121e+06
2607,-2.57835e+06,-1.89148e+06
2608,-1.68788e+06,-2.75306e+06
2609,1.0506e+06,-3.05391e+06
2610,978393,2.9855e+06
2611,-477136,-3.10977e+06
2612,-1.95954e+06,-2.4454e+06
2613,2.75347e+06,-1.19833e+06
2614,-2.13394e+06,2.10431e+06
2615,-2.76993e+06,1.44848e+06
2616,-3.58564e+06,-896392
2617,-689849,-2.7786e+06
2618,2.99404e+06,-5731.38
2619,1.41775e+06,2.80874e+06
2620,423907,-2.97703e+06
2621,-1.84829e+06,-2.25236e+06
2622,-3.07925e+06,1.10181e+06
2623,-915247,-2.56856e+06
2624,2.57884e+06,-1.64996e+06
2625,3.08954e+06,793843
2626,2.25389e+06,1.98185e+06
2627,2.80012e+06,1.5067e+06
2628,-1.69425e+06,2.67222e+06
2629,-86792.2,-3.01253e+06
2630,3.00639e+06,137385
2631,2.72162e+06,1.50594e+06
2632,620462,3.08308e+06
2633,2.05167e+06,-2.5775e+06
2634,-3.07405e+06,591669
2635,17433.5,3.06353e+06
2636,-828192,-2.62508e+06
2637,-3.03206e+06,-69009.8
2638,3.48242e+06,1.05068e+06
2639,288744,3.11479e+06
2640,-2.68677e+06,629292
2641,2.74148e+06,1.4035e+06
2642,-2.62153e+06,-1.98329e+06
2643,-2.04249e+06,2.43472e+06
2644,-2.27314e+06,-2.26012e+06
2645,-703583,-2.97916e+06
2646,3.04096e+06,-42257.1
2647,-1.75932e+06,2.57804e+06
2648,2.88435e+06,-1.12231e+06
2649,2.13228e+06,2.19694e+06
2650,-1.94883e+06,2.09516e+06
2651,-984495,2.83719e+06
2652,461992,-3.02933e+06
2653,1.96001e+06,-2.39625e+06
2654,-2.53476e+06,267110
2655,2.77876e+06,-1.56488e+06
2656,-2.38199e+06,1.89733e+06
2657,2.04854e+06,-2.15628e+06
2658,776983,-3.18226e+06
2659,-509093,-3.02114e+06
2660,-2.83536e+06,850824
2661,2.46696e+06,888273
2662,-2.52137e+06,1.64665e+06
2663,160754,-2.92889e+06
2664,-2.27011e+06,-2.16071e+06
2665,2.42116e+06,1.77627e+06
2666,-2.44552e+06,1.70909e+06
2667,-1.90783e+06,2.49203e+06
2668,613800,-2.83135e+06
2669,-2.27615e+06,1.57228e+06
2670,-2.34748e+06,-1.35846e+06
2671,2.58346e+06,602091
2672,3.31476e+06,829483
2673,2.15022e+06,2.06223e+06
2674,2.63364e+06,-1.58357e+06
2675,-2.79097e+06,1.18213e+06
2676,2.32794e+06,-1.93646e+06
2677,2.6257e+06,1.14438e+06
2678,-2.96937e+06,-57796.3
2679,962266,-2.78225e+06
2680,-1.33094e+06,-2.67109e+06
2681,1.631e+06,2.76936e+06
2682,746465,-2.99063e+06
2683,1.74326e+06,2.26879e+06
2684,1.91662e+06,-1.65236e+06
2685,-2.76122e+06,-1.2709e+06
2686,-1.01707e+06,2.82628e+06
2687,937501,3.20284e+06
2688,-89729,3.03818e+06
2689,-3.33844e+06,171810
2690,1.3023e+06,-2.4923e+06
2691,705056,3.02295e+06
2692,-2.51655e+06,-1.73768e+06
2693,-1.09277e+06,-2.8508e+06
2694,2.68424e+06,-552591
2695,-1.62899e+06,3.08683e+06
2696,2.44891e+06,-1.52899e+06
2697,3.06004e+06,-650764
2698,-2.04655e+06,-2.23489e+06
2699,-1.77529e+06,-2.4336e+06
2700,302774,-3.01086e+06
2701,2.99854e+06,-556715
2702,-813229,3.08161e+06
2703,-2.58421e+06,1.49871e+06
2704,368777,-2.9594e+06
2705,2.90476e+06,1.11091e+06
2706,2.51521e+06,1.55516e+06
2707,1.72542e+06,-2.44861e+06
2708,970073,-2.94535e+06
2709,2.75505e+06,-1.34221e+06
2710,-989585,2.71538e+06
2711,1.99877e+06,1.92897e+06
2712,-2.59469e+06,-498048
2713,1.58788e+06,-2.69905e+06
2714,-38221.2,-2.94708e+06
2715,-630513,2.7269e+06
2716,1.91142e+06,2.29099e+06
2717,-927142,2.78932e+06
2718,2.78815e+06,-1.22838e+06
2719,-3.20382e+06,-645615
2720,-1.28591e+06,-2.69132e+06
2721,-2.34829e+06,1.85843e+06
2722,-1.9772e+06,2.20676e+06
2723,-3.36181e+06,148815
2724,3.17303e+06,306877
2725,2.95046e+06,1.92818e+06
2726,2.83384e+06,-209961
2727,974186,-2.93868e+06
2728,2.88681e+06,-848365
2729,55543,3.47681e+06
2730,2.22571e+06,1.83484e+06
2731,-1.66017e+06,-3.38572e+06
2732,-2.30444e+06,1.92301e+06
2733,2.1757e+06,-2.08787e+06
2734,1.96789e+06,-1.97048e+06
2735,1.65134e+06,2.46215e+06
2736,2.72969e+06,-1.47878e+06
2737,-2.8505e+06,-1.20287e+06
2738,51621.1,2.93885e+06
2739,1.62627e+06,-2.48784e+06
2740,-2.91145e+06,727959
2741,2.67226e+06,901118
2742,-3.06444e+06,-978809
2743,2.92458e+06,-443720
2744,1.49396e+06,-3.50788e+06
2745,-514297,2.93621e+06
2746,3.74385e+06,-419797
2747,-2.356e+06,1.86299e+06
2748,-2.34618e+06,2.52566e+06
2749,2.18796e+06,-1.98608e+06
2750,1.87506e+06,2.21134e+06
2751,-3.05286e+06,203399
2752,-2.54398e+06,367215
2753,-2.5714e+06,1.64889e+06
2754,-853252,-2.70015e+06
2755,2.38294e+06,-1.7266e+06
2756,-2.29406e+06,1.81775e+06
2757,1.02465e+06,-2.80324e+06
2758,-1.97835e+06,2.23243e+06
2759,-2.08364e+06,-1.85751e+06
2760,-168877,-3.33186e+06
2761,3.15659e+06,458455
2762,3.00814e+06,-455746
2763,-2.57325e+06,-1.18305e+06
2764,169217,2.92679e+06
2765,-3.02632e+06,-451807
2766,-2.22252e+06,2.04976e+06
2767,-2.9279e+06,538278
2768,779977,-2.86505e+06
2769,-378071,2.93719e+06
2770,-2.6624e+06,-24701.1
2771,-2.12882e+06,2.30853e+06
2772,2.37222e+06,2.26969e+06
2773,622329,-2.98312e+06
2774,-1.33657e+06,-2.17697e+06
2775,93665.2,-2.89071e+06
2776,739550,2.69151e+06
2777,-1.21312e+06,2.46246e+06
2778,-601401,2.80043e+06
2779,1.66442e+06,2.36194e+06
2780,2.19596e+06,1.88462e+06
2781,-2.86599e+06,-333172
2782,-2.55378e+06,315038
2783,1.08488e+06,-2.69028e+06
2784,-2.32954e+06,-1.41349e+06
2785,-3.03173e+06,-328781
2786,3.54822e+06,452673
2787,-1.66147e+06,2.50672e+06
2788,-2.79263e+06,651332
2789,-2.03004e+06,-2.27563e+06
2790,-3.1649e+06,1.04163e+06
2791,-957976,-2.8691e+06
2792,1.96548e+06,-2.16771e+06
2793,-2.9981e+06,522190
2794,136880,-3.14616e+06
2795,-1.02031e+06,2.6982e+06
2796,2.33185e+06,1.60047e+06
2797,2.27096e+06,2.39534e+06
2798,-2.45004e+06,807462
2799,2.90859e+06,-349989
2800,2.73896e+06,-1.14789e+06
2801,2.01163e+06,2.08803e+06
2802,-3.27179e+06,-348015
2803,-1.89195e+06,-2.38027e+06
2804,-430728,2.60243e+06
2805,-757870,-2.74443e+06
2806,3.66206e+06,-202786
2807,-1.52837e+06,-2.16211e+06
2808,1.20915e+06,-2.94547e+06
2809,2.70334e+06,-900074
2810,1.97074e+06,-2.51215e+06
2811,-1.90996e+06,2.23201e+06
2812,638073,2.86013e+06
2813,-2.44486e+06,-1.58815e+06
2814,-948922,-2.64628e+06
2815,1.49628e+06,2.43571e+06
2816,905607,2.71081e+06
2817,2.26444e+06,1.9129e+06
2818,-2.4186e+06,1.63918e+06
2819,-2.87478e+06,-602523
2820,-1.05908e+06,3.01135e+06
2821,2.78993e+06,1.41213e+06
2822,1.3996e+06,-2.50397e+06
2823,1.79488e+06,2.00607e+06
2824,-2.88166e+06,602403
2825,2.22184e+06,-1.88396e+06
2826,-582532,-3.14342e+06
2827,-2.64056e+06,1.3314e+06
2828,-2.85571e+06,-459824
2829,-2.2e+06,2.12543e+06
2830,2.44224e+06,89485.1
2831,2.65295e+06,293680
2832,-2.82577e+06,77675.2
2833,-1.30616e+06,-2.59477e+06
2834,2.61164e+06,-1.29935e+06
2835,-2.37062e+06,-1.68997e+06
2836,2.71118e+06,1.08645e+06
2837,-1.39951e+06,-2.43728e+06
2838,-65388.6,2.75264e+06
2839,-2.46854e+06,784418
2840,-903446,-2.97706e+06
2841,-2.44742e+06,-113074
2842,2.5561e+06,1.24024e+06
2843,-2.22976e+06,-1.18435e+06
2844,-2.57401e+06,1.43406e+06
2845,2.74152e+06,-851794
2846,-765299,-2.30595e+06
2847,-2.86652e+06,-1.68298e+06
2848,-1.08895e+06,2.64767e+06
2849,2.12754e+06,1.81673e+06
2850,2.82024e+06,-523812
2851,-828577,2.583e+06
2852,899833,-2.60294e+06
2853,667079,-2.82263e+06
2854,-2.01732e+06,2.24617e+06
2855,-198415,-2.83177e+06
2856,-2.52682e+06,-1.16464e+06
2857,-2.93211e+06,-746907
2858,-1.28266e+06,2.56549e+06
2859,2.41793e+06,1.63738e+06
2860,-2.93239e+06,1.04707e+06
2861,-528661,2.85243e+06
2862,-2.95462e+06,-105906
2863,-2.65446e+06,-111878
2864,-434120,-2.83524e+06
2865,2.65012e+06,-780358
2866,1.33162e+06,-2.58508e+06
2867,1.56397e+06,-2.35928e+06
2868,-2.4166e+06,-1.83452e+06
2869,2.23285e+06,-1.03175e+06
2870,843055,1.36812e+06
2871,-2.1305e+06,-1.31378e+06
2872,-2.2873e+06,1.704e+06
2873,2.18977e+06,-1.78655e+06
2874,1.79312e+06,2.42015e+06
2875,3.41755e+06,430813
2876,-1.62087e+06,-2.85087e+06
2877,2.35457e+06,1.37987e+06
2878,-2.54842e+06,1.27047e+06
2879,-815947,-2.70866e+06
2880,-2.41016e+06,1.29815e+06
2881,-348212,2.9445e+06
2882,-2.47027e+06,562554
2883,-459421,2.812e+06
2884,-3.02636e+06,1.05389e+06
2885,2.97574e+06,113324
2886,-1.31854e+06,-2.45799e+06
2887,747890,2.72775e+06
2888,-1.71568e+06,-2.20216e+06
2889,-2.46118e+06,-1.25169e+06
2890,1.78004e+06,2.1772e+06
2891,3.10865e+06,914578
2892,2.29916e+06,-1.61991e+06
2893,2.19033e+06,1.92032e+06
2894,1.24527e+06,2.45665e+06
2895,-166714,2.76212e+06
2896,-139738,-2.75433e+06
2897,430672,-2.78995e+06
2898,2.40381e+06,-1.10563e+06
2899,-477116,-3.11573e+06
2900,405367,-2.90878e+06
2901,1.69953e+06,1.16099e+06
2902,1.98471e+06,2.11554e+06
2903,398292,3.04361e+06
2904,171102,-2.72072e+06
2905,880163,2.68637e+06
2906,2.81785e+06,-853538
2907,1.15122e+06,-2.15917e+06
2908,-2.41865e+06,1.23741e+06
2909,2.40186e+06,1.26561e+06
2910,2.04055e+06,2.12215e+06
2911,180599,-2.63901e+06
2912,-2.65784e+06,-893985
2913,2.2958e+06,-1.54725e+06
2914,-1.48882e+06,2.3861e+06
2915,-2.64042e+06,-982687
2916,-1.0328e+06,-2.2347e+06
2917,-1.46718e+06,-2.48263e+06
2918,-814462,2.65019e+06
2919,1.48624e+06,-2.10256e+06
2920,-2.90049e+06,149651
2921,-2.71607e+06,776006
2922,2.87565e+06,-267790
2923,2.41634e+06,1.13906e+06
2924,3.03282e+06,274527
2925,1.83704e+06,2.17274e+06
2926,35972.1,-2.72535e+06
2927,-1.45798e+06,-1.59208e+06
2928,1.99203e+06,-1.06174e+06
2929,561403,2.79699e+06
2930,2.40619e+06,1.59449e+06
2931,-2.31187e+06,1.22813e+06
2932,-2.19288e+06,1.71655e+06
2933,1.39032e+06,2.28084e+06
2934,-2.5525e+06,1.64178e+06
2935,877984,2.8903e+06
2936,2.97005e+06,-93296.6
2937,-2.65608e+06,463428
2938,323856,2.85627e+06
2939,1.97977e+06,2.05591e+06
2940,560290,2.92664e+06
2941,-1.69671e+06,2.231e+06
2942,-250784,-2.65737e+06
2943,-1.13286e+06,2.53191e+06
2944,2.69226e+06,621204
2945,-1.28836e+06,2.44916e+06
2946,2.65197e+06,-1.14246e+06
2947,-288928,2.74782e+06
2948,2.26987e+06,1.55401e+06
2949,897723,2.57349e+06
2950,-2.05564e+06,1.06795e+06
2951,2.63481e+06,-377771
2952,2.76985e+06,-539844
2953,1.01399e+06,-2.5495e+06
2954,-2.79161e+06,645500
2955,678057,-2.68194e+06
2956,-1.34862e+06,2.41524e+06
2957,2.34845e+06,2.11712e+06
2958,-2.0973e+06,-1.81228e+06
2959,1.30666e+06,1.94268e+06
2960,-2.67823e+06,441117
2961,1.27779e+06,2.36717e+06
2962,-2.78668e+06,7224.96
2963,-1.95902e+06,2.05365e+06
2964,813027,2.64298e+06
2965,470847,2.72174e+06
2966,-1.38105e+06,-2.24689e+06
2967,-2.57399e+06,-1.33254e+06
2968,-28338.6,2.7489e+06
2969,-2.66666e+06,-3283.53
2970,207931,2.5006e+06
2971,-858848,-2.55185e+06
2972,1.54911e+06,-2.10024e+06
2973,-508952,3.43046e+06
2974,2.32285e+06,1.41741e+06
2975,1.74583e+06,2.10589e+06
2976,2.51816e+06,1.44705e+06
2977,-2.56677e+06,-1.02482e+06
2978,1.68371e+06,2.28917e+06
2979,793273,-2.60106e+06
2980,2.69887e+06,793429
2981,465191,-3.16592e+06
2982,2.79869e+06,379988
2983,-26311.4,-2.65982e+06
2984,-497996,-2.7657e+06
2985,2.98987e+06,-1.47996e+06
2986,-668564,-2.7595e+06
2987,2.49853e+06,-671136
2988,-2.43632e+06,-1.2828e+06
2989,1.28502e+06,-2.37001e+06
2990,-2.09292e+06,-1.39076e+06
2991,-2.6548e+06,-88539.9
2992,1.24964e+06,2.47764e+06
2993,-2.44377e+06,1.2207e+06
2994,1.89787e+06,-2.08252e+06
2995,1.37158e+06,2.39097e+06
2996,-1.89686e+06,2.12346e+06
2997,-2.64533e+06,-736251
2998,2.6479e+06,245301
2999,707066,2.35995e+06
3000,1.29266e+06,2.34534e+06
3001,-1.12869e+06,2.72897e+06
3002,-2.72964e+06,408130
3003,-826321,2.88875e+06
3004,1.19891e+06,-2.33839e+06
3005,2.87869e+06,190956
3006,1.28939e+06,-2.43659e+06
3007,-1.91733e+06,1.44254e+06
3008,1.38491e+06,-2.3755e+06
3009,2.74709e+06,81606.5
3010,2.12673e+06,-1.66631e+06
3011,1.81115e+06,-1.98238e+06
3012,1.74619e+06,2.02416e+06
3013,996600,-2.55991e+06
3014,-2.44327e+06,-593787
3015,-454011,2.61553e+06
3016,1.86697e+06,1.84837e+06
3017,-583006,2.66789e+06
3018,-1.44143e+06,2.42093e+06
3019,-51137.2,2.71623e+06
3020,-2.54141e+06,1.06218e+06
3021,1.84545e+06,-1.94335e+06
3022,-2.68534e+06,-224026
3023,-2.69281e+06,326948
3024,2.66968e+06,-1.22077e+06
3025,-2.62024e+06,-539840
3026,2.2818e+06,-1.74555e+06
3027,2.47494e+06,-756267
3028,2.34861e+06,1.15412e+06
3029,2.79026e+06,452402
3030,-337134,2.60458e+06
3031,-2.16312e+06,-2.06331e+06
3032,-48491.6,2.73764e+06
3033,-2.99731e+06,61259.1
3034,-2.77582e+06,262261
3035,171215,2.66289e+06
3036,-2.4809e+06,1.8812e+06
3037,854221,2.51886e+06
3038,1.36267e+06,2.25544e+06
3039,2.38957e+06,-1.64087e+06
3040,-1.32041e+06,-2.32502e+06
3041,839846,2.61051e+06
3042,1.96339e+06,-2.14129e+06
3043,1.70452e+06,2.67334e+06
3044,2.88462e+06,-270110
3045,1.60738e+06,-1.93027e+06
3046,-1.19241e+06,1.96768e+06
3047,2.65992e+06,-676005
3048,-1.30835e+06,-2.03096e+06
3049,-1.62258e+06,1.85869e+06
3050,2.22967e+06,1.62925e+06
3051,-583195,2.78427e+06
3052,-2.65952e+06,-104120
3053,-102167,2.57902e+06
3054,-594268,-2.63631e+06
3055,-2.73492e+06,-1.05975e+06
3056,-2.53447e+06,493759
3057,1.19451e+06,-2.11724e+06
3058,-1.58258e+06,-2.49857e+06
3059,-1.44909e+06,-1.93172e+06
3060,2.58241e+06,-556797
3061,1.8107e+06,-802088
3062,1.86536e+06,1.86566e+06
3063,-1.25476e+06,-2.31717e+06
3064,1.28108e+06,-2.21122e+06
3065,-154883,-2.83865e+06
3066,-94834.5,-2.05607e+06
3067,-2.1807e+06,1.65603e+06
3068,291891,-2.8827e+06
3069,-1.95135e+06,-1.80107e+06
3070,-2.5898e+06,-596477
3071,-965551,-2.97595e+06
3072,-2.25669e+06,960638
3073,-2.20869e+06,-1.41277e+06
3074,-176718,-2.68508e+06
3075,2.76495e+06,305523
3076,2.11765e+06,-1.53485e+06
3077,-2.20097e+06,808247
3078,1.66973e+06,-1.84359e+06
3079,-2.32563e+06,1.61142e+06
3080,-2.15995e+06,-1.48782e+06
3081,214755,-2.69372e+06
3082,-2.48372e+06,1.11022e+06
3083,2.63257e+06,-411213
3084,2.43389e+06,-691326
3085,-2.4922e+06,941627
3086,2.50783e+06,173752
3087,-1.87828e+06,1.8783e+06
3088,-435616,-2.62641e+06
3089,-2.64929e+06,-281074
3090,-2.51475e+06,-484356
3091,2.58321e+06,-545897
3092,3.1465e+06,761620
3093,942392,-2.48454e+06
3094,-2.78181e+06,59092.6
3095,1.91529e+06,-1.78269e+06
3096,-966146,2.39841e+06
3097,330426,-2.80132e+06
3098,-2.60865e+06,823126
3099,754899,2.53155e+06
3100,2.10719e+06,-1.13355e+06
3101,1.00024e+06,2.3922e+06
3102,2.45906e+06,1.00324e+06
3103,2.4686e+06,-558544
3104,-2.66778e+06,-561875
3105,2.57764e+06,-571930
3106,1.67265e+06,-1.85163e+06
3107,-2.21844e+06,-124355
3108,-1.06877e+06,2.32982e+06
3109,1.99784e+06,-1.03825e+06
3110,-287614,2.57113e+06
3111,-19075.8,-2.60557e+06
3112,2.60842e+06,509226
3113,-2.06539e+06,-1.61424e+06
3114,-308211,2.42267e+06
3115,2.76552e+06,-474418
3116,214984,2.5231e+06
3117,-1.05227e+06,2.84117e+06
3118,-393414,3.17845e+06
3119,1.9482e+06,1.77215e+06
3120,2.42654e+06,-1.11865e+06
3121,219243,-2.52491e+06
3122,-1.73021e+06,-2.13229e+06
3123,-2.39165e+06,-739468
3124,-2.22083e+06,-1.35471e+06
3125,-699542,2.68673e+06
3126,-2.45611e+06,3172.6
3127,1.25495e+06,-2.45908e+06
3128,2.34343e+06,-299761
3129,-2.2939e+06,1.49275e+06
3130,1.0655e+06,2.48988e+06
3131,-2.60242e+06,-758162
3132,671672,2.53148e+06
3133,894686,-2.33268e+06
3134,-791196,-2.88141e+06
3135,-1.99589e+06,1.66026e+06
3136,-1.19753e+06,2.14291e+06
3137,2.11914e+06,1.18375e+06
3138,-813244,2.47036e+06
3139,1.48754e+06,2.15334e+06
3140,-2.36911e+06,1.10856e+06
3141,2.27037e+06,1.22992e+06
3142,454471,-2.56218e+06
3143,312362,-2.74658e+06
3144,1.31835e+06,-2.30169e+06
3145,-1.62252e+06,-2.07117e+06
3146,-431553,2.51524e+06
3147,2.65987e+06,1.07017e+06
3148,-1.17212e+06,-2.23357e+06
3149,-1.01371e+06,-2.32443e+06
3150,2.52853e+06,1.76907e+06
3151,2.59507e+06,-611174
3152,2.25029e+06,-1.02701e+06
3153,-1.53039e+06,2.12412e+06
3154,286321,2.53516e+06
3155,-1.48253e+06,-1.51716e+06
3156,2.08591e+06,1.58156e+06
3157,-1.86031e+06,-1.77443e+06
3158,1.15072e+06,-2.34783e+06
3159,-1.01113e+06,2.02086e+06
3160,-1.30796e+06,2.34434e+06
3161,-311506,-3.1495e+06
3162,998150,-2.41736e+06
3163,-1.7331e+06,-1.79768e+06
3164,-698354,-1.91672e+06
3165,2.4573e+06,44272.3
3166,-1.38563e+06,2.21313e+06
3167,1.38772e+06,-2.13737e+06
3168,-3.30736e+06,409523
3169,-2.56297e+06,400363
3170,2.44651e+06,-413505
3171,2.33605e+06,-936103
3172,-1.40838e+06,-2.36412e+06
3173,1.40895e+06,2.71351e+06
3174,1.99709e+06,-1.61578e+06
3175,1.582e+06,1.97117e+06
3176,-754964,-2.82086e+06
3177,-1.93145e+06,1.92467e+06
3178,743140,-2.1974e+06
3179,-2.31886e+06,-899105
3180,2.07708e+06,-2.1881e+06
3181,-1.63564e+06,1.35562e+06
3182,-2.54544e+06,1.12286e+06
3183,479497,-2.50064e+06
3184,1.60232e+06,-2.40555e+06
3185,2.1055e+06,-1.55548e+06
3186,2.13593e+06,-1.41896e+06
3187,1.11281e+06,-1.7025e+06
3188,-1.22805e+06,2.23308e+06
3189,-232751,-2.69881e+06
3190,1.28606e+06,2.66194e+06
3191,-1.51818e+06,-1.6696e+06
3192,2.4435e+06,-1.44217e+06
3193,-611104,-2.63068e+06
3194,-2.76357e+06,378010
3195,-1.60687e+06,1.69761e+06
3196,495618,2.46088e+06
3197,-2.97647e+06,391634
3198,1.85541e+06,426309
3199,-1.89373e+06,1.15025e+06
3200,1.07711e+06,2.40239e+06
3201,1.4841e+06,1.97468e+06
3202,-1.81619e+06,1.67059e+06
3203,3.02659e+06,168756
3204,2.53481e+06,-186716
3205,2.02622e+06,1.31595e+06
3206,2.20497e+06,1.14065e+06
3207,-2.45137e+06,744619
3208,-2.36245e+06,-1.45924e+06
3209,-1.78368e+06,-426599
3210,1.44536e+06,2.01368e+06
3211,2.65273e+06,-245901
3212,1.13503e+06,2.16215e+06
3213,2.02514e+06,-585219
3214,1.68832e+06,-1.92511e+06
3215,-899761,2.47415e+06
3216,2.55465e+06,1.15257e+06
3217,461694,-2.09028e+06
3218,-2.51022e+06,-221058
3219,-2.2337e+06,1.16321e+06
3220,1.8888e+06,1.73502e+06
3221,554619,2.34744e+06
3222,693386,-2.70258e+06
3223,1.88177e+06,-1.63299e+06
3224,2.58326e+06,-1.26678e+06
3225,-27507.6,2.54158e+06
3226,-3.05049e+06,-520775
3227,-1.95349e+06,1.50868e+06
3228,-991997,2.2149e+06
3229,-924863,2.35856e+06
3230,1.74468e+06,-1.81954e+06
3231,2.46354e+06,-527265
3232,171376,2.39237e+06
3233,-1.95151e+06,-2.35737e+06
3234,-82902.8,2.55227e+06
3235,2.5609e+06,-717458
3236,-1.03799e+06,2.10464e+06
3237,1.17341e+06,2.2448e+06
3238,365558,2.46006e+06
3239,-1.46517e+06,2.12546e+06
3240,1.03577e+06,2.17014e+06
3241,-2.83145e+06,-775977
3242,-2.46597e+06,-650780
3243,1.96886e+06,1.12863e+06
3244,473612,-2.47067e+06
3245,1.77714e+06,-1.60712e+06
3246,-2.6692e+06,645246
3247,2.54755e+06,-311573
3248,-1.28752e+06,-2.11514e+06
3249,2.00613e+06,1.46965e+06
3250,-1.64664e+06,-1.88394e+06
3251,810954,2.3763e+06
3252,-915328,2.24969e+06
3253,-2.38987e+06,702816
3254,-942820,-2.36338e+06
3255,1.66563e+06,1.71895e+06
3256,-1.71488e+06,-1.73173e+06
3257,1.12292e+06,-2.25315e+06
3258,1.95701e+06,-1.56268e+06
3259,-2.7783e+06,1.00177e+06
3260,1.3595e+06,2.10704e+06
3261,-1.82752e+06,-1.44382e+06
3262,-2.42132e+06,-618983
3263,2.29159e+06,-932968
3264,2.09121e+06,-1.49689e+06
3265,-2.51656e+06,362384
3266,1.99604e+06,1.36597e+06
3267,-973224,-2.32813e+06
3268,1.77079e+06,1.07225e+06
3269,-1.22608e+06,-2.39202e+06
3270,-565430,2.61602e+06
3271,-1.48613e+06,-2.12558e+06
3272,1.43094e+06,2.22675e+06
3273,478088,2.3967e+06
3274,1.3622e+06,1.51673e+06
3275,2.48599e+06,399433
3276,-1.50876e+06,-86443.2
3277,-326599,-2.64385e+06
3278,2.57867e+06,-982758
3279,-2.2561e+06,1.23118e+06
3280,-367976,-2.52216e+06
3281,2.06397e+06,1.3874e+06
3282,676979,-2.42034e+06
3283,-933583,-2.45427e+06
3284,2.15583e+06,25887
3285,-40267.9,2.58051e+06
3286,2.20939e+06,-1.64599e+06
3287,-355965,2.22701e+06
3288,-1.48893e+06,1.97078e+06
3289,369714,2.61961e+06
3290,-2.46295e+06,443731
3291,2.62789e+06,184809
3292,2.70068e+06,-134946
3293,-962933,-2.09336e+06
3294,388412,-2.48556e+06
3295,1.24341e+06,1.74067e+06
3296,-1.03912e+06,-2.22335e+06
3297,-2.28316e+06,913431
3298,-1.95336e+06,1.81609e+06
3299,748944,2.2061e+06
3300,-2.08264e+06,1.7916e+06
3301,2.08432e+06,1.68378e+06
3302,2.45632e+06,-533558
3303,-1.64722e+06,-1.79262e+06
3304,2.38986e+06,-677298
3305,-2.25292e+06,1.0909e+06
3306,2.20624e+06,1.3347e+06
3307,-777818,2.45065e+06
3308,1.68823e+06,1.7947e+06
3309,619173,2.01153e+06
3310,1.92192e+06,1.57445e+06
3311,1.27773e+06,-2.13108e+06
3312,756383,-2.12055e+06
3313,163520,-2.47741e+06
3314,-2.73706e+06,1.23537e+06
3315,-664696,2.43574e+06
3316,-1.89444e+06,-725206
3317,2.79735e+06,-391514
3318,-2.51524e+06,-966664
3319,-773575,-2.41206e+06
3320,-1.8126e+06,901185
3321,2.42519e+06,-106630
3322,2.07997e+06,147587
3323,37429.1,-2.68613e+06
3324,-2.28136e+06,-891981
3325,-1.31373e+06,2.20359e+06
3326,-3.0046e+06,154673
3327,-2.22474e+06,-1.34211e+06
3328,-2.21701e+06,-528529
3329,2.46699e+06,575889
3330,2.46362e+06,-217187
3331,37196.9,-2.47029e+06
3332,872177,-2.30017e+06
3333,2.05112e+06,-1.37758e+06
3334,-962217,2.44984e+06
3335,1.15839e+06,-2.14134e+06
3336,-1.87293e+06,1.55214e+06
3337,-1.85259e+06,-1.33319e+06
3338,2.17443e+06,-1.25775e+06
3339,1.98734e+06,-2.77075e+06
3340,-21967,2.53478e+06
3341,589282,2.33075e+06
3342,-183198,-2.41384e+06
3343,1.50193e+06,2.30698e+06
3344,-2.38223e+06,-374022
3345,112974,2.46218e+06
3346,705840,2.27322e+06
3347,-2.28324e+06,-531602
3348,-1.89532e+06,-1.60572e+06
3349,2.44912e+06,-608492
3350,1.76932e+06,-1.69594e+06
3351,2.94554e+06,-216643
3352,-786149,2.23042e+06
3353,-1.17387e+06,-2.22201e+06
3354,-2.42042e+06,1.3946e+06
3355,2.43654e+06,313611
3356,2.47593e+06,1.32595e+06
3357,-822700,2.22146e+06
3358,1.91742e+06,1.16617e+06
3359,1.67238e+06,73632.7
3360,-2.21226e+06,328650
3361,-2.43409e+06,850367
3362,945632,-2.21188e+06
3363,-884110,2.39055e+06
3364,-2.12204e+06,898640
3365,-912963,-1.88655e+06
3366,784362,-2.35788e+06
3367,-292276,2.4097e+06
3368,-1.36346e+06,1.64416e+06
3369,-1.137e+06,2.06945e+06
3370,-1.49793e+06,-1.85844e+06
3371,2.23164e+06,972090
3372,-25487,-2.39767e+06
3373,-883896,2.87043e+06
3374,-2.44097e+06,294021
3375,2.31804e+06,721738
3376,-986590,2.4842e+06
3377,1.87237e+06,-1.5791e+06
3378,-1.85259e+06,1.7869e+06
3379,-1.28477e+06,1.97441e+06
3380,2.21463e+06,-1.17165e+06
3381,-2.60864e+06,-66232
3382,-2.1672e+06,950842
3383,-2.35722e+06,-509618
3384,-2.30002e+06,678604
3385,1.66412e+06,-1.51007e+06
3386,-1.56677e+06,-1.94707e+06
3387,-2.2053e+06,-924128
3388,-759751,-2.25708e+06
3389,1.68046e+06,2.04093e+06
3390,1.24133e+06,1.64306e+06
3391,-2.15142e+06,658731
3392,2.16841e+06,-1.11583e+06
3393,2.73436e+06,-976517
3394,1.80024e+06,1.56146e+06
3395,1.76666e+06,-1.96863e+06
3396,-1.27296e+06,-2.02021e+06
3397,2.03978e+06,1.0631e+06
3398,-2.36635e+06,-181993
3399,849242,1.85515e+06
3400,-2.30873e+06,130677
3401,-1.42605e+06,-1.95624e+06
3402,2.6345e+06,-285922
3403,-839884,2.31221e+06
3404,2.18494e+06,-1.4595e+06
3405,2.12836e+06,1.35364e+06
3406,-1.69475e+06,-1.52094e+06
3407,-2.02267e+06,1.52021e+06
3408,-2.29885e+06,609555
3409,1.65946e+06,1.95546e+06
3410,-1.82039e+06,1.38519e+06
3411,146808,-2.53582e+06
3412,153440,-2.65756e+06
3413,662847,2.25457e+06
3414,-2.67663e+06,419278
3415,2.88585e+06,-1.5631e+06
3416,-1.79741e+06,-1.53743e+06
3417,-2.01471e+06,991082
3418,-2.43175e+06,454086
3419,473712,-2.32482e+06
3420,1.53935e+06,1.79934e+06
3421,-1.04012e+06,2.16777e+06
3422,-2.25656e+06,-953226
3423,-2.47037e+06,885446
3424,-923421,-2.0517e+06
3425,-1.01385e+06,2.16491e+06
3426,2.36463e+06,721350
3427,-750554,2.17227e+06
3428,1.48962e+06,2.23758e+06
3429,-903149,-2.03904e+06
3430,-1.86875e+06,-1.00727e+06
3431,2.41733e+06,207531
3432,-2.20739e+06,-864278
3433,-1.03098e+06,1.77901e+06
3434,1.95869e+06,-1.49676e+06
3435,1.2225e+06,-2.09739e+06
3436,-178336,1.9556e+06
3437,-1.96259e+06,1.25363e+06
3438,943204,2.23831e+06
3439,2.74935e+06,113177
3440,-2.49512e+06,-828493
3441,-110788,2.39992e+06
3442,2.237e+06,764002
3443,-2.23983e+06,954702
3444,-797515,2.67371e+06
3445,1.09362e+06,-2.00406e+06
3446,-1.26089e+06,1.74434e+06
3447,-1.1095e+06,1.93447e+06
3448,975560,-2.11467e+06
3449,1.91992e+06,1.39316e+06
3450,-2.25807e+06,-69453.2
3451,2.09126e+06,1.13068e+06
3452,-2.1219e+06,1.15795e+06
3453,-2.38588e+06,-590834
3454,379929,-2.35714e+06
3455,2.32569e+06,1.28014e+06
3456,1.5316e+06,-1.94194e+06
3457,2.63932e+06,330311
3458,-67644,-2.82391e+06
3459,2.33306e+06,-788319
3460,2.21207e+06,-172589
3461,653404,-2.28372e+06
3462,1.9485e+06,-1.23987e+06
3463,2.8392e+06,881432
3464,-935160,-2.71556e+06
3465,-1.77481e+06,1.6178e+06
3466,-69698.4,2.21269e+06
3467,-2.04613e+06,-187421
3468,250848,2.30437e+06
3469,2.18911e+06,945551
3470,-2.42947e+06,408442
3471,-615176,-2.3122e+06
3472,284262,2.32929e+06
3473,2.15392e+06,481273
3474,2.27207e+06,-139260
3475,-2.15367e+06,-563490
3476,633536,2.19087e+06
3477,-2.09206e+06,951004
3478,1.68575e+06,-1.44039e+06
3479,-1.47472e+06,1.7859e+06
3480,1.788e+06,1.69886e+06
3481,1.07153e+06,-2.24417e+06
3482,1.24275e+06,-1.70385e+06
3483,-1.19846e+06,1.97311e+06
3484,1.46583e+06,-1.19979e+06
3485,-1.91158e+06,1.07703e+06
3486,-2.37305e+06,882388
3487,2.37817e+06,-327759
3488,774388,-2.30069e+06
3489,-2.06253e+06,-958101
3490,2.29347e+06,114562
3491,2.28843e+06,331335
3492,-2.20193e+06,985913
3493,-1.24139e+06,-2.0629e+06
3494,3.34515e+06,686628
3495,808735,-2.17185e+06
3496,-1.91574e+06,-1.76737e+06
3497,-2.11812e+06,1.46426e+06
3498,470332,2.22679e+06
3499,-2.2431e+06,-743280
3500,-98831.2,2.45039e+06
3501,-2.31381e+06,598877
3502,-434713,-2.183e+06
3503,-649754,2.25393e+06
3504,2.34604e+06,137296
3505,1.2456e+06,1.82337e+06
3506,-1.5623e+06,-1.62847e+06
3507,-573892,2.27643e+06
3508,-1.03759e+06,2.75119e+06
3509,828500,-2.22926e+06
3510,-285540,-2.29366e+06
3511,549114,-2.3024e+06
3512,-1.75369e+06,-1.6478e+06
3513,457521,2.57264e+06
3514,128264,2.33578e+06
3515,-329630,-2.35201e+06
3516,-2.35931e+06,104576
3517,638167,2.08218e+06
3518,-850008,-1.69187e+06
3519,2.2813e+06,383837
3520,1.74067e+06,1.46405e+06
3521,-1.39848e+06,-1.13499e+06
3522,-1.94629e+06,-953114
3523,-2.44491e+06,-43383.5
3524,-2.3475e+06,272025
3525,1.11695e+06,2.02248e+06
3526,-1.67878e+06,-1.16607e+06
3527,-93007.7,-2.36564e+06
3528,1.67873e+06,1.73385e+06
3529,2.26594e+06,-458833
3530,-1.37776e+06,-1.24147e+06
3531,-1.06359e+06,2.16641e+06
3532,417530,-2.32413e+06
3533,2.90175e+06,-493282
3534,-894356,2.2579e+06
3535,-2.1643e+06,1.09823e+06
3536,2.08951e+06,-1.1711e+06
3537,403117,1.60153e+06
3538,2.07371e+06,1.53723e+06
3539,869192,2.15392e+06
3540,-202699,-2.29518e+06
3541,-903689,-2.15722e+06
3542,1.76956e+06,-1.51027e+06
3543,826451,2.30296e+06
3544,1.52612e+06,-1.89204e+06
3545,1.51115e+06,1.80395e+06
3546,1.7338e+06,1.8767e+06
3547,-2.48038e+06,729839
3548,721506,2.10558e+06
3549,-2.13653e+06,1.06496e+06
3550,1.04212e+06,2.0722e+06
3551,1.33721e+06,2.05958e+06
3552,1.14629e+06,-2.16652e+06
3553,793645,2.46578e+06
3554,182509,1.93106e+06
3555,-2.1561e+06,2.42367e+06
3556,-2.16992e+06,960275
3557,300268,2.25749e+06
3558,-1.2403e+06,2.06587e+06
3559,-141902,-2.21749e+06
3560,2.08012e+06,1.18028e+06
3561,-2.36092e+06,-522889
3562,3.27745e+06,1.00712e+06
3563,-2.4229e+06,-578990
3564,-2.27051e+06,733222
3565,1.98358e+06,-1.24491e+06
3566,1.59737e+06,1.61161e+06
3567,2.04562e+06,1.22675e+06
3568,-460534,2.19302e+06
3569,127424,2.37315e+06
3570,119881,-2.27017e+06
3571,-786721,-2.25281e+06
3572,1.5887e+06,-1.55441e+06
3573,-1.65822e+06,1.62112e+06
3574,944067,-1.73721e+06
3575,-1.98613e+06,-2.22959e+06
3576,-1.42012e+06,-2.11247e+06
3577,-2.02489e+06,1.16729e+06
3578,-1.32593e+06,-1.9549e+06
3579,-180236,2.1777e+06
3580,-1.60303e+06,1.95792e+06
3581,1.44909e+06,1.79359e+06
3582,-1.4672e+06,1.69989e+06
3583,-1.68904e+06,-2.0754e+06
3584,889256,2.10427e+06
3585,-1.4866e+06,1.67418e+06
3586,-1.83625e+06,-1.15977e+06
3587,474129,2.33367e+06
3588,557898,2.11673e+06
3589,145478,2.32224e+06
3590,2.31343e+06,211625
3591,-1.68602e+06,-923797
3592,3743.19,2.28349e+06
3593,2.06083e+06,920939
3594,-2.1196e+06,-802345
3595,2.47022e+06,2.06066e+06
3596,450688,-2.21035e+06
3597,1.52218e+06,1.7884e+06
3598,1.1102e+06,-2.43802e+06
3599,2.18896e+06,-802219
3600,-1.7184e+06,-1.4685e+06
3601,2.03991e+06,1.68353e+06
3602,193711,2.89004e+06
3603,-2987.76,-2.28333e+06
3604,6075.77,-2.10313e+06
3605,-1.76029e+06,-586222
3606,-1.36534e+06,1.77047e+06
3607,2.08381e+06,-292658
3608,1.99717e+06,1.20368e+06
3609,-1.45482e+06,-1.81e+06
3610,-192236,-2.26109e+06
3611,1.29693e+06,1.85534e+06
3612,-521353,2.25414e+06
3613,2.29175e+06,-516940
3614,1.90644e+06,-1.04939e+06
3615,-2.29134e+06,-1.51843e+06
3616,1.32677e+06,-2.0308e+06
3617,2.43962e+06,540024
3618,-2.00268e+06,-496230
3619,1.81251e+06,1.43503e+06
3620,1.77058e+06,-1.19058e+06
3621,-1.95143e+06,-1.50926e+06
3622,-1.49459e+06,1.32423e+06
3623,-1.7756e+06,1.43242e+06
3624,-1.07215e+06,2.30611e+06
3625,-1.8984e+06,-1.2834e+06
3626,-1.97385e+06,-635857
3627,-1.68194e+06,2.04446e+06
3628,-197809,2.23248e+06
3629,693692,2.11228e+06
3630,1.75412e+06,194016
3631,-286081,1.95984e+06
3632,1.06495e+06,1.91935e+06
3633,-2.08899e+06,1.56351e+06
3634,493376,2.24979e+06
3635,1.84534e+06,1.44384e+06
3636,-844457,-2.12374e+06
3637,-2.2457e+06,-57859.9
3638,1.19363e+06,2.05689e+06
3639,1.71547e+06,1.3339e+06
3640,-1.99068e+06,1.23636e+06
3641,1.70535e+06,1.00055e+06
3642,-2.20253e+06,-1.15949e+06
3643,-730031,2.30199e+06
3644,-962443,2.01045e+06
3645,2.31758e+06,-91026.2
3646,2.26166e+06,399647
3647,-1.34827e+06,1.86802e+06
3648,-2.04124e+06,-1.8105e+06
3649,-1.68221e+06,2.14314e+06
3650,-2.13956e+06,165887
3651,-2.1385e+06,786146
3652,-916817,-2.05642e+06
3653,-1.7162e+06,-1.3895e+06
3654,587719,2.16036e+06
3655,-267016,-2.23521e+06
3656,-1.97637e+06,-1.2005e+06
3657,-2.27488e+06,522068
3658,-1.51606e+06,1.71846e+06
3659,-2.10061e+06,943079
3660,-347997,-1.67799e+06
3661,1.60604e+06,1.42362e+06
3662,-881865,2.04697e+06
3663,752722,2.19702e+06
3664,-364529,2.0266e+06
3665,-1.17729e+06,2.24573e+06
3666,2.27072e+06,94678
3667,2.1246e+06,-407827
3668,244210,1.83759e+06
3669,-2.15255e+06,-589988
3670,-1.95644e+06,1.31887e+06
3671,-1.69453e+06,-1.4257e+06
3672,2.26839e+06,474626
3673,-1.02331e+06,-1.96043e+06
3674,-288801,2.2389e+06
3675,-880582,2.11546e+06
3676,161484,-2.43879e+06
3677,145862,2.25302e+06
3678,-2.06515e+06,286319
3679,2.65298e+06,232657
3680,-1.20147e+06,-1.86763e+06
3681,1.34078e+06,1.88235e+06
3682,2.26283e+06,8928.23
3683,-1.30804e+06,1.75592e+06
3684,-2.08448e+06,-806628
3685,-1.31e+06,1.53349e+06
3686,-2.15857e+06,-557485
3687,1.7826e+06,2.21324e+06
3688,514887,689460
3689,1.88193e+06,1.20954e+06
3690,-2.36286e+06,-528675
3691,1.87407e+06,1.39305e+06
3692,6117.45,2.2332e+06
3693,-1.00634e+06,1.62373e+06
3694,-769616,-2.35282e+06
3695,350490,2.25761e+06
3696,2.09286e+06,582011
3697,-2.31052e+06,-450614
3698,-1.30417e+06,-1.64827e+06
3699,-247804,2.21476e+06
3700,73462,2.24658e+06
3701,-1.41079e+06,-912156
3702,-1.04765e+06,2.12205e+06
3703,1.05538e+06,-1.88898e+06
3704,772756,2.01479e+06
3705,-190161,-2.24357e+06
3706,1.32748e+06,-2.14228e+06
3707,-2.16865e+06,-428772
3708,-2.25407e+06,-326665
3709,-1.79336e+06,-484501
3710,-2.63471e+06,-129218
3711,-502736,2.25006e+06
3712,1.64214e+06,643610
3713,-2.40397e+06,-1.05648e+06
3714,-2.22443e+06,-734611
3715,1.36713e+06,-1.52365e+06
3716,227092,-2.22871e+06
3717,-2.10086e+06,580670
3718,-855775,2.02861e+06
3719,-1.90715e+06,-1.53498e+06
3720,1.87794e+06,-1.03281e+06
3721,2.15479e+06,576600
3722,676694,-2.10091e+06
3723,-1.17823e+06,1.80514e+06
3724,-1.03041e+06,2.1438e+06
3725,-1.93064e+06,1.14508e+06
3726,417242,-2.7212e+06
3727,-2.21841e+06,-1.1979e+06
3728,1.85149e+06,-1.03775e+06
3729,-59927.5,-2.07036e+06
3730,971217,1.618e+06
3731,2.25531e+06,-1.10959e+06
3732,-2.47567e+06,-301269
3733,2.31971e+06,1.27443e+06
3734,2.11566e+06,-895715
3735,849567,2.04868e+06
3736,431661,-2.31756e+06
3737,-285339,-2.25265e+06
3738,1.00477e+06,1.26325e+06
3739,2.41415e+06,300661
3740,-1.6904e+06,-1.45527e+06
3741,-259905,-2.22968e+06
3742,912957,-2.06802e+06
3743,2.00331e+06,791350
3744,2.51733e+06,1.44258e+06
3745,901757,-2.00842e+06
3746,-812129,-694519
3747,1.51191e+06,1.18136e+06
3748,1.00534e+06,-1.88085e+06
3749,243488,2.13361e+06
3750,-2.16371e+06,-501283
3751,1.46301e+06,1.89188e+06
3752,519432,2.18337e+06
3753,-1.50001e+06,-1.58126e+06
3754,-1.79101e+06,1.36682e+06
3755,-2.01325e+06,-1.02733e+06
3756,1.99327e+06,-997701
3757,-195965,-2.40607e+06
3758,2.24346e+06,37359.9
3759,1.58076e+06,1.60815e+06
3760,2.06095e+06,230200
3761,-743464,-2.35233e+06
3762,1.86674e+06,939804
3763,-664670,-2.0789e+06
3764,1.91518e+06,1.09602e+06
3765,1.03602e+06,-1.96693e+06
3766,-1.8387e+06,359262
3767,-1.51839e+06,1.6669e+06
3768,2.04207e+06,-663231
3769,-1.93533e+06,-1.29333e+06
3770,751630,-2.0603e+06
3771,1.98916e+06,321892
3772,-2.59647e+06,759118
3773,-629446,1.96114e+06
3774,-923943,-1.91427e+06
3775,-1.72204e+06,-1.39357e+06
3776,1.39469e+06,1.73124e+06
3777,-727105,1.71906e+06
3778,-1.89056e+06,1.16483e+06
3779,1.87311e+06,-943294
3780,1.39487e+06,2.47378e+06
3781,-1.91329e+06,1.07891e+06
3782,-1.86079e+06,1.05291e+06
3783,1.9707e+06,-569064
3784,363028,2.2603e+06
3785,-1.11943e+06,-2.41851e+06
3786,-2.64574e+06,81525.8
3787,1.51606e+06,-418695
3788,-1.17156e+06,-452262
3789,-2.06116e+06,-296868
3790,-2.01212e+06,202626
3791,-147998,2.39822e+06
3792,282824,-2.14455e+06
3793,1.83337e+06,1.87612e+06
3794,194238,1.98255e+06
3795,-39606.9,-2.27488e+06
3796,2.03299e+06,-991347
3797,723899,1.90454e+06
3798,-1.95962e+06,-1.081e+06
3799,2.25824e+06,-95467.6
3800,2.53474e+06,-407138
3801,-738528,2.01364e+06
3802,1.64641e+06,426180
3803,-1.95171e+06,-1.19203e+06
3804,-1.39935e+06,-1.64634e+06
3805,-100162,2.18636e+06
3806,-1.39199e+06,1.62149e+06
3807,-2.11678e+06,194024
3808,-1.61444e+06,1.51955e+06
3809,2.15197e+06,-451637
3810,633414,-1.99699e+06
3811,1.98569e+06,-561895
3812,816188,-2.01149e+06
3813,736008,-1.89631e+06
3814,-113.324,-2.15346e+06
3815,1.8059e+06,-1.32756e+06
3816,1.72295e+06,1.38526e+06
3817,-1.38135e+06,1.44185e+06
3818,1.46345e+06,1.56845e+06
3819,1.30124e+06,-1.87549e+06
3820,-368945,-2.11141e+06
3821,2.49516e+06,-99886.2
3822,-1.6502e+06,1.19595e+06
3823,-1.12831e+06,1.89352e+06
3824,456637,2.09931e+06
3825,-3390.37,-2.28249e+06
3826,79906.5,2.22183e+06
3827,1.62523e+06,1.53507e+06
3828,1.7108e+06,-1.7572e+06
3829,2.07715e+06,476326
3830,2.43549e+06,-1.34332e+06
3831,889965,-1.95115e+06
3832,-1.35203e+06,1.63409e+06
3833,-175592,2.17107e+06
3834,1.58687e+06,-1.44294e+06
3835,-338451,2.06903e+06
3836,2.25394e+06,780376
3837,-2.15572e+06,284448
3838,1.56683e+06,1.50606e+06
3839,517282,2.08859e+06
3840,-1.99769e+06,688985
3841,1.82433e+06,1.26516e+06
3842,1.35293e+06,-1.66447e+06
3843,289139,2.70415e+06
3844,-2.08554e+06,-802284
3845,1.8914e+06,-526501
3846,-1.98573e+06,271589
3847,1.02821e+06,-1.82352e+06
3848,-425005,2.09541e+06
3849,1.09338e+06,2.29845e+06
3850,-1.86422e+06,-1.41369e+06
3851,-1.90588e+06,-1.22413e+06
3852,789753,2.55436e+06
3853,193947,2.25374e+06
3854,-2.06378e+06,-1.37439e+06
3855,-1.30953e+06,1.73846e+06
3856,1.5518e+06,1.84374e+06
3857,-1.98745e+06,915154
3858,-1.61782e+06,1.41086e+06
3859,1.67023e+06,-1.73648e+06
3860,1.72419e+06,1.10269e+06
3861,1.33756e+06,-1.62079e+06
3862,1.6712e+06,1.2818e+06
3863,-2.11732e+06,528217
3864,-239300,2.18018e+06
3865,156841,2.22138e+06
3866,1.815e+06,1.34139e+06
3867,-2.14229e+06,509713
3868,-468590,2.10906e+06
3869,1.89974e+06,-1.03223e+06
3870,1.92184e+06,70006.6
3871,-1.09039e+06,1.686e+06
3872,1.72702e+06,1.15217e+06
3873,351040,2.08996e+06
3874,-1.24026e+06,-1.14996e+06
3875,-789821,2.37832e+06
3876,-887225,-1.92029e+06
3877,925316,1.72169e+06
3878,1.52679e+06,-1.37663e+06
3879,-1.59579e+06,-2.52093e+06
3880,-1.85927e+06,1.14534e+06
3881,919022,1.9544e+06
3882,366631,-1.77141e+06
3883,2.01125e+06,-361295
3884,-2.02508e+06,-924160
3885,2.54736e+06,-224414
3886,-1.90087e+06,533280
3887,565775,2.03173e+06
3888,2.06608e+06,735440
3889,-2.10737e+06,482248
3890,-851390,1.98935e+06
3891,2.01125e+06,-232560
3892,-651239,-1.96515e+06
3893,-745710,-1.49486e+06
3894,-1.90414e+06,763939
3895,1.92448e+06,-716955
3896,-2.00076e+06,-782991
3897,-1.73097e+06,-1.31446e+06
3898,1.82702e+06,1.08785e+06
3899,-136202,2.20956e+06
3900,1.04349e+06,-1.92212e+06
3901,-1.33085e+06,1.62964e+06
3902,2.04083e+06,-484049
3903,-709438,-1.87787e+06
3904,-2.35715e+06,-168299
3905,-2.30091e+06,1.3123e+06
3906,-1.86761e+06,-720664
3907,-1.71582e+06,1.31393e+06
3908,-434098,2.13281e+06
3909,1.71052e+06,1.2633e+06
3910,-555621,-2.19716e+06
3911,1.32947e+06,-1.58952e+06
3912,1.76591e+06,1.28486e+06
3913,-613800,2.04622e+06
3914,1.18958e+06,-2.28869e+06
3915,1.17315e+06,-1.74651e+06
3916,2.04179e+06,315187
3917,854551,-2.12079e+06
3918,-739297,1.9838e+06
3919,1.74582e+06,1.05501e+06
3920,844395,2.01296e+06
3921,-1.96239e+06,-1.97269e+06
3922,291084,1.63091e+06
3923,188272,-2.04051e+06
3924,-1.46174e+06,-1.43857e+06
3925,1.15319e+06,-1.81804e+06
3926,-674793,-1.33284e+06
3927,-2.29716e+06,-728722
3928,2.10943e+06,549962
3929,-2.46093e+06,-1.64032e+06
3930,545204,1.9888e+06
3931,1.43365e+06,-1.36164e+06
3932,-406082,-1.9801e+06
3933,-466055,-1.69627e+06
3934,2.18586e+06,-331551
3935,-274803,-1.06619e+06
3936,-1.17022e+06,-1.73247e+06
3937,548831,1.90533e+06
3938,-1.02442e+06,-1.37644e+06
3939,1.96539e+06,-502439
3940,-1.7308e+06,-1.36683e+06
3941,961765,-1.98395e+06
3942,-985068,1.6203e+06
3943,-371649,1.7897e+06
3944,-1.676e+06,-363691
3945,995640,1.34301e+06
3946,2.15898e+06,-1.14007e+06
3947,1.17022e+06,-1.9073e+06
3948,686778,1.50027e+06
3949,-58492.1,-2.05319e+06
3950,1.20331e+06,-1.71081e+06
3951,571379,-1.99327e+06
3952,1.86317e+06,1.9708e+06
3953,323422,-2.06582e+06
3954,-440730,1.76134e+06
3955,1.25479e+06,-1.69495e+06
3956,2.11006e+06,1.32219e+06
3957,-968055,1.91786e+06
3958,1.29797e+06,-1.34901e+06
3959,2.01262e+06,-50180
3960,1.73089e+06,-1.29939e+06
3961,-2.03159e+06,-252664
3962,980600,1.76759e+06
3963,1.28367e+06,-1.60091e+06
3964,785355,-2.06133e+06
3965,154154,2.22917e+06
3966,1.08817e+06,-1.80725e+06
3967,-2.32996e+06,-182478
3968,1.75587e+06,1.78642e+06
3969,-1.06146e+06,1.96249e+06
3970,392174,2.0484e+06
3971,2.09757e+06,-21949
3972,-1.85833e+06,807557
3973,1.32366e+06,-1.57282e+06
3974,862305,-1.69693e+06
3975,1.79021e+06,1.02137e+06
3976,-2.36369e+06,424524
3977,-2.03153e+06,-375390
3978,1.50956e+06,1.9793e+06
3979,-1.23125e+06,-1.59509e+06
3980,-1.79994e+06,810529
3981,1.98881e+06,-528986
3982,-1.29751e+06,1.58343e+06
3983,738325,1.89228e+06
3984,-1.31918e+06,-952605
3985,2.00628e+06,-303994
3986,-2.04059e+06,154729
3987,1.10203e+06,-1.79447e+06
3988,-782578,1.93485e+06
3989,-9523.29,-2.09053e+06
3990,-816544,-1.87022e+06
3991,-338104,2.14296e+06
3992,-527821,2.21777e+06
3993,-1.68483e+06,-1.29818e+06
3994,-522437,1.57179e+06
3995,-1.83099e+06,1.58374e+06
3996,-1.2688e+06,2.10239e+06
3997,-1.2723e+06,-1.55618e+06
3998,1.34395e+06,297572
3999,-546874,-2.1378e+06
4000,846562,1.88636e+06
4001,1.61974e+06,1.58424e+06
4002,-1.49772e+06,-250729
4003,-2.08726e+06,446863
4004,2.09309e+06,664672
4005,-1.93869e+06,-938321
4006,528593,-2.01374e+06
4007,135537,-2.05589e+06
4008,-1.92082e+06,154740
4009,-772380,-1.15184e+06
4010,1.28006e+06,-1.48747e+06
4011,-223756,-2.12215e+06
4012,887689,-1.95673e+06
4013,-2.03911e+06,-845633
4014,-1.73486e+06,1.09693e+06
4015,1.31891e+06,-435029
4016,-1.16694e+06,1.66598e+06
4017,-1.68579e+06,-1.22162e+06
4018,-1.65399e+06,-1.00588e+06
4019,-2.07288e+06,-91665.1
4020,-1.18382e+06,2.12368e+06
4021,1.62996e+06,-341309
4022,2.80959e+06,702990
4023,1.80205e+06,-977895
4024,131890,-1.8542e+06
4025,2.00652e+06,-680838
4026,1.19652e+06,1.67892e+06
4027,1.13328e+06,2.0978e+06
4028,-1.73669e+06,923342
4029,1.42226e+06,631161
4030,-2.48065e+06,585624
4031,-1.78796e+06,-1.36591e+06
4032,1.79954e+06,903338
4033,-1.62833e+06,1.27843e+06
4034,-571893,-2.57827e+06
4035,329184,-2.02967e+06
4036,1.51925e+06,938602
4037,2.08027e+06,471921
4038,1.9308e+06,-1.35695e+06
4039,-1.75514e+06,527860
4040,113239,1.73328e+06
4041,1.92066e+06,-492899
4042,-2.08781e+06,562816
4043,-2.22301e+06,-1.54862e+06
4044,907825,2.11903e+06
4045,-1.36422e+06,-1.38867e+06
4046,771011,1.94347e+06
4047,-1.23895e+06,-1.63764e+06
4048,-2.01377e+06,-303551
4049,1.42575e+06,34197.8
4050,1.04485e+06,-2.24734e+06
4051,1.81169e+06,-919626
4052,1.03923e+06,-1.89605e+06
4053,-1.35068e+06,1.57542e+06
4054,-991741,1.62551e+06
4055,-1.05322e+06,-2.36781e+06
4056,958724,1.81247e+06
4057,-736155,-2.15485e+06
4058,2.00128e+06,333917
4059,-2.24552e+06,-816645
4060,1.72253e+06,1.09357e+06
4061,1.00192e+06,-2.03318e+06
4062,-1.90193e+06,761457
4063,1.9212e+06,648836
4064,1.49139e+06,1.25996e+06
4065,-1.54637e+06,1.26816e+06
4066,-842537,-1.82748e+06
4067,853362,-1.78871e+06
4068,1.51214e+06,918845
4069,-861560,-1.90739e+06
4070,1.3397e+06,-1.52026e+06
4071,-590162,2.00429e+06
4072,-1.9033e+06,-1.67521e+06
4073,-1.77523e+06,1.02895e+06
4074,288971,1.94874e+06
4075,1.2164e+06,1.67752e+06
4076,-1.70108e+06,738074
4077,-676917,-1.66694e+06
4078,1.98763e+06,345760
4079,2.0551e+06,-9379.91
4080,932051,1.75827e+06
4081,-1.84573e+06,900900
4082,2.24624e+06,-643614
4083,-1.98919e+06,81089.3
4084,-1.04983e+06,1.59375e+06
4085,-2.39743e+06,1.05183e+06
4086,335457,2.03938e+06
4087,1.1545e+06,-1.5312e+06
4088,1.71035e+06,-1.65525e+06
4089,603043,-1.97009e+06
4090,43814.2,2.03213e+06
4091,554665,1.91999e+06
4092,-690953,1.39415e+06
4093,-1.48508e+06,1.33892e+06
4094,1.30235e+06,1.53086e+06
4095,847995,1.82372e+06
4096,784773,1.8769e+06
4097,-157738,2.00851e+06
4098,-1.70527e+06,1.09706e+06
4099,350771,-1.60072e+06
4100,-444816,2.00598e+06
4101,170576,2.00953e+06
4102,-168862,1.96865e+06
4103,-1.73823e+06,-547464
4104,1.98733e+06,-522620
4105,445458,1.86496e+06
4106,2.02714e+06,645607
4107,-933340,-2.01138e+06
4108,1.88449e+06,799719
4109,-675465,-1.68044e+06
4110,-1.05655e+06,-1.68258e+06
4111,-633980,-1.82093e+06
4112,-1.30047e+06,-1.4838e+06
4113,-267242,1.99867e+06
4114,1.93216e+06,414180
4115,2.14567e+06,-164665
4116,51611.1,-2.2663e+06
4117,-1.29647e+06,-1.30697e+06
4118,-1.07704e+06,1.613e+06
4119,1.97618e+06,1.20845e+06
4120,-28636.8,1.87085e+06
4121,-86675.8,2.0106e+06
4122,1.32023e+06,-1.61344e+06
4123,-77765.2,2.01675e+06
4124,487024,1.762e+06
4125,-1.67248e+06,-816419
4126,-2.05326e+06,462171
4127,1.01042e+06,1.78891e+06
4128,1.87715e+06,-405832
4129,-717704,-1.60151e+06
4130,1.91033e+06,714262
4131,747548,1.91227e+06
4132,292663,-1.99526e+06
4133,-793166,-1.79149e+06
4134,-1.27828e+06,-1.77618e+06
4135,1.80204e+06,836297
4136,12091,-2.05815e+06
4137,-1.7355e+06,-1.04374e+06
4138,1.84077e+06,-839751
4139,-1.04488e+06,-2.24719e+06
4140,113013,2.00475e+06
4141,1.27568e+06,1.4383e+06
4142,-856578,1.8987e+06
4143,-756183,-1.64165e+06
4144,-784624,1.82071e+06
4145,2.02787e+06,696031
4146,1.9473e+06,297329
4147,1.86101e+06,-215722
4148,-825964,1.79849e+06
4149,-1.43184e+06,-1.21374e+06
4150,-1.65669e+06,1.13456e+06
4151,-1.70517e+06,-1.08241e+06
4152,1.69194e+06,-456432
4153,-1.0846e+06,2.44856e+06
4154,1.59093e+06,-1.87076e+06
4155,-1.92752e+06,-384658
4156,552066,-1.85323e+06
4157,1.45754e+06,-1.49334e+06
4158,1.97696e+06,10613.4
4159,2.04329e+06,1.54379e+06
4160,1.66439e+06,-842173
4161,1.9612e+06,-41645.2
4162,350205,-2.00861e+06
4163,-2.16406e+06,-1.21533e+06
4164,-1.52875e+06,1.52097e+06
4165,2.17828e+06,351379
4166,-172566,-2.00429e+06
4167,953764,-1.06998e+06
4168,-2.00029e+06,-43905
4169,493252,-1.93375e+06
4170,-1.58215e+06,796368
4171,-781690,-1.91991e+06
4172,-2.36197e+06,2.1062e+06
4173,1.93479e+06,225543
4174,-935145,-1.97043e+06
4175,616562,-1.87311e+06
4176,1.76491e+06,-966508
4177,1.01121e+06,-1.23591e+06
4178,-845619,1.66722e+06
4179,-1.91836e+06,278067
4180,-1.9327e+06,457623
4181,1.1473e+06,1.70009e+06
4182,1.94058e+06,-569231
4183,440806,-1.92611e+06
4184,1.78843e+06,969814
4185,-946959,1.54391e+06
4186,-90648.7,-1.7309e+06
4187,1.78417e+06,865008
4188,-1.87986e+06,-831062
4189,-1.15973e+06,-1.51787e+06
4190,1.49692e+06,1.22462e+06
4191,-968600,1.7803e+06
4192,-1.99157e+06,-537494
4193,-1.04321e+06,1.68949e+06
4194,110041,-2.00195e+06
4195,521297,2.36911e+06
4196,-1.78401e+06,426592
4197,-1.88296e+06,-705854
4198,1.96238e+06,-429273
4199,-16870,-2.194e+06
4200,-1.23317e+06,-1.49772e+06
4201,-1.99441e+06,1.46627e+06
4202,1.38006e+06,1.78631e+06
4203,-1.85036e+06,-369768
4204,-1.1648e+06,1.66097e+06
4205,1.08895e+06,448205
4206,-1.22415e+06,-1.5288e+06
4207,1.09112e+06,1.39096e+06
4208,2.01512e+06,-259702
4209,-989531,-1.48512e+06
4210,-1.58078e+06,489588
4211,2.01349e+06,306091
4212,307659,2.00533e+06
4213,-1.86103e+06,79782.1
4214,-1.7635e+06,-1.00198e+06
4215,-969977,-1.63642e+06
4216,1.81021e+06,-909226
4217,-691586,1.86947e+06
4218,-1.69588e+06,-1.0143e+06
4219,-902694,-1.82475e+06
4220,1.36089e+06,1.46521e+06
4221,-1.0275e+06,-405725
4222,-620772,2.17282e+06
4223,1.31191e+06,-617807
4224,-1.91852e+06,532183
4225,1.16747e+06,-1.25585e+06
4226,1.79571e+06,-437417
4227,-1.81442e+06,-888825
4228,-71346.1,1.8911e+06
4229,-126448,1.99417e+06
4230,1.2553e+06,1.58048e+06
4231,1.10939e+06,-1.46779e+06
4232,-861966,-2.13422e+06
4233,1.85927e+06,-296207
4234,1.245e+06,-1.50289e+06
4235,-1.39247e+06,1.34794e+06
4236,-1.02661e+06,-1.74076e+06
4237,541164,-1.73369e+06
4238,-1.00991e+06,1.65251e+06
4239,-686817,-2.19899e+06
4240,1.81793e+06,-768950
4241,-1.42487e+06,-1.37882e+06
4242,1.87903e+06,-654110
4243,1.07351e+06,-1.48202e+06
4244,1.76422e+06,891832
4245,-1.9616e+06,59028.5
4246,226637,1.86624e+06
4247,1.80668e+06,1.46789e+06
4248,927307,1.31206e+06
4249,-1.45624e+06,-1.16126e+06
4250,-1.65029e+06,-575250
4251,454127,1.76016e+06
4252,-1.70407e+06,887670
4253,1.66293e+06,988520
4254,-1.939e+06,35669.4
4255,-139410,1.52937e+06
4256,-1.9735e+06,-245568
4257,-860676,1.79149e+06
4258,-1.67755e+06,-1.20856e+06
4259,-590686,1.86241e+06
4260,-1.82998e+06,681629
4261,446536,-1.95951e+06
4262,-1.60604e+06,1.0188e+06
4263,-1.925e+06,-288031
4264,-789724,1.80179e+06
4265,-1.85966e+06,655490
4266,-1.65777e+06,220673
4267,1.58361e+06,756820
4268,321042,1.9951e+06
4269,-2.16027e+06,-726433
4270,15022.8,-1.49608e+06
4271,339287,-1.96209e+06
4272,-1.24222e+06,-1.34852e+06
4273,-1.38861e+06,1.30328e+06
4274,-1.92212e+06,238684
4275,1.80109e+06,851865
4276,309610,2.50605e+06
4277,-730940,-1.86019e+06
4278,834582,1.78892e+06
4279,-990037,2.40914e+06
4280,96386.5,2.03148e+06
4281,1.85406e+06,126533
4282,-1.28513e+06,651245
4283,-1.695e+06,825530
4284,771977,-1.78788e+06
4285,-1.93306e+06,-15710
4286,-1.61368e+06,1.28484e+06
4287,-1.81035e+06,-773337
4288,-1.30107e+06,556381
4289,-1.37876e+06,1.37611e+06
4290,218227,-2.08489e+06
4291,-275348,2.08116e+06
4292,1.884e+06,-697260
4293,-1.3171e+06,-1.40052e+06
4294,575845,-1.95728e+06
4295,1.27449e+06,-1.71676e+06
4296,1.7455e+06,-1.04066e+06
4297,-1.53591e+06,-1.3023e+06
4298,1.75524e+06,141953
4299,-500757,1.26162e+06
4300,1.27077e+06,-502430
4301,1.81814e+06,-1.63422e+06
4302,1.85144e+06,107099
4303,1.11583e+06,-1.63011e+06
4304,732859,1.75279e+06
4305,-1.15523e+06,-1.32235e+06
4306,-1.86609e+06,-750608
4307,-1.08196e+06,1.65645e+06
4308,205736,2.42957e+06
4309,38394.7,2.03992e+06
4310,-93973.2,-1.87835e+06
4311,-1.29664e+06,1.47688e+06
4312,1.98939e+06,-91998.9
4313,2.41204e+06,-351259
4314,1.96087e+06,57951.4
4315,1.04488e+06,-1.61342e+06
4316,-546876,-1.45434e+06
4317,-1.28023e+06,-1.25595e+06
4318,-285344,1.72564e+06
4319,-1.91117e+06,10555.7
4320,1.65613e+06,-937194
4321,1.48084e+06,1.51376e+06
4322,-1.16551e+06,1.16358e+06
4323,-1.88074e+06,902916
4324,-1.91562e+06,-155911
4325,-1.462e+06,-1.39324e+06
4326,709296,1.79988e+06
4327,-1.36952e+06,1.45864e+06
4328,1.85619e+06,454572
4329,2.13234e+06,-252744
4330,-2.38469e+06,927226
4331,1.35025e+06,1.3271e+06
4332,2.22919e+06,685343
4333,-1.79998e+06,1.19711e+06
4334,1.66225e+06,-937274
4335,842956,1.52638e+06
4336,1.52445e+06,276271
4337,56276.4,1.89493e+06
4338,2.1512e+06,518887
4339,1.1756e+06,1.33755e+06
4340,-1.96438e+06,-241507
4341,-1.88585e+06,182615
4342,1.33509e+06,1.06e+06
4343,318954,1.45791e+06
4344,-1.46241e+06,-1.79772e+06
4345,2.25356e+06,-602663
4346,1.71359e+06,1.16209e+06
4347,2.16087e+06,-372690
4348,-2.05621e+06,1.07866e+06
4349,-326824,-1.88174e+06
4350,1.63302e+06,1.92622e+06
4351,803520,-1.55309e+06
4352,894753,1.68951e+06
4353,1.7345e+06,931927
4354,1.79804e+06,-435508
4355,-1.85122e+06,-333756
4356,-109613,1.70424e+06
4357,-1.54435e+06,-1.37506e+06
4358,-852645,1.71409e+06
4359,-1.54051e+06,76210.2
4360,629526,1.92539e+06
4361,-476932,1.85522e+06
4362,-689412,1.69749e+06
4363,1.14219e+06,1.60908e+06
4364,768932,-1.84418e+06
4365,-1.68714e+06,831999
4366,984423,1.47217e+06
4367,-1.51724e+06,-1.13441e+06
4368,-1.30911e+06,1.36039e+06
4369,-1.20936e+06,-1.68658e+06
4370,-1.89006e+06,714344
4371,-739197,-1.75864e+06
4372,2.19954e+06,-820761
4373,-1.76314e+06,-425704
4374,-2.33951e+06,-1.89084e+06
4375,1.90803e+06,-50227.1
4376,1.84927e+06,195786
4377,1.0376e+06,710397
4378,-665915,1.77879e+06
4379,-1.3503e+06,-1.43377e+06
4380,1.92137e+06,547817
4381,-479056,-2.00553e+06
4382,1.35075e+06,1.96293e+06
4383,-537735,-2.06167e+06
4384,-1.43218e+06,-1.32469e+06
4385,175168,2.07044e+06
4386,632373,1.85773e+06
4387,876223,-1.12112e+06
4388,-1.87742e+06,687135
4389,1.69291e+06,889834
4390,1.37455e+06,-1.20434e+06
4391,1.38374e+06,1.52655e+06
4392,1.603e+06,831214
4393,74441.3,-1.9289e+06
4394,1.7414e+06,-743995
4395,849198,-1.3737e+06
4396,-1.46329e+06,701500
4397,-1.65481e+06,-816747
4398,871934,1.69591e+06
4399,1.8903e+06,970661
4400,593809,1.86867e+06
4401,-594667,1.5862e+06
4402,-1.71386e+06,276288
4403,2.15429e+06,928444
4404,-816503,-1.87836e+06
4405,1.05043e+06,1.61215e+06
4406,-1.82775e+06,413773
4407,-118793,1.56777e+06
4408,1.36923e+06,-490497
4409,-946408,-1.69833e+06
4410,1.51652e+06,-1.29165e+06
4411,-377269,1.87245e+06
4412,-625863,1.63289e+06
4413,-1.13721e+06,-1.38931e+06
4414,614269,-1.7913e+06
4415,-1.01696e+06,-1.7182e+06
4416,1.75719e+06,1.0414e+06
4417,1.64076e+06,885264
4418,-1.81634e+06,311178
4419,-2.32908e+06,-126925
4420,1.3767e+06,1.42873e+06
4421,26359.5,1.33512e+06
4422,1.92902e+06,235499
4423,1.19037e+06,-1.43113e+06
4424,-782700,-1.65722e+06
4425,-608038,1.74287e+06
4426,-234620,-2.08078e+06
4427,1.12035e+06,1.45785e+06
4428,-967612,-1.81098e+06
4429,1.14992e+06,-1.59358e+06
4430,-120285,-1.80612e+06
4431,-2.04172e+06,158814
4432,876376,-2.19318e+06
4433,-1.70255e+06,399975
4434,1.1502e+06,-1.46524e+06
4435,-891218,1.62897e+06
4436,1.79454e+06,-60606.4
4437,942074,947891
4438,-1.84206e+06,449242
4439,536098,-1.84293e+06
4440,1.64345e+06,417975
4441,898650,1.61621e+06
4442,-1.29934e+06,874739
4443,1.61124e+06,987346
4444,1.16097e+06,-1.13424e+06
4445,-366944,2.06447e+06
4446,-967572,1.55484e+06
4447,1.80768e+06,19365.4
4448,-1.66431e+06,815052
4449,-1.54351e+06,1.02223e+06
4450,1.59333e+06,901288
4451,1.24925e+06,1.42219e+06
4452,1.61406e+06,-979870
4453,-2.07767e+06,-972959
4454,1.25944e+06,1.3837e+06
4455,-1.49108e+06,1.20184e+06
4456,-1.03011e+06,1.53529e+06
4457,1.7341e+06,881878
4458,-1.38986e+06,1.23688e+06
4459,-1.10434e+06,1.64391e+06
4460,-1.77773e+06,-715486
4461,-37113.1,-1.88815e+06
4462,-773801,1.73429e+06
4463,-1.47119e+06,1.19613e+06
4464,1.71112e+06,1.35163e+06
4465,200594,1.91467e+06
4466,252405,-1.84231e+06
4467,1.48957e+06,473635
4468,1.65153e+06,734272
4469,733400,2.3368e+06
4470,1.7911e+06,355212
4471,1.75661e+06,-714621
4472,-1.51222e+06,1.26845e+06
4473,898741,-1.03833e+06
4474,973755,1.66928e+06
4475,2.06451e+06,-703338
4476,-845511,1.67242e+06
4477,-416387,-1.61014e+06
4478,-2.31128e+06,1.22487e+06
4479,-1.78853e+06,-258806
4480,-62246.3,1.89694e+06
4481,-298819,1.8426e+06
4482,800580,1.72966e+06
4483,-818218,1.82703e+06
4484,-857673,562510
4485,1.88976e+06,-592092
4486,1.91877e+06,-363891
4487,1.43422e+06,-209581
4488,271288,-1.75004e+06
4489,-1.05198e+06,-1.56934e+06
4490,22366.7,1.91366e+06
4491,1.87376e+06,-398113
4492,-967590,-1.63094e+06
4493,-713510,-1.92462e+06
4494,209125,-1.87297e+06
4495,-1.94154e+06,461155
4496,-118077,1.88089e+06
4497,1.65371e+06,-849925
4498,1.56874e+06,24797.9
4499,1.74931e+06,545513
4500,1.25328e+06,-1.32366e+06
4501,-433092,1.81976e+06
4502,-444138,1.76743e+06
4503,1.26425e+06,-1.38202e+06
4504,-1.62641e+06,-874653
4505,-1.31052e+06,-1.43745e+06
4506,-1.88229e+06,-163819
4507,-1.61508e+06,929896
4508,-1.80998e+06,-240595
4509,-1.56968e+06,-1.03754e+06
4510,1.67735e+06,-825271
4511,-1.27319e+06,1.43837e+06
4512,-1.15591e+06,-1.47398e+06
4513,-1.39368e+06,1.02678e+06
4514,-265073,1.84978e+06
4515,-1.35633e+06,1.6541e+06
4516,1.73102e+06,1.29778e+06
4517,1.76518e+06,1.1645e+06
4518,-1.55711e+06,-356405
4519,148575,-1.83225e+06
4520,1.45772e+06,1.3144e+06
4521,1.71384e+06,-759357
4522,907283,-1.5718e+06
4523,-2.70246e+06,31605.9
4524,-763926,1.5232e+06
4525,1.40034e+06,892062
4526,1.70953e+06,-717647
4527,-1.2121e+06,1.25409e+06
4528,-695056,-1.74151e+06
4529,558596,-2.02856e+06
4530,28843.4,-1.85365e+06
4531,1.69301e+06,-632787
4532,1.49501e+06,-1.50617e+06
4533,-1.60335e+06,943892
4534,-1.5971e+06,981953
4535,-1.67498e+06,-764182
4536,246228,-1.68598e+06
4537,-1.47574e+06,1.10892e+06
4538,1.46608e+06,1.33906e+06
4539,-1.24546e+06,-1.36717e+06
4540,-689316,-1.78379e+06
4541,1.69494e+06,696462
4542,684964,-1.72415e+06
4543,-564730,-1.65155e+06
4544,-469771,1.68344e+06
4545,-1.85577e+06,5305.35
4546,-118814,-1.89409e+06
4547,-1.40099e+06,-188591
4548,-1.03072e+06,1.55776e+06
4549,-1.80428e+06,452359
4550,1.20336e+06,-1.28133e+06
4551,660718,1.67917e+06
4552,-593447,1.74062e+06
4553,1.45331e+06,1.03787e+06
4554,-1.49113e+06,1.07814e+06
4555,-1.53129e+06,-1.17734e+06
4556,-166569,1.6199e+06
4557,448502,1.78725e+06
4558,-108405,1.70527e+06
4559,-998457,1.53794e+06
4560,-507271,1.63382e+06
4561,-1.39013e+06,874606
4562,1.77643e+06,271741
4563,-810216,1.21822e+06
4564,-1.7845e+06,-300495
4565,2.026e+06,-162883
4566,-1.56425e+06,-978821
4567,-2.08953e+06,774012
4568,481700,1.91865e+06
4569,-1.85294e+06,61479.1
4570,-891332,1.68607e+06
4571,81205.2,1.8702e+06
4572,-640345,-2.0597e+06
4573,624804,-1.49e+06
4574,603311,-1.61659e+06
4575,512742,-1.74608e+06
4576,1.69927e+06,385068
4577,1.28775e+06,-195688
4578,-474786,-1.77147e+06
4579,487486,-1.57762e+06
4580,1.04704e+06,1.53977e+06
4581,975106,-1.42691e+06
4582,2.33345e+06,-116095
4583,-1.45847e+06,-1.08165e+06
4584,1.43086e+06,-1.96968e+06
4585,-1.0615e+06,1.67123e+06
4586,-637579,-1.68023e+06
4587,1.46924e+06,1.08692e+06
4588,-1.27517e+06,-1.20271e+06
4589,-1.75978e+06,1.70082e+06
4590,-1.39398e+06,1.10957e+06
4591,-921877,1.65764e+06
4592,-1.17244e+06,1.18996e+06
4593,1.60494e+06,-1.17308e+06
4594,-1.92074e+06,-545306
4595,1.51576e+06,1.11601e+06
4596,-674952,1.73918e+06
4597,1.3998e+06,-1.06205e+06
4598,775535,1.31312e+06
4599,1.78653e+06,306700
4600,-1.25568e+06,1.31906e+06
4601,-200352,-1.63073e+06
4602,1.52121e+06,-1.36121e+06
4603,-671303,-1.70951e+06
4604,-1.78611e+06,11489.2
4605,1.8152e+06,566203
4606,-1.02151e+06,-1.5901e+06
4607,818992,-1.47907e+06
4608,-97144.3,-1.32553e+06
4609,105851,-2.00531e+06
4610,-301876,-1.76999e+06
4611,579022,-2.03075e+06
4612,1.51881e+06,1.08628e+06
4613,169618,-1.67054e+06
4614,-560759,-1.37113e+06
4615,-1.46442e+06,-1.0246e+06
4616,1.38017e+06,-660278
4617,954313,-1.68173e+06
4618,-1.76563e+06,-69819.1
4619,1.82863e+06,-135227
4620,219506,-1.80346e+06
4621,1.08544e+06,1.50877e+06
4622,1.98891e+06,138773
4623,1.58448e+06,950820
4624,-600161,-1.9696e+06
4625,-981481,-1.69466e+06
4626,942603,-2.02192e+06
4627,-1.12153e+06,-19253.4
4628,-893779,1.24698e+06
4629,-1.38252e+06,921517
4630,1.8633e+06,253057
4631,-445146,1.74895e+06
4632,-1.60471e+06,1.4202e+06
4633,1.86891e+06,836815
4634,-142162,1.68391e+06
4635,1.12907e+06,-1.16684e+06
4636,1.20434e+06,-1.34482e+06
4637,-913143,-1.56711e+06
4638,-20931.9,2.00404e+06
4639,-653005,2.05896e+06
4640,-1.56011e+06,1.01151e+06
4641,1.65206e+06,784048
4642,-363780,-1.75467e+06
4643,644987,1.66395e+06
4644,-2.01229e+06,981112
4645,-507191,1.76878e+06
4646,-1.79317e+06,-362375
4647,1.81792e+06,-102497
4648,1.42332e+06,812394
4649,1.05509e+06,-1.28752e+06
4650,1.58418e+06,-516531
4651,-1.55217e+06,-862252
4652,1.2753e+06,1.33127e+06
4653,-1.21182e+06,1.26433e+06
4654,237817,-1.77931e+06
4655,1.31928e+06,-407724
4656,-775484,-1.64986e+06
4657,1.76706e+06,-1.34183e+06
4658,-1.26747e+06,-1.52432e+06
4659,198471,1.1654e+06
4660,-765056,1.89942e+06
4661,-668372,1.50218e+06
4662,-1.99328e+06,-632606
4663,-188086,1.68568e+06
4664,-1.61054e+06,-811596
4665,-866431,-1.65531e+06
4666,-765975,1.88933e+06
4667,-1.85279e+06,-285084
4668,-1.07006e+06,-1.14716e+06
4669,585367,1.64181e+06
4670,-1.92734e+06,-872408
4671,1.46695e+06,1.08509e+06
4672,-1.29938e+06,-921785
4673,994453,1.52561e+06
4674,-1.74701e+06,352948
4675,556653,-1.70014e+06
4676,-1.76929e+06,142763
4677,1.41839e+06,-1.00258e+06
4678,-1.3831e+06,-534955
4679,1.37258e+06,-71721.6
4680,-505560,1.78917e+06
4681,559336,-1.74514e+06
4682,863903,-1.65287e+06
4683,-2.10495e+06,773264
4684,-1.69654e+06,406431
4685,1.30602e+06,1.44574e+06
4686,-1.28639e+06,1.31675e+06
4687,-423019,1.8031e+06
4688,-177914,-1.75129e+06
4689,1.6012e+06,-606214
4690,1.5898e+06,1.17509e+06
4691,1.61272e+06,-23262.5
4692,-269012,1.81671e+06
4693,-389590,1.74475e+06
4694,1.81261e+06,-360138
4695,176625,-1.76642e+06
4696,-1.39883e+06,1.11729e+06
4697,-979934,1.45189e+06
4698,1.72814e+06,964583
4699,1.70138e+06,355925
4700,991489,-1.31504e+06
4701,240536,-1.82883e+06
4702,-1.77102e+06,-25930.5
4703,-431400,1.6704e+06
4704,269360,1.71368e+06
4705,557450,1.69119e+06
4706,-1.58881e+06,-230123
4707,1.14085e+06,-1.51465e+06
4708,2.72871e+06,-359690
4709,414951,-1.6096e+06
4710,693377,-1.65187e+06
4711,1.59196e+06,-545244
4712,-71688.1,1.81492e+06
4713,132025,-1.39239e+06
4714,-1.5628e+06,841657
4715,-1.09802e+06,1.28228e+06
4716,-1.18237e+06,1.40558e+06
4717,-550679,1.75389e+06
4718,-1.13886e+06,-1.17048e+06
4719,-255042,-1.57623e+06
4720,685154,1.01534e+06
4721,-1.57292e+06,-638119
4722,1.67815e+06,-700322
4723,-1.4946e+06,-635228
4724,930015,990693
4725,-2.13119e+06,252895
4726,273576,2.17546e+06
4727,1.9732e+06,-1.09478e+06
4728,1.94905e+06,1.36365e+06
4729,-1.32015e+06,-1.48531e+06
4730,-1.64933e+06,-647300
4731,-1.82421e+06,-62570.6
4732,620719,-1.65102e+06
4733,970060,1.3957e+06
4734,1.73828e+06,89826.9
4735,630574,1.6844e+06
4736,867059,-1.537e+06
4737,-1.88754e+06,785426
4738,-691250,1.68547e+06
4739,1.51007e+06,877134
4740,-2.35536e+06,236966
4741,-1.51459e+06,442542
4742,856014,-2.0026e+06
4743,-2.11565e+06,924109
4744,1.6435e+06,587994
4745,1.21576e+06,1.53541e+06
4746,-1.31503e+06,1.44685e+06
4747,1.35871e+06,-1.16601e+06
4748,-277084,1.57226e+06
4749,678269,1.52516e+06
4750,-217870,1.53119e+06
4751,1.04725e+06,-1.48546e+06
4752,-1.68556e+06,51419.7
4753,-1.19534e+06,1.41201e+06
4754,-1.54815e+06,898122
4755,-1.56838e+06,-556254
4756,-1.18759e+06,2.08016e+06
4757,164388,1.77983e+06
4758,-1.35308e+06,736358
4759,-1.12215e+06,-1.29776e+06
4760,-863025,-1.71563e+06
4761,-1.79982e+06,53835.9
4762,1.50985e+06,787433
4763,-2.04289e+06,522511
4764,1.81167e+06,-604935
4765,-1.50028e+06,-874052
4766,-1.8648e+06,-349372
4767,1.52464e+06,814392
4768,-93403.9,-1.63508e+06
4769,-320778,1.75562e+06
4770,821412,-1.61724e+06
4771,-1.8044e+06,-383885
4772,-1.48372e+06,-767829
4773,-345457,-1.61664e+06
4774,-959088,710907
4775,-1.84493e+06,-489941
4776,262891,-1.71345e+06
4777,-1.62285e+06,-756473
4778,1.56781e+06,709052
4779,813618,1.45163e+06
4780,-1.19807e+06,-1.45289e+06
4781,1.49931e+06,-1.70658e+06
4782,1.63518e+06,-634139
4783,-954431,-591663
4784,-1.03377e+06,-1.32372e+06
4785,1.45314e+06,-948989
4786,1.75587e+06,-154779
4787,-616687,-1.75435e+06
4788,951530,1.4362e+06
4789,-349066,-1.78327e+06
4790,1.1874e+06,-1.56569e+06
4791,-1.20395e+06,1.36941e+06
4792,-136882,2.00427e+06
4793,322782,1.73227e+06
4794,315499,1.73644e+06
4795,766638,1.47304e+06
4796,-11247,1.78679e+06
4797,-872006,-1.47131e+06
4798,-374350,1.7187e+06
4799,-1.0122e+06,1.13712e+06
4800,1.43522e+06,566673
4801,-1.77201e+06,507174
4802,-1.29065e+06,251610
4803,-416215,1.70722e+06
4804,-2.01212e+06,-323182
4805,-1.71595e+06,420893
4806,540088,-1.71513e+06
4807,-79944.9,1.80626e+06
4808,-124512,-1.87114e+06
4809,196377,1.78149e+06
4810,-1.40857e+06,-1.64029e+06
4811,732090,-1.63844e+06
4812,872326,2.35256e+06
4813,-1.73131e+06,-637746
4814,-1.84269e+06,845927
4815,1.12508e+06,1.27667e+06
4816,203175,1.82986e+06
4817,-645257,-1.64465e+06
4818,-894981,-1.95436e+06
4819,1.48954e+06,-1.09757e+06
4820,1.77596e+06,-633514
4821,233364,-1.88425e+06
4822,1.58509e+06,-808578
4823,-1.21451e+06,1.28696e+06
4824,-44081.8,1.80984e+06
4825,-69312.6,1.97536e+06
4826,-765586,1.10419e+06
4827,1.76722e+06,-110263
4828,2.14462e+06,240869
4829,-43901,-1.76781e+06
4830,-2.87679e+06,648235
4831,1.0319e+06,-1.3745e+06
4832,-163905,-1.68428e+06
4833,-1.50092e+06,885476
4834,-1.78493e+06,-435288
4835,1.48745e+06,1.75107e+06
4836,1.30829e+06,1.62652e+06
4837,-1.2953e+06,579815
4838,120656,-1.74533e+06
4839,919260,1.98899e+06
4840,887963,-1.58165e+06
4841,1.22798e+06,-963205
4842,1.11958e+06,38818.2
4843,1.67688e+06,920373
4844,517756,-1.72636e+06
4845,-768477,-1.59154e+06
4846,-1.51683e+06,-675963
4847,-1.25145e+06,1.37914e+06
4848,1.53897e+06,-1.0621e+06
4849,564681,1.57045e+06
4850,-1.44918e+06,-984059
4851,2.06521e+06,-548438
4852,-1.23194e+06,-671079
4853,-1.57855e+06,-827993
4854,-207874,-1.83576e+06
4855,-1.0286e+06,-1.49809e+06
4856,1.95614e+06,-687736
4857,1.48406e+06,-809694
4858,-664628,-1.62873e+06
4859,-1.39394e+06,1.2104e+06
4860,1.32699e+06,-1.10697e+06
4861,1.66688e+06,-621519
4862,-1.36591e+06,736938
4863,1.20467e+06,-1.38519e+06
4864,-1.08164e+06,490067
4865,-471326,1.71247e+06
4866,360036,2.32087e+06
4867,-1.65344e+06,539071
4868,1.40895e+06,1.89435e+06
4869,-1.63109e+06,-603594
4870,219202,2.66704e+06
4871,947341,1.21481e+06
4872,1.10741e+06,551454
4873,-1.12218e+06,-61479.4
4874,555429,-1.66303e+06
4875,1.41202e+06,1.0635e+06
4876,-1.56501e+06,-1.62035e+06
4877,1.31692e+06,-373581
4878,1.66041e+06,-1.40866e+06
4879,-567663,-1.32816e+06
4880,589251,1.69815e+06
4881,429507,2.17817e+06
4882,1.29584e+06,1.11454e+06
4883,-625936,1.97023e+06
4884,972669,1.40933e+06
4885,1.40978e+06,-1.02396e+06
4886,801677,-1.65185e+06
4887,1.51504e+06,893240
4888,1.29768e+06,-1.16929e+06
4889,-1.40306e+06,-1.54226e+06
4890,-1.57888e+06,-1.33787e+06
4891,-638293,1.66247e+06
4892,970225,1.43554e+06
4893,1.7382e+06,279577
4894,69125.3,1.42136e+06
4895,-1.40962e+06,-1.02518e+06
4896,-769826,-1.59766e+06
4897,457856,-1.9114e+06
4898,-689972,1.63866e+06
4899,-1.48087e+06,951246
4900,1.33506e+06,-928508
4901,-1.53668e+06,836246
4902,1.69137e+06,278391
4903,1.75401e+06,-230368
4904,-1.1169e+06,-598356
4905,-449250,-1.71268e+06
4906,-1.73884e+06,413577
4907,221400,-1.7211e+06
4908,-1.68194e+06,562826
4909,1.5575e+06,-762501
4910,-1.52527e+06,-825540
4911,877762,1.70358e+06
4912,1.6126e+06,768696
4913,1.68721e+06,625229
4914,1.73141e+06,-274939
4915,-1.31951e+06,-1.36327e+06
4916,1.97218e+06,-1.26513e+06
4917,-1.35003e+06,1.30066e+06
4918,-2.03171e+06,121827
4919,-1.77876e+06,-2.21401e+06
4920,1.54577e+06,871670
4921,439583,1.19016e+06
4922,-1.08539e+06,-1.41456e+06
4923,1.71601e+06,-63006
4924,1.10616e+06,-1.48285e+06
4925,-499173,1.74914e+06
4926,1.31992e+06,1.37198e+06
4927,-143868,-1.70528e+06
4928,1.08924e+06,-1.34214e+06
4929,717023,1.47265e+06
4930,1.81226e+06,-474846
4931,1.74504e+06,103059
4932,1.95891e+06,-94177
4933,1.45422e+06,1.2876e+06
4934,1.13204e+06,1.01411e+06
4935,639774,-1.10869e+06
4936,1.62943e+06,607336
4937,-876838,1.50489e+06
4938,-1.78041e+06,500826
4939,-1.71978e+06,296077
4940,229071,-1.69834e+06
4941,1.51101e+06,-454147
4942,-503700,-1.44495e+06
4943,-959442,1.53377e+06
4944,1.69019e+06,461159
4945,1.15955e+06,-19849.7
4946,834467,848501
4947,-542061,1.70917e+06
4948,-356401,-1.83816e+06
4949,-56632.7,-1.89333e+06
4950,831111,1.57952e+06
4951,739713,1.6333e+06
4952,-2.05709e+06,-589427
4953,-1.33633e+06,-1.83677e+06
4954,-1.10221e+06,-1.3123e+06
4955,-1.43949e+06,1.06619e+06
4956,-673654,1.64232e+06
4957,1.40555e+06,1.0019e+06
4958,-343526,1.74635e+06
4959,1.29385e+06,-1.15647e+06
4960,1.59645e+06,-1.00026e+06
4961,-445970,1.86286e+06
4962,-1.63142e+06,566920
4963,-1.80306e+06,-790632
4964,1.16463e+06,1.44516e+06
4965,-958782,1.22034e+06
4966,1.83206e+06,-443643
4967,-1.2384e+06,-722887
4968,-126969,1.7991e+06
4969,1.18127e+06,1.28821e+06
4970,-1.04705e+06,-1.46755e+06
4971,1.624e+06,818541
4972,493123,1.30668e+06
4973,1.67353e+06,515881
4974,317805,-1.7098e+06
4975,859037,-1.52887e+06
4976,-445792,-1.69087e+06
4977,-1.18769e+06,-1.25911e+06
4978,1.77502e+06,523121
4979,1.21295e+06,1.66983e+06
4980,2.20794e+06,-214262
4981,603255,-1.61088e+06
4982,-1.46765e+06,981589
4983,545562,1.65409e+06
4984,-1.4822e+06,-843046
4985,-200323,-1.73153e+06
4986,-1.71362e+06,-540869
4987,-1.7156e+06,48231.7
4988,-1.53751e+06,-736179
4989,2.64839e+06,604988
4990,-1.07016e+06,1.40574e+06
4991,998391,-1.45211e+06
4992,1.5973e+06,492952
4993,-1.43429e+06,-902931
4994,155323,-1.70166e+06
4995,-63346.8,1.73139e+06
4996,-1.72323e+06,235907
4997,383839,1.8158e+06
4998,-1.70444e+06,357753
4999,-1.00639e+06,1.40827e+06
